session_id,profile_deviation_score,iforest_anomaly_score
42893367-b36,0.8334145263122498,0.04386534969143918
d6d74065-fc4,1.3381915973481573,-0.07763393993986967
02bb99d8-d5c,0.9995896892427896,-0.07702492911260062
79224d22-83d,1.7287370608473287,-0.07178230048711964
66debb76-9eb,0.9691001356388323,-0.05775028374360902
c9c96c8d-47d,1.2982143336378997,-0.08148140633138767
215958f0-6d7,1.1452640075409857,0.03866156865747272
6c6144b4-6c2,1.2274570739136526,-0.03718510923059676
848867cd-7be,1.1859945707734978,-0.0932250613651247
6c6fdb0e-8d2,1.0118297712530477,-0.04500522116871891
4582633f-a93,1.2808008591887816,-0.08684559982237283
71de1c14-d89,1.705969766675004,-0.006289457949317179
e9b51900-fe1,1.1201688287057827,0.007774018371677016
db545706-ad3,0.9411858645249349,-0.07569878505277244
269a0ab0-6be,1.4074250998561042,-0.0783384998958947
49f2799f-ca8,1.004902062801094,-0.04856310854931106
e199632f-a87,1.0147643715728223,-0.097486237759418
a2df5e12-7c5,1.1292315027424857,-0.09388567268772474
3ee40a26-762,1.1944071655154147,-0.0026846144659813387
ad9d6293-3ab,1.5241804894092401,-0.08809473069019774
d7904c69-f7f,1.4500313522740362,-0.0535625050367155
d000ac72-0bf,1.0395230855290343,-0.011773094122321137
a842d4f6-687,2.7101456475503776,0.01639832070869318
08421000-cb2,1.625167373378119,-0.06010584525806262
ec01d596-5b4,1.2076950265209452,-0.08043212893722218
0a6f53b1-039,1.0135402698723541,-0.01113825228976778
e4f151e1-615,1.4411620453123417,-0.08300484888648796
b7577c9b-4ae,1.0602042814547805,-0.08672120647175635
ca7e036a-fde,1.2202796179530562,-0.040055753994269194
1ce595f8-a2d,1.6233730815362555,0.0036420852922689484
5417ce93-f59,1.599587426277759,-0.07919824763715044
9e127551-58f,1.557909358499578,-0.0708505434018013
9d18ed89-262,0.9495333331623996,-0.0038619963140544278
e3f6ebdc-c8b,1.11575369274779,-0.09384650982811932
7653611c-f26,1.473620805330059,-0.009156361271425162
f78ba8a8-633,1.4020318080166,-0.009450433077809073
0cfcd8c8-9d8,0.9896899561002163,-0.0738250348961571
4815bc0f-573,1.794743489027216,-0.02939676608623132
c9addd80-8df,1.4822735661873505,-0.06660474446602438
0843722d-9f4,1.0951173474691511,-0.07278865960687164
1e71560b-9e9,1.0758634953312254,-0.09195983235941824
41a4850c-f69,1.3625830540230108,-0.06372133033342509
4b68d739-a00,0.9990712917498702,-0.07603538993975562
83cc289e-af3,1.0260204264100248,-0.06771661006873492
8aeb846d-49b,2.0395836119033963,0.08561549752766862
2cd8e952-df4,1.2928482903056104,-0.0368241370395469
8aa5b874-945,1.4244449056847288,-0.040940681323086814
e4c11d16-cf5,1.3278948196798936,-0.0691610633270372
3846009d-bab,1.3163777405223498,-0.08972095386168177
11cd5ef6-3a1,1.6888500557680044,-0.05772138056379539
aec9b6c1-7fe,1.4912996546320567,-0.08139230517074814
71bf237f-b4d,1.6745565587731615,-0.04983319831803029
10fd4548-750,1.7856791240642822,-0.06534367213387965
a9abbc43-8de,1.5257216516924361,-0.05544779076736117
d2cf6686-d77,1.0548178798095849,-0.0666368835432708
898fd3cf-1d3,1.2616188852335521,-0.08536057607353831
9c830bb4-533,1.0095359851920018,-0.06860937327722111
3a316ab4-9d6,2.2895425129039335,-0.050050765400226405
63ed2b37-9e5,1.4653886262178122,-0.05752973184163296
5ecaf7a3-10f,2.4031168398360787,0.012638679727132729
ee32c14c-f72,2.1362536880574967,0.0018020682905393048
583e3365-786,1.1587189858787865,-0.06841007851727965
fce99dcb-ff1,1.6155206977928063,-0.025163739709045396
7c1f6dcb-fcc,1.262393450705147,-0.08187329246753994
d88d5779-a8d,1.5478841533423182,0.007199421039528309
4d1de8ac-7dd,2.1497480829470046,-0.04394903969072078
67b8e9f8-f9b,1.1678787293980661,-0.06631801273494414
e1b80675-4a5,1.1208148448647017,-0.07276383891381494
89538584-14b,1.9864072252306433,-0.07103118633528077
7ca7500f-34c,1.4655417379257596,-0.04626296472545699
f1260d9c-26a,1.0455527792773331,-0.07430173508091548
290ece1a-7ef,1.8644656178406431,-0.04727392648998624
311a01ea-e7a,1.0717297270855575,-0.06683592579062397
87e7f2b5-f2d,1.3147904819661238,-0.08152269608010526
84db20fa-d64,1.199492241276221,-0.041958674551858643
cbe366ed-7c5,1.194886264395535,-0.04127431601058379
7c9ac99e-038,1.1433776089238268,-0.012824486749420216
51b2a679-40c,1.8537411834740816,-0.06931451201490185
27ac53dc-f23,1.6451349150044678,-0.009579329287223382
0526d3ee-7c4,1.2931981797038676,0.0011360049049876642
c6ac9ae5-b88,1.2090634605658295,-0.03670990387855655
6ac28d4b-a22,1.6334262667693253,-0.07967689896930019
b7802083-0e5,1.660730206072184,-0.0621708486205137
2f35622f-f24,1.1583910344218786,-0.058745098228840054
137e05c4-e91,1.322785613716247,-0.046554613319143956
9ac34c1e-84d,1.3171280388338087,-0.01057447216415075
7aa5b9b2-0ae,2.930309716587933,0.04630225188821213
25453282-105,1.557313964151369,-0.08234558951928522
6dff3a5c-b5c,1.723916735858655,-0.04305592961574206
858b4215-7f0,2.0591341987618055,0.012559483371246905
32fffad5-967,1.6889583350022925,-0.03189903136381833
1a0d0489-a21,1.64707804416287,-0.06536741346547292
4e4aef33-d72,1.33210423481379,-0.0007245613007685336
0aed7f58-492,1.252790033969517,-0.06199188685251755
6dd919de-fe1,1.6424052739341248,-0.06630256927701494
a3af0629-49c,1.2064362600704601,-0.07071985982620516
d40fa2c4-2bf,1.5744476504061866,-0.08135098732073803
5c4d232d-274,1.8786286722582781,-0.07327316521178917
df17e2f3-44f,1.176905144378227,-0.06603588030643459
07794f7f-5ad,1.1635060969571214,-0.07806798582608532
0503331f-fb9,1.146678199423071,-0.017761516749160655
8985aff2-fda,1.4058725044845453,-0.059662433068797205
cc72d4f2-453,1.654117960087261,0.012975145312133729
258dc6a9-614,1.53929347080128,-0.06292514610230959
14b893bc-c56,2.1970545668380908,-0.008826067677485838
239aecb0-0df,2.210013895072952,0.025127519267769904
7f0f32d0-7fa,1.5431161921865557,-0.06812420760966875
e5b1c6b3-226,1.731351161451948,-0.009667892808875034
56f1acb1-e7a,1.6399766307922703,-0.04818317288623952
5cecd2de-ce7,1.5347089262630398,-0.07731969563040447
cc632f7f-192,1.3448078481942558,-0.05546334828682531
548ebedd-86c,1.6785252234195638,-0.04551293979774812
21bd1c55-e73,1.8712360510162518,-0.014251809847071362
2f98eacb-7af,1.9015457835066165,-0.0720506902469707
ba26aeb4-8c0,2.4061061219285094,-0.03460898512708077
409b7919-35b,4.306852214930578,0.07945648573300146
afc6965d-7d1,1.9041448692439404,0.020865320947756505
cd7fe6bd-95c,1.4079565544912511,-0.004447271151313714
47968c77-408,3.2719127193262203,0.07812195641562214
809d1d32-ca0,1.5131552513630173,-0.02943594300270902
f4c5c1f2-163,1.7440691737917002,-0.03759363773452984
0e4a36ca-cd7,1.5965545355208834,0.024002980927667172
8a0520e7-753,1.5957586090712435,-0.04578513975602261
a7d4ac04-c60,1.666728812004494,-0.016030814318206188
390caa93-c49,1.7224449891159692,-0.04500111331559592
7ed97cb2-977,1.3503306908929222,0.012280090534788513
d377798e-8a5,1.5317029233905863,-0.027807310406335384
81c575b4-c38,1.626159821733366,-0.008736828750317949
796fcbb8-45b,2.7618685162513095,0.12709176644351683
7b714363-4f3,1.6543005055036124,-0.04495416630506788
e31f1373-1eb,1.6661792272405336,-0.021122949046512796
e04b3ca8-8dc,1.4570564821210443,-0.04886845837966386
cf922b76-7de,1.9203741019208356,-0.02704554348673327
94ca7fb5-274,1.3521757432719812,-0.024091630011512433
ba5a428b-f66,1.9993781005897953,-0.01980704602325184
debdbfcd-ec4,1.681454271643319,0.00082389734171473
9198d480-000,1.7670905627141518,-0.04938451893449303
0a4fc88d-5a5,1.3406251706161572,0.008942944696098576
258ca4b0-3fb,1.5614065975092728,-0.03138188572547501
3b5404c7-49f,1.3770187241967742,-0.03221048159541573
9946fa47-1ac,1.6522176606593597,-0.007168368330787156
755d36c2-f61,6.516759025889531,0.11430235934151556
43a5744e-771,3.4228844143577795,0.0705778962514132
5205e88c-9dd,1.2600486776208994,-0.039464576254667205
06cceb03-caa,2.1556708209017197,-0.026298513228745213
06e011dc-c2e,1.35611500838628,-0.037126509795179286
75ab3f44-d5e,1.8787611030440001,-0.026106366545819604
649dbe8d-efb,9.910006664923483,0.10601185187959972
f0d8feb7-ef7,1.8728925967918415,0.021143063738068513
0bb59904-d43,1.8496964601881034,0.020296438028773123
86a55e14-fcf,1.9170655578748186,-0.015102813257066805
de3d399a-ee0,1.7427439179476396,-0.039748425117305586
a16bfbe0-b72,1.5482731240663168,-0.006474160377351101
bd10920b-a2c,1.5885874820372883,-0.033802066360367256
99d1f07d-1c7,1.4939348053775225,-0.023483812433421625
1d99d2af-16c,2.4953868705115982,0.0035081592524653926
b91bbcf9-50a,1.3243846473118985,-0.04549303525678855
a92b8321-b21,1.4494111775327396,-0.02963969672589578
84685392-7fd,1.6791395740467414,0.0022268139563639266
a06d257c-d73,1.9443107558569739,0.003360590322512347
3a00bd55-fe5,1.7469580401931757,-0.04517545525135125
8747ee4f-382,1.5499723036785293,-0.023615044048654776
f06f8e30-734,1.765412132968717,0.007046392794167744
dcd98a6c-df9,1.8210170781147048,-0.02565431757363501
97c5787d-42b,1.782405515108549,-0.04404315250602442
69114843-191,1.6164945960628154,-0.03966026608644585
e41a3022-3fe,1.5787070221120505,-0.013339183397381715
fac191e4-4c6,1.7040773218053042,-0.02330479204252428
d4b623b0-43a,1.4211472054376617,-0.0292034729925692
d9043a49-f18,2.856415013459028,0.031035038871416454
2eb88212-569,5.393210650628365,0.11404882751916245
95a51823-130,1.7020815115538963,-0.017712658049577723
9cced726-869,1.4526756074169935,-0.05748576836020575
5c2ba5a2-43d,1.7702789506778795,-0.01580598501801095
3d59b1f5-e48,1.8092645769632965,0.0027660014021120283
f81f9c8d-e11,1.4043937358454455,-0.0584621239494838
abd0d937-f4f,1.869617274601723,0.11879730151147938
421bf58c-1af,1.3768580320222388,-0.05910293259044852
e3087b7a-49d,1.5853859719631656,0.1027560688978022
aa691d10-815,1.9320755882763718,0.0037119998549287603
d4abb10e-a9d,1.7849145673062727,0.1073840955334825
913738a8-e19,1.6573826404402607,-0.040325148872792704
3e2fb949-349,2.345990426772387,0.02169984378536083
d61e4e72-57e,1.4402206188340654,-0.029144416938466533
dae2af7d-8d8,1.6415931481344386,-0.03386959987138005
dd331790-0f0,1.7103340718238202,0.01421425494679629
0fd6efe2-f57,1.3839203540133371,-0.042234796349402026
ecceb3ce-288,1.957592251957657,0.0006835557726482255
fd4d988b-925,1.3969359190013246,-0.034260772216499424
9873ad4d-88a,1.429796047026134,0.11879730151147938
85143d91-1b0,1.768853554307952,0.11471049236944564
0f6b3c4a-b3c,1.573467193522338,-0.0338612908120014
f375ba66-68e,2.1744808409874987,-0.06424884259310293
7d7a6478-6c6,1.7103239863205584,0.11450257518647455
163c68a5-eb2,1.583800587788105,-0.03884677887091581
f00a2743-439,1.597568674383204,0.11450257518647455
f9d92161-1b4,1.9198759311033509,0.10154770427635562
78f94eb6-b64,1.728927872579713,-0.03865550404575269
a763caa2-780,1.7416069360388595,-0.032869952478255304
9cfa34b4-d39,1.5285503375245897,0.025484921642198066
aefd624e-aac,1.5859490870522082,-0.04173872945618773
656928cf-a69,1.515235891785399,-0.06569394173522525
75f6f959-aae,1.3704820529118655,0.025640841774974943
b980dae0-daf,1.4204700554778138,-0.00841711369438386
6a6ef9d9-b81,1.3795647980475463,-0.04310869253211247
bc6308a0-3e2,1.8888713176858314,-0.06001335120237705
1ed3f454-05f,1.3937516798320586,-0.02299383539564792
6fe0e251-515,1.9285030807961316,0.0777593506905746
b579d457-beb,1.556264464477398,-0.026823303130247333
e49bb851-758,1.4797026605221422,-0.04402199863620282
b072e041-e7f,1.56423518542568,-0.05339310392880492
eaa035cf-706,1.5639716915468758,-0.021527246962054603
b1703719-51d,1.5318426257938986,-0.050221083095762675
9af59a76-879,1.904801770959661,-0.005096887717709997
1dd5b2d8-227,2.311906854303425,-0.02493708702822589
811d29d2-075,1.4966789852004017,-0.030967965234546646
6fa12ab5-185,1.6313827872089999,-0.0262323054905797
21aea6fa-6a3,1.451766769808752,-0.043174346690034004
6ed592d6-e69,1.5509403085973081,-0.01888179588137584
2ac58e80-b08,1.7839426673359273,-0.03305571786372935
b4113298-de8,1.3102050270123828,-0.05916328877312427
787fba24-7ac,4.423204772347513,0.06577057975684664
ce6050d4-598,1.5224559918020035,0.1116262542747758
4e82405a-67a,1.856090358519489,0.06947670166653253
0ae49a07-83d,1.7837882685548712,-0.037984523732331354
a29e7431-db1,1.8286705198972264,0.020258607777266624
c9253669-54f,1.6703168817542022,-0.03420487834598923
d19eb40c-b69,1.4648868631306344,-0.012738730259664377
2c89514e-9c8,1.8534753174535241,0.0040543690877097305
df4934fa-977,2.038655726465917,-0.006427448813335679
e1194512-fb7,1.8531983104333465,0.07436133041966997
6d492cc1-7ba,1.31778810295151,-0.048229265729029025
8e181d54-c9e,2.2589966351005106,0.017009882606225046
89e6988c-af3,1.4576242318555264,-0.07598095758269496
f96552ed-139,1.4245763313690103,-0.04124401717805409
71a48c6b-aae,1.7262852622861662,0.0627802097982002
77e72703-9a3,1.5727787683029208,-0.022663047501400746
ce7f56a5-eb6,1.6300397218083402,-0.07326419129887174
ecd00e5f-e30,1.694006044103495,0.012352892907688928
165f6ce1-da9,2.669530787778313,0.1117806284193924
1e5edb33-aff,2.5282258753166467,0.01892283212145518
07d9c991-41f,1.1873760616859805,-0.07017794351738665
9ca936c1-fc0,1.9208801091868677,0.09786636288983042
a54161e7-8c1,1.460560997400674,-0.01728710141689971
37087d5f-019,1.9220467370542869,-0.0037901405789191878
845f5ca2-4f4,1.7371016699334414,0.06404634076942972
41575d86-5b0,1.6854159378620577,0.09328214946304247
eb5fbfac-477,1.7737378573597602,-0.024873744989459212
86f74c9b-546,1.3185513161395943,0.10366293239359414
f632ca21-a21,1.5380522252130344,-0.0006321167425873964
3d873900-8bd,2.173027606734194,0.01400886944884494
0cad214c-42c,1.2696520228085109,0.005267406595930946
4606b59b-8f6,1.4126196880881816,-0.05298778734051629
21f31ac9-9ff,1.699880632472157,-0.07680529894204763
0c160e8e-c66,1.428920269546323,-0.033389663750807375
09ef1d71-b12,1.8400440171320955,-0.006426925506295533
30f01998-a14,1.465730225620476,0.09313663924109439
7b4b381d-94a,1.6512371921627378,0.05068446615451716
18aefa05-af4,2.5040479828667097,0.10614460831928563
3006e773-9bf,1.3393537462930052,-0.019109352979866157
0664c371-43f,1.3532859218225073,-0.04415984311790533
a23a6c37-9c5,2.562044625108552,-0.02068109077907615
f73f2991-613,1.3656868405537974,0.08976874622551945
6d76c608-ea6,2.147886270434796,-0.035009570137737145
8955cb8c-ce5,1.6186422478960676,-0.04796906164700243
c393eb8a-7dc,1.259718281749035,-0.0070001204739903455
91b4f685-531,5.9033310930078855,0.06298540804879338
cfbcc98d-777,1.3096903214969238,0.1000480240969982
2427a49d-885,1.4730661447011828,0.0809559772692956
2f310a63-616,1.6361412546869771,-0.01565554315940826
f872b1af-f05,1.5121657862753484,-0.049063137877212615
fbd285c1-7d3,1.744028858972952,0.0659383025801401
fbbae14a-337,1.747154676077221,-0.04890131220631316
e37822e9-f4e,1.2849873846444495,-0.04857962639927821
5b038314-361,1.4837770316193366,-0.040128245066577695
509ff49e-0a5,1.7785930735535405,-0.05172362848015977
aabd216a-4cb,5.890054231183033,0.05509763762509601
d7c8a9b1-743,5.324012159286015,0.08668625290536369
6dfcb7ea-e3a,0.8679274691126646,0.02562359344458509
7bd7a7a3-d96,1.4245790493889408,-0.08417574268855416
768f6fd1-3b1,1.841115794671732,-0.008734982143408843
7be3c1c5-97d,1.677128499737489,0.05917387212190062
11ed9e0f-04c,1.1839085656591442,0.05452918322186906
9ebfa42f-51e,1.7427932863304716,-0.044460017551456676
92761d7f-a5c,2.2639936338609647,0.09742695382730648
609e5234-1c7,1.8348658609568451,-0.006615496212775074
8372d66a-85e,1.9006475870437853,0.0008701068547545265
3ec5c2dc-5a1,5.667813471279098,0.07824713631665547
9dc6bc51-bcf,2.2152659350384827,0.08537407279203924
a7330f95-59b,1.4701720768000315,0.00373315699221477
c70f539c-136,1.110173611370651,0.050888526329096795
ffd1548b-2fa,1.4146747314646386,-0.05411912446792444
eabe58de-560,1.686386234197323,-0.050790327134564606
34e91411-fab,1.178039830574245,-0.08252424224340171
2ff89e1e-2f5,1.5417125421981865,-0.019629178042892326
cc76892f-013,0.6628563382545554,0.032518352641001336
4fe49331-ead,1.330699430478306,0.06434593636840835
2a253be0-722,2.2640556722174034,-0.01424679033819276
3b791123-669,0.6352204244283091,0.08567420644452595
4558da42-01b,0.9095612425709231,0.07319120123113665
5c4f6dcd-5b1,1.5867700160592864,0.0838675416077076
289e2d78-c7a,1.4836294016829576,-0.058906936987919045
95ca0a1b-09c,1.3302490006568035,0.10561933782715027
ccc08d91-a5a,0.30744149379839586,0.0468851677668336
43d1ce2f-fb3,0.5436378497266351,0.03299179423091969
b9827a39-d68,1.2025349952842426,0.08755798032104833
98147aad-dad,0.7386594964342656,0.025090291904247497
9fccd6c1-7fa,1.2651675734738892,-0.014910115724122763
2db81398-d30,1.54928866314631,-0.06732359553119249
1c706eb5-d51,1.416740690512789,-0.02086379612583822
1848027d-f68,1.6674567636588296,-0.0467372697367216
3fdbc6a6-254,1.211088338710686,-0.05853536197988729
62889454-dfe,1.8376594668695816,-0.06963752030843318
305b5d6c-ed7,1.3200085669573398,-0.014445318814921393
8200e452-518,1.2143551666113916,0.08394812755997294
ebcff7d4-609,0.2034873903784394,0.029108582277319717
11e27ea2-a0f,0.18155725481565135,0.03304405990801218
fd1227c0-8e5,1.1824078926779429,-0.06982208400679235
fd932c01-d91,0.465727154761993,0.06254336080732681
58d19adb-c8f,0.35885005452127977,0.03440335589193122
46d30da7-d53,1.6667258381852428,0.07117667424836183
d7fbed3a-777,0.8082401369353464,0.046042306843831704
dc50183f-159,1.5672482332582305,-0.046639713038036934
dfb41ea4-1f8,1.2107228996732204,-0.07336749470886533
05a69629-71e,1.4785043749480637,0.009219409373639742
5fa0a94b-dca,2.3987016427756123,-0.04226473396362895
5e662b44-bdf,1.0845406068903374,-0.05115191788075224
31090f28-72e,0.6830738615952525,0.05609768920996672
3d4ced1e-daf,1.3630295716968361,-0.0697023523008638
008a18c2-f75,1.4801833505190036,-0.05867831157822562
dbbe760e-47b,1.3260464123649938,-0.042736786236681146
4995cc47-ad2,1.3088209254118157,-0.06310574731226576
114fe9a7-0b2,0.7898365045585005,0.03744038782813186
5b3e5a1d-d9b,1.2609770306544819,0.10053181578111114
9eb8df9c-63e,0.5797671356907299,0.040190542702882914
111f0290-b18,0.5003544004170903,0.028672099208860602
75e3f516-6d3,1.1934373943036143,0.07407931819822489
c950ff17-9e9,0.2561787579569402,0.028532692658762127
74facf19-d86,1.1902319758210809,-0.07507284961307953
66fc8477-752,1.507314805010468,-0.03899643898354971
888b47cb-360,0.9314567542844434,0.04698450629587736
87220d6a-9fc,1.8339148182200415,0.012050661591988865
2f4ebbab-500,1.7053468786455162,-0.06593574761773735
f90d5f06-59d,1.502033207284354,0.06288652092142921
74fe9a1f-942,1.7540559595739473,-0.031057587687966126
76a3b97d-903,1.0990821042351573,0.03380922263554209
0688c791-01c,1.0779438074146643,0.08595697536598856
d8c33184-eaf,1.9366594741957734,-0.06732873686920271
82db27fd-eb4,0.8261522445681929,0.037818791975803956
41999eb9-0ad,1.2219596668647927,0.05510150052731999
0c5c52cf-3a6,1.158624002328524,0.029096489734001585
1fa8f93d-17d,1.093797276236393,-0.02464086956076289
db029128-cfa,0.8659631529350041,0.024068040649141587
204e9a39-a0e,1.5951123615128233,0.05248231917104362
70fcf341-873,1.11333934987701,-0.022174622361938845
505438b5-06e,1.0376302460432372,-0.0616293197845692
78b1192b-a5a,1.2043031075026709,-0.09023395776401893
43d3e90a-3bf,1.4195678302510655,0.043969588383362956
b14ec7db-b33,0.7128004360017124,0.04206080301044479
2f5c7a7f-b46,1.6185817854490612,0.04835866723272353
f5ae5f70-1e2,1.6305267018401555,-0.00751954561874385
a9f7f0a4-7be,1.6110521549438361,-0.06673887040780446
7fa813ee-edf,1.5964827127399892,0.031419232483988924
5774f37d-59b,1.518150277882527,-0.07099282407879698
bad961be-4a0,1.3352420326855248,0.07639961369392567
fa3bb006-92e,1.461201541896297,-0.020328595046121445
fb9d0af6-4fa,1.204078948035891,-0.02082902071918069
acda7232-118,0.8988314272773567,0.06996019717733837
8a6984af-798,0.7498888735083604,0.022720107590431526
383f2025-c47,1.433427355604827,-0.055008989650022544
1a580d96-c8c,0.9957458882313811,0.06221989439875808
437cb931-7fb,1.7692071463253356,0.06298522486295521
da482a03-429,1.9845948385952563,0.04168502432562715
b9fba7ae-b69,1.4683900621129258,-0.04734719778206348
8339eb95-bd3,0.9626403963761586,0.026001055663105843
ac772423-738,1.1006141204215771,0.0038309072516539144
12e5468f-cb0,1.4306872710228302,-0.062170080232124225
ca925170-707,1.3468236521171595,-0.054671975136945994
9bafe636-0fe,0.46899170949524194,0.0231671802143123
473a18dd-69f,1.8181358182181144,-0.06999985784955004
80f5ddc2-e30,1.1482557803056401,-0.027028115367773886
f3de3d27-ad5,1.374841083681971,-0.018626230373652408
96df51e8-49f,1.3981549513361275,-0.025213837785440174
15233788-314,1.4779039954588482,0.03995777824980751
effbd389-64e,1.4291736206982872,-0.020581715793258848
f9ced7c3-e01,1.4094149209237623,0.059873427185689554
15a73176-d82,2.530248954477564,0.09755683884021471
0d70018d-dc2,1.147296889944915,-0.05273031748370205
7872fd94-7d1,1.611098234076454,0.046262679291603326
96dfced7-185,1.678076810756786,-0.08277999733798003
fd781955-829,1.1088439332360773,-0.05734412216910689
e4a2c7cb-7b3,1.112208566076048,-0.061151405485576904
cdb2ce84-1b6,1.4432446206421572,0.05001354385293677
e71d8230-395,1.0154650191964654,0.09914189511210769
be483f4a-9c6,1.4747778913401226,-0.01864400969726937
143b5b84-663,0.9803541400519225,-0.0028934306129823617
b6621b0e-f9b,1.471135258783772,-0.02075490749476505
2c9cef6e-135,1.326984806666033,-0.021916686864401846
0466f510-586,2.1746270074227665,0.07200538341008234
93796340-ca6,1.218406386108341,-0.07284354110587277
b4b05eda-0c0,1.3244906045790328,-0.021348525624180104
6b90b1b9-ca8,0.986857826008204,-0.08462252250087388
ec93f92f-7bb,0.9963866527465803,-0.0843531879954027
ed590f43-f9c,1.029418576687183,-0.04452228545729048
19d6bf8a-a47,1.1833285683144512,-0.014029383364175585
6274199f-e96,0.5795008065731214,0.03222988342544042
29b69c26-e88,1.0819053648161143,-0.08313893618150309
0d0a6ad6-055,1.540578444048289,0.09061046005817741
0d75ac77-d77,1.432614058850506,-0.047582881199422444
3c5728ca-3f5,1.2164236650465206,-0.08023196194242249
1a9311c1-0a8,0.9618404163320465,0.08763863594651566
caf7db81-a11,1.3421974629078741,-0.08124111606356016
88950bdc-a17,2.2533726805225167,0.0650315958764538
75dc24ed-485,1.4220072948167015,-0.015291420087679475
6a9a1bcf-be5,6.332833635188385,0.11692012104934812
6644bef2-d53,1.356012271337979,-0.06274128635265003
4f6bfe99-2e0,1.3321756581244477,-0.07676034340771848
e45f0ee7-b36,1.8102769418687674,0.04322388315694303
861eb0b7-8d2,0.7416229138507799,0.03569061623115688
5f7561fe-604,1.0671874140644684,-0.029425809709340778
affe0fd4-772,1.0424807252124944,0.028981750832637432
c96ae7f7-058,1.898450421689045,-0.0644858279043038
ddf1b0c8-128,1.0907245885296688,-0.0014754956635170124
c932162b-1da,2.1222107452091126,-0.03757588370716819
9d5fca86-2a5,1.6138236593099613,0.040926844131911944
316e0e2b-197,1.6093967662302133,-0.05752166385851626
4a1e28d7-327,1.5275842699650317,-0.013775165643172105
78ff7325-31e,2.0759758753700037,0.05205997030003928
1b8b61ad-d2e,1.6068310986609922,0.08019974616778158
ab937b3a-7f8,1.0997501088602883,0.046413666042196544
5038abd3-611,1.4518519298216943,0.07334026758988887
4b75e7d9-84e,1.6494359123441087,-0.044059332823921604
1cf277a4-239,1.212507916036158,-0.02016859397642673
d6f2aa34-810,1.5317932009660153,0.11097676553694735
5a9a9bd1-bc8,1.2023961316063267,0.07297019659273052
f0753a48-099,1.3340947227006856,0.037986119611593594
f879aadd-461,1.2488565768472182,0.0930992452501267
40128c25-a10,1.3426833515484515,-0.02658455014919958
3c342694-38b,0.9841770347743733,-0.08139120461653004
44393451-68c,0.8134354414364058,0.03290652176740361
b7c3366e-f15,1.9310663662806749,0.04387114447769358
278b90e7-e89,0.9816803414177087,-0.034329291403357054
596e4fb6-47e,1.8220256440968612,-0.03921578836639028
e01e5016-bb9,1.2969861397549534,-0.06883112746832815
eced8ed2-a09,0.5918107634611088,0.027058168516063685
65781fa6-78b,0.981480519335216,-0.05146927033988846
22dcdbc4-c2f,0.9279458495673728,0.04512411115807269
80bfb3e2-b6f,0.9439777401063699,0.04786615372214165
6907d4b5-936,1.2602534812885031,0.029767574682579734
c07c483d-f2d,1.1062949021926365,-0.08008621000558996
b6213235-337,0.9920058670947939,0.056785629896899836
49fd1b8c-b16,0.02332886521404444,0.021766123601885234
7b1b6e30-7ba,1.4163972567061978,-0.05897547816925175
bc0f95d9-ece,0.62183221240218,0.031734505208626196
01d43402-017,1.1793343469313962,-0.07999048892468652
d57a6a4b-0d4,1.2701330719978638,-0.015456930313241302
bf4fc807-c95,0.03611635125881131,0.05538161183157475
c443016e-826,1.2474084094604403,-0.06112717874307749
865c420f-041,1.9153796279973343,0.0575301070259544
3ea75db9-809,1.118151758770571,-0.0054090456597869485
56628e68-2e0,1.2398901489375866,-0.0231067825298657
d4c0c3f7-4cb,0.23624477201559724,0.034433243316685624
484c2960-e80,1.1197969167545896,-0.07464948997419035
cd0d3adc-fd0,0.6452525262302244,0.02654008574622213
a6fb1ac4-3a6,1.276566865956013,-0.027497994434732997
73a03d24-dfb,1.103950718661391,-0.02478153315508097
b2f145ca-591,1.73262748551396,-0.06605548237948655
6a8b7e81-94e,0.4435595895288727,0.03355689993769562
413a740d-557,1.3048854726533865,0.09547828045373918
5b807072-245,0.594861667687003,0.05299340792214835
0e333032-bcb,1.3366786485831614,-0.08664296387041709
46b28d4c-6a3,1.2056947447283772,0.0907681534375746
979334cf-cf8,0.8926459758328634,-0.04046119275282284
e77c3ce9-4a9,0.8722174825377995,-0.08873276689339077
42ebc98e-15b,0.8939151606395768,-0.08118175651378828
6038a6cf-9f1,0.8459017450067299,-0.06787393510133638
91c66b37-a0b,1.2238518194841241,0.028448812070531626
2d4f8822-8e6,0.880528910602763,0.0534592159707058
4593546c-08c,1.3655711417730305,-0.070099619327257
fec8c213-0ec,1.2183861379438343,-0.058150199546593895
419a3ce5-02d,1.2803743300113302,-0.06295583368213364
ee0c74d5-c2d,1.3737273921894815,0.004066440426992224
1bce8afd-7d1,0.9200270659830996,-0.01700141959298984
95598524-26b,1.5677743335289056,0.04112661126564332
affe99e4-9f1,1.376043639239373,-0.04679401461864541
f4a48841-1b7,1.2503327194727598,0.03801882048364391
4e828cee-e8b,1.3497375875344373,0.03980257550076949
a698429c-83d,0.881802423813552,0.11344436033579108
9497ff54-267,0.894052631192874,-0.029296344281307563
a83935fd-c3f,1.123771212921692,-0.01126585197597818
4a9cfd95-f1f,1.9921560381910537,-0.043842731425494
5248ad57-74d,1.492356096706208,-0.05069456531630245
d7ad517d-d6e,1.6062449336404243,-0.007510234825132078
1852d81b-9ce,1.1545963246667161,-0.05861355258265055
f6a0da07-bea,1.5078993633686832,-0.0499389638342041
627d693a-1fe,0.9868661431477554,-0.07887382130706361
9da32c29-f2d,1.2405715990847526,-0.03312695358985518
6b5c2934-543,0.8775855855514102,-0.08363446944640635
e62764a7-91b,1.0309615309355895,0.07770100540351221
e05fe50c-760,1.2393096632402552,-0.06954798983016847
2c0a76f5-bd2,1.1813545335235456,-0.023032586384979015
5b2ef96f-07d,2.707431541664801,0.08607614444477929
1e65b322-af2,1.5874466846548725,-0.07104929849041042
6f0ee4ba-870,0.9094344002958612,-0.05062447314391649
ec737a1f-610,1.5745952034160968,-0.050591932757362346
b51995c9-b52,1.7102339306728933,-0.05634022415469109
84d02c60-db3,0.8451331112739737,-0.07677110737423981
01a0b2a5-ecb,0.8010098048754309,-0.017264424845864268
3d5f0bbd-90a,1.358911181601958,0.035377667667447654
8ef58a7d-303,1.12424040868102,-0.07610639084906562
7c0de7fd-ae0,2.3572453427600757,0.053662692631555875
e65d9716-c00,0.8359707535427852,-0.08137048240661182
43a2c83e-9e2,1.6268219856717931,0.03383646860752987
084bf5cb-55c,1.0448211907903306,-0.062155777346672936
01a59cd4-9a0,0.7500660021633734,-0.05420893248388492
5663d5f7-a26,1.4268165528434809,0.022332376372713014
25243058-019,0.784585905593593,-0.001039967161778621
7b44f9a1-603,1.0635795309098848,-0.0648763096482699
7d907662-825,1.68695205315759,0.07734834316081685
1eae4129-1fc,1.3832477651130737,-0.011479203874123045
fa1acc08-903,1.1665482751232295,-0.08046370670385167
97fa8a5f-d59,2.3877560033654133,0.04495140188380886
d3e3d23f-21a,1.3368763685170695,-0.012984594171540964
492536ce-0a4,1.1385155466446935,0.09636548224555475
f79e67a0-5e2,1.0367971640878542,0.07477076771040514
94d24f6f-4eb,0.8217324960480695,-0.025727888636214002
3d5da78b-476,0.805372416463781,-0.08043938753559471
28111cf8-734,1.030386932563473,-0.05907022747140178
4d0fbdbc-6f3,0.8832775441293621,0.0004246227687124682
a33b67e7-2ae,0.8013778525854176,0.05286972361330666
dccd9ba1-652,0.7365474119432911,-0.019560861547664732
b71a7c89-e0e,1.1167343280648194,-0.07470382902600786
ca870d8a-174,1.5613903035684462,-0.008471667999423615
8d40fb96-a42,1.1678394983172031,-0.014699960521060484
f62145b7-31f,1.7751921757152305,0.052310237078875166
d2ec44db-4a9,0.8002770898030713,-0.0770713368666161
08c357a0-e80,1.2531620380973916,-0.059758251164645726
287549a1-863,1.321870953894913,-0.048915444863262825
731e52f8-926,0.7326089419887729,-0.08906539987911022
353f15c3-3a6,2.6155035249259844,0.07463655814720749
2da75fa1-b70,1.1199309909848363,-0.04599383680240604
dfdf58d1-718,1.11715825393434,-0.08161510376601849
e45e097d-b2c,0.8662287059334564,-0.06408116006930187
35449961-bb6,2.5075866101011988,0.07826521734068126
03af6df0-bac,1.193517674310694,0.013413196179746012
ecdba474-72b,0.9753398616822057,-0.06240273022094667
079bcf35-a8e,1.582639780706789,-0.0037721042072490496
6e4a5b0f-66a,0.8219232337387568,-0.016781235927967486
be9a6421-fdc,1.1800696318565205,-0.01747922412587133
a07fce21-c15,1.0052117427973346,-0.0946682872870751
c8aa642a-ae0,0.8808489234418576,-0.08938511552026651
b0ba9c27-6b3,0.9883310524294224,-0.08958595589285284
1877ac44-b2c,0.9915683688012238,-0.015802217092547477
9e9592ac-7e0,1.647756347538073,-0.06577604884024812
f9e910f2-215,1.2973003439849187,-0.08641229350640162
f57f71f9-5c5,2.4720882581921293,0.06675951527464996
8bc3c960-f9b,0.9302575205545629,-0.09107562916454043
ad316568-926,1.0844727121763071,-0.023501231867532002
1c47b71b-b89,0.9236084602556351,-0.0482392858071134
5ee31cb3-5e0,0.7230885961566652,-0.08843119869863075
5b880f7e-3d6,0.9856449558646061,-0.04741882611614762
759183bb-60e,1.3072004377530064,-0.07244565413272619
057c0b7e-f0e,0.6830686650735467,-0.044137647455641915
08e30f2a-2ea,0.8943764437735202,-0.09767756449282766
63922051-991,1.551892127477654,0.024137837640798354
e0a8a950-4fb,1.035076524365273,-0.04556467731753905
704ccd02-1bb,0.7246799128886252,-0.04476516146784487
b8229322-aa1,1.0111318591508727,-0.05448596921947291
09185693-d50,0.6844919556008218,-0.09182646297222319
45eb44d3-81a,1.060347847592588,-0.10113898455757964
f46eea00-f89,0.9964169090302271,-0.08376780049592991
b8501a3b-13f,1.2643983042985374,-0.08709655755249879
50615ca7-d3e,1.0472368344047869,0.043550243967812374
5b8c83e6-953,0.7605261652067393,-0.0963900018989507
e35fcca5-e93,1.1287863471020503,0.06227944539528618
b4642929-f7a,0.8579923655491429,-0.08721515511704209
96d1bce5-b22,0.6536121598169508,-0.04426699362118458
122ac076-a0d,0.959798994262303,-0.009986570663540806
438c1f23-c5e,1.1098050579720522,-0.04080068424359984
fe4837ad-ec3,1.3953294199291086,-0.07155148931974048
f62f32de-eec,1.2166012130393975,-0.07395631549161658
983668a7-a89,1.04132931501667,-0.09126967621263732
c00256e2-286,1.1407461342824372,-0.034048016515882185
4e08ecaa-e93,0.7186101896371044,-0.09777477668820822
249fdd61-604,0.8772792701644591,-0.05452209370720329
616239b6-c60,0.713421873166898,-0.10513425084828476
22dbf9f0-919,0.6266303381548882,-0.0643080680855973
9a463655-17a,0.738818778059221,-0.09939682759607205
b61ce102-efe,0.6185971989546988,-0.045344628071653015
33340d1f-471,1.3994624468210692,-0.004282261516456054
e42513c0-826,0.6140045193036815,-0.09644149050621353
0ffe9667-fc4,1.7455989962420815,0.03250223106443173
752fd56b-f2d,0.7537928286775523,-0.09984317885929045
7034eb1d-af2,0.8787240342590116,-0.08909039319315198
98159df9-0cb,0.6272029347311094,-0.07612470086383549
865cba20-431,0.8449331440064036,-0.050528341542391775
1fca28a8-297,1.0517218459347106,0.06231574635963655
d16723ad-0de,1.1504498100488445,-0.05016281037208559
172edeeb-a2c,0.7816489703707417,-0.06609560808001669
4183847e-7bd,0.8294538060178903,-0.11141075466640754
a21a32f5-82d,0.7739627025572859,-0.0836735582810661
fe0e64b5-997,1.045914635987093,-0.034842762152847484
1122acbd-7f9,0.8424677997731869,-0.09155629287316652
a1ad4c2c-1b1,1.1565077352521311,-0.062387830565384106
592e5256-804,1.3104169261233154,-0.027935830757724378
dbf0be1d-024,0.5280029339703953,-0.08358177746703166
e2755c76-776,1.6311332080596916,-0.024854700755321646
1c05e0d1-c47,0.6651160093781295,-0.09381395302777329
d1435842-221,1.4232392741557116,-0.07061623737610284
81226a21-050,0.8357589071861294,-0.08773374455579025
631e90c9-f05,0.8386383280494201,-0.07715649464521496
e732cd06-8df,0.581502976246549,-0.0873246570825627
3a2d7212-f05,1.2702205717652775,-0.0433203328410669
6b4182e0-765,0.6819295380224808,-0.06284614787402865
d9dde809-469,2.132444350609487,-0.008063888016673793
f1423567-5fb,0.5527759887831164,-0.06381792019189308
0b5eb1d3-bf2,0.8557572910410631,-0.09711974812568142
b3d64419-be7,0.9585339199103854,0.08653324859051137
2621f357-985,0.539487935999174,-0.09561900019190966
03a9d55a-638,0.7737061344556551,-0.05314522458161114
241c7746-5df,1.044388978744374,-0.09971507734751428
0e79287d-177,0.8899700435331805,-0.029333637894649656
251f4de9-ab7,1.432562259684862,-0.07969295982800007
754f09b6-12d,0.8646964227667683,-0.10721007367437901
7ed78cc8-a9d,0.8326224985780942,-0.10882452239588097
260ea6d4-e2a,1.7594270918245372,-0.006594228603200747
36edb472-7de,1.0935802701087374,-0.09989134291098478
a75f4b95-5e7,0.7232106190529655,0.06433859095116135
1f15f974-850,0.7752456257394813,-0.05170380759242216
3b27c830-ae4,1.1176402682291238,-0.08250692652234953
ad0af7e8-894,0.9986476423609536,-0.047886547418973024
53851c9a-e54,0.6059432002185826,-0.08372275259574946
1eeb67b2-e9b,1.2706099785959013,-0.07348669175924005
012cf639-ed0,1.0747947225914363,-0.0983530395231188
81154643-960,0.7055019178115496,-0.05148999882594396
5879b64f-099,0.4542261807363896,-0.08577921367367436
a70b8b45-956,0.688621066218516,-0.11007231478206564
690392e6-781,1.086852549877462,-0.04597863566409699
3b4d5284-8d3,0.9311692832780746,-0.04298826640972314
2bf36da7-693,0.7640668433303014,-0.06180943484468576
50e8b5a0-07c,0.5617409815518135,-0.05939446289291134
c8e24581-866,0.7009444980315379,-0.10783239464584066
8908583a-51a,1.9765682725168263,0.03446527207607131
ae4b67f8-efa,1.5425792063697197,-0.007232283478327495
21ce62d5-823,0.9056187869361801,-0.10241619733260265
9368c404-f2e,1.0019709198176396,-0.10552181172359582
d90c56c5-fc9,0.7301926649476067,0.04374391959683854
cbdfa828-898,0.8163655219968264,-0.08678142703323366
9f6e3aed-467,0.715883300763245,-0.09798904431096261
0567df72-383,0.49212218373304184,-0.05314377439749246
8b69cfe6-389,0.7270531855206857,-0.09323943769528187
a2b1673a-ad1,0.45566000134509416,-0.03573051218458284
a6a43130-81d,1.0904820966690179,-0.07458902865654266
0fa1f2ed-9e2,0.5497239158881065,-0.03688725823933636
b24f7396-713,1.1650028937567138,0.041845820858957605
778b701c-194,1.3130669802620947,-0.024029612670477096
ec61bbb5-242,0.7453812747934543,-0.09076768209432501
3ef680ad-481,0.6076381984252727,-0.10842729545343927
315fefd0-492,1.1378613058816496,0.036037271862242704
ccc747f7-ee7,1.4215402327514617,-0.0207295352741505
c78aa28b-d57,0.5283940989288183,0.07908918517742214
ca263fb7-430,0.4346452324337946,-0.08510028528349955
57c2528d-c2d,0.4396957295141823,-0.08721104667329188
05a9d9ab-9b7,0.41359992616980745,-0.05620888239446431
26d1ceb5-c73,1.515054466725134,-0.04386140615799672
cd1cef20-4c4,0.7024672906866699,0.025779915960615574
f35a67c5-4b7,0.7156571247984462,-0.057850913767173606
76a755f6-341,0.39938997241834545,-0.10171607214329575
18cf3d8b-169,0.526247710146933,-0.057801958187670865
dacd11b3-c4f,0.8650629222496213,0.07171163643462719
db5e571b-48e,1.4337260874057198,-0.055939519196200216
6ed733b0-c32,0.8090546518541739,-0.0320613004789817
bc0eaccb-066,1.1360791337560154,-0.007847167837188695
0bb3694b-369,0.7906885595381227,-0.0010219251169550359
2682f5f2-60d,0.7011101143396613,-0.046703753727210306
8f0d3bc8-996,0.8297851886095342,-0.10038843044365037
260d7ad9-e7a,0.7236054069880407,0.007156365164879275
0cf54c84-f7c,1.3173489724794045,-0.08355188706856642
3a95c610-7f0,0.41309332406099086,-0.053796945946679
c4802ce7-1c4,0.5491610282415812,-0.040888801851203305
4ff2896e-aed,0.9617530022827906,-0.03848208627473293
99ef5229-1fe,0.5241444115205736,-0.09741487944380739
a158eb05-d3e,0.6896900326132145,-0.0884338525239412
585866e8-91d,0.8221050600771174,-0.061200866945707255
fa73193f-ff1,1.3684982065946012,0.13870102010720964
5ff23540-022,0.6727172109114774,-0.03233004870715922
4bb5f30f-111,0.5879706113454537,-0.05905615044105628
c52e0101-8f8,0.7217883890477275,-0.07998501747398978
ff25f0e0-cde,0.6588926862499787,-0.05940570846735538
29973fdf-2a0,1.1067099278256567,0.002729188133021365
d6d82ff1-748,0.6801021157356346,-0.010678243990477565
966251e5-d75,1.1026804337007783,-0.02876191947597123
adcd9b64-c09,0.7872152846863409,-0.04646163050404678
6ddb331a-bd9,1.4245128796218602,-0.0677983125839598
9168064e-96f,0.4923706043222203,-0.1039166264950922
41abcbaf-645,0.36716390513438024,-0.024949500459147345
f32f3bcb-628,0.3882619004222294,-0.06726496398822668
2f5b9c7f-4fb,0.8811905676466045,-0.03855347578996182
6007b04c-496,0.8343827806065736,-0.031181666475059655
6d6bb26b-3fa,0.9100181736292261,-0.08913194052804202
05fcc947-5f1,0.35392322783915875,-0.07391688107020394
bcf87f93-9f2,1.4374734213916827,-0.022917839976224597
b40773ee-fdf,1.1038268983556843,-0.051046572726592854
d12fea8f-264,0.36950918074688904,-0.06934894233214728
bd7e76b8-ec2,0.6264619253587673,0.040864557070028895
d359558b-273,0.6149381091510459,-0.09192647877946697
ddcbbdb5-b7d,1.0757903796800319,0.09132670415141197
ea283a77-086,0.7543350900892474,-0.0864549951334293
2926ed64-b11,0.7578867482694829,-0.10520723132195814
db142252-d46,0.4321814242577001,-0.09000566883876232
f5b56853-13b,0.8792898639852488,-0.06633167224460057
38418d55-49c,1.0483489288525918,-0.023310786830361307
36eec4d2-e7c,0.6743038830699573,-0.027837596011177412
de1a69a3-1cf,0.4049084593124782,-0.09782451248842994
e1b1b9b8-496,0.8581656231805204,-0.04704973410343416
5cfc5bc7-e0b,0.6775217355562054,-0.09075711740679532
c7c364bf-975,0.7896828015602999,-0.037237277724815
978ab7a5-88c,0.753052437537185,-0.10434054031523304
d5ec958a-621,0.44945877878050056,0.06076308672442232
82168820-22a,1.4475401860780799,0.05773702747249754
b4d1bc80-c60,0.396821752357044,-0.0462200648643708
d1076c94-bf1,0.39771014271557437,-0.0992732160450222
ea03cb52-b3d,0.49048911649382315,-0.07155075814698303
4c944923-8d9,0.40437947417591913,-0.10616050556027135
f1160491-cf8,0.6121973866541977,0.09534590684265143
01f96e05-1a7,0.7378053405524001,-0.059931645876522
eb2768af-42c,0.5588727687716866,-0.0777388468170892
6f4337cc-ed4,0.4855069142211647,-0.10665151642194398
f8a1c120-554,0.7510426890921778,-0.06901022134736534
a5a3357c-ddc,0.571028904823446,-0.016066885674357878
4d58014f-4a9,1.0248318762165287,-0.06119604085323488
693ea886-a44,0.7937700791382192,0.026396550544533826
96418f27-488,0.6765985873290801,-0.04514412902793247
36426b93-573,1.1870930749429838,-0.030101141500771755
58ea4ac9-dc0,0.3216250795960405,-0.06683259054464852
50d13bd5-473,0.3055280824193975,-0.0938178694281383
c98063d9-343,0.4399424249045529,0.0756251271773708
8c1e9ee8-2d8,1.0078849896517093,-0.027667466467493296
2cc6bb74-4eb,0.7292296635090125,-0.08607159489886107
bbf5ad8e-17c,0.6385442874274585,-0.08482206285474464
178ea0cf-9b4,0.8468462046284827,-0.087232838550719
81987e16-c93,1.6476455289605727,-0.012297380934848334
edcb7294-bc7,1.3731334431739843,-0.03965417605010141
91818605-17a,0.31728685778014404,-0.10977769917703478
1c9a5ee7-15b,0.35087869839500463,-0.0720943906576394
e3c579ce-020,0.6974733093536564,0.055593483462097026
1f7c4ee3-645,0.3457657114570185,-0.09051921907997307
623f0658-c4f,0.6881150688789743,-0.06390553880452848
99c8d632-18d,0.44097842939545273,0.04391858438992213
c8dea29f-4d4,0.8951366730345949,-0.09775294198981632
f77efe6f-b75,2.4648127423278847,0.06842757262863697
62c695b3-773,0.7749158145622168,-0.03207448357378856
0b98b6b3-18d,0.2837396143550678,-0.10278427456320705
9ebfe334-10a,0.5049935229467544,-0.0888737517482645
ca40693f-7b8,0.3656984789820764,-0.07519170512756124
bdc87141-3fd,0.5607564485906922,-0.09211314622775219
5b1cd59d-ec7,0.3219613801800865,-0.09885010154497959
16d37b04-68c,1.052687567798746,-0.0264791694705388
c8897f79-d3a,1.2036215418139107,-0.04991901070974558
14538690-785,0.7233376053291907,-0.04124297186596271
543ab760-015,0.388048772147526,-0.07300421729227174
21f5f469-d64,0.49521018519518156,0.04453083890440379
80f554ff-f9a,1.0685147152964776,0.05131799994140207
5618ccfa-87e,0.6905298053960314,-0.04156032155661121
f5588fd9-752,1.0201423511248229,-0.055788011162289874
42ada9f1-fc0,0.8776474927454017,0.0076249404362300766
39ce3224-451,2.275649977383077,0.007112024286552887
3ed6813b-51a,0.7659111297284478,-0.08546142483894181
1aa3836a-2d6,2.153026855018818,0.016053952471798416
29f7df0c-90c,0.7808875665670294,0.07163151003854829
9175089d-c4a,0.3098744455802779,-0.09954975866561905
ec3cc1aa-3b8,0.45126455260879705,-0.08826998142095088
015cfb57-ce2,0.780688961771272,-0.05750566675414809
07560b26-7f6,0.7056471202240611,-0.09120418912634054
3aa0cf24-45d,0.19177615147869556,-0.011372379978779934
ab43c927-644,0.2686520926306357,-0.08618863874184113
1ea2d4ef-ec1,0.7160733049832634,-0.0400718887423252
74d02629-b4c,1.4063820096934216,-0.013569927921590286
c3872435-38b,0.27022764858362985,-0.06361782954464668
6ba38731-c7a,0.5574206333922468,-0.02242891270142494
78ed4317-52b,0.4299489858715312,-0.11573052348789992
54694d8b-871,0.6170988055661422,-0.09093323353825011
7af4e5da-a39,1.4767204519337944,-0.012533320458595898
aff2988e-780,0.7127161179934984,-0.048996221768402015
81a58a7b-4e1,1.4304777292095556,-0.00527768924380978
bef0e3f2-11c,1.127761687304495,-0.026526921464852082
fcad136b-e82,0.8813688158880852,-0.06372634522982612
f44e2625-e66,0.37536851241566216,-0.0896740533037288
4f6603d0-23f,0.21044165836863113,-0.07705885640434845
76e0e8af-af0,1.8665048694102764,0.016859503012117028
d326c5c8-9f8,0.9234954763789873,-0.08269923136663071
537b0a5d-0c3,1.0963349095925774,-0.03674002505105439
9881b025-1f5,0.2194938178975504,-0.10094812229045858
a7178862-444,0.3380965148074937,-0.08530545658283706
2fb8c9fa-fb8,0.5568596277580234,-0.07350483990383627
12f1cbd2-d9d,0.23375643167103707,-0.089137231198333
5ddfd5c8-e40,0.34372974318609967,-0.013870159378679692
2396cef7-6e7,0.22705306726634103,-0.09943418000371873
079757c6-3e0,0.5926050763390623,-0.08771015741818039
4e41662c-5d3,0.4350491779913367,-0.08679813107722195
da0c61cb-bdb,2.1446334425935207,0.0023657697702926805
91f1c714-108,0.161132129655839,-0.022618319983494117
d95c09e8-72b,0.30927461258602185,-0.027524470717781357
376047fa-867,0.1843296065178805,-0.04342738940225144
323d0337-6a4,0.2392636844623755,-0.08881696053418531
89961727-f4e,0.8248452835330342,-0.03734750115468444
f3f4c5fc-b47,0.6657560495062682,0.028508277974127028
7c72ccae-575,0.9140725561460594,0.0036151253303541298
41cb7433-6dd,0.24205271789877097,-0.09454766136265524
c6d2d9d9-63c,0.3319619119951839,-0.08817931622131125
e19228b0-9bd,0.33823707493472865,0.08588466593086863
e5fcd75b-804,0.4417254300799688,-0.039253967583528115
b485272b-660,0.8386071366970905,0.053364072740869406
28a81418-d66,0.47927008971966717,-0.08317654167486321
0f86930f-05b,0.31272557397461626,-0.04946041006215768
66eea1f5-495,0.4403332357057824,-0.044159112446510884
b7f92310-578,0.6901394444115561,-0.09799926047153801
5138d938-26d,0.08536392149497546,-0.09885821524226912
cfe9e274-ad2,1.4620577443556901,-0.042114552452831355
6ab9e85e-72a,1.5435903389595556,-0.04857527871483297
de225750-a2d,0.5079681249634546,-0.034699403765852566
03b712ad-d02,3.522640626366058,0.0623731964836729
15d82aa5-db4,1.9120883723147772,0.020105803539548828
bb9146c0-f76,1.5290880443868473,-0.060131174225409534
d2f35157-513,0.37813432434593414,-0.02513870110581523
b70988b2-db2,0.12868042981003908,-0.03168598291181601
b47c9e78-a85,0.3485267934694099,-0.09132321879050476
37760268-9b0,0.5311961035233704,-0.08952220350969459
dd112df7-ae5,0.3426782309299127,-0.05072633886270744
c77376de-7ed,0.8281423597388928,-0.08223339622924913
88ebf9f3-91a,0.5537925076036515,0.1052155315262836
9cab9632-dff,0.6954228726363689,-0.0206249567546134
25389e29-d0c,0.21903524571251032,-0.09235112194019651
785fc17d-a83,0.29593512881933043,-0.0812900744706192
45ea98d2-8dc,0.7550559974885713,-0.037935998268683824
574c4d29-f2b,0.5249336691124573,-0.04804623783694412
b332d92b-dc3,1.446835996216369,-0.01566672455024426
79d2ec51-b8b,0.46607300033869714,-0.08496340722108986
df01ca2b-355,0.11057605140524264,-0.07606948581874123
347bc4e0-eac,1.013024625321249,0.013155727943972795
0c9cc526-28f,0.22830597417416118,-0.09704762544367712
8b5790a3-6a3,0.3091539138181669,-0.07766494579254951
d4d8dd8e-957,0.7838863754483859,-0.07247593708718802
915aae70-da4,0.5554733771684878,-0.02475950388382281
5405235a-136,0.18481853054827796,-0.010987899890622932
1ce219df-371,1.0368234033402357,-0.009776081583899643
14b148f0-6cc,0.5036632149237693,0.0203914908034889
64ba0d61-3ae,0.49302223868997824,-0.022677619295895457
89e557ac-df8,1.0490854536843681,-0.07979082273732446
ed52e0b5-987,0.1555517772754342,-0.0502931973745836
618c1841-04c,0.7274685654840374,-0.04515551738993706
c1450873-db2,1.0686679971744166,-0.011394553809023433
af6e833f-b13,0.3716671914026989,-0.052654370800363726
cc81cc50-411,1.477754652447675,-0.01579935028449647
e05043c3-fac,0.4523210818611517,-0.03659843270056562
6d8cf0f5-a6e,1.1635459120318412,-0.03918444363560464
a094ee2a-403,0.9007811939349624,-0.04575870912877689
9f26f3fd-24d,0.4992807941011478,-0.049360728773087836
d41d8327-172,0.5558748289407621,-0.08824332036305549
bcdbb072-e9c,0.09463672461313388,-0.07589668690469659
c708026e-9f1,0.24469598460909506,-0.05339868240424245
8ac91dd7-23f,1.3889953572624312,-0.04593815171184762
cfa88c35-e00,0.16049846047868382,-0.09441005875944686
bd8da350-e1b,0.3261556138458219,-0.10545780923628223
2104621b-be6,1.5377931310023323,0.0287842610694099
e0d88215-570,0.04943254128827425,-0.05424713794857344
e7ca62bd-d87,0.2851699467666412,-0.09801553738047064
41055119-83c,0.13986504707544936,-0.013339991400484585
893c23c2-ecd,0.739292247224198,-0.03736879741861149
39f1094d-08c,0.3583397022193642,-0.020219113078194906
a4c4c36c-e6b,0.2979880458707238,-0.0995663835491824
15e47f47-27a,1.206352545344239,0.02616984572251624
ba0a311e-9b3,1.3099109423948967,0.04479853241216425
f9737f89-231,0.27474433803121373,-0.07916629708559692
9c31db31-77a,0.42306792895136525,-0.026312359745025826
267f3cdc-d5b,0.050878943250709595,-0.10334140719627588
c70bacb0-34f,0.31067057644755713,-0.03894403816336511
def5adb6-2fd,0.1554344377512159,-0.08085849773551185
75fd1c80-4c0,0.44479842469070763,-0.07794346948328462
a072c8b6-c13,0.7660997337261443,-0.05517600668341027
a4a5baf5-a66,0.5489162241326554,-0.03477368275312953
4321ff81-5d2,0.2830868585294513,-0.07710395300941358
7609bfa3-fe1,0.23289300791138817,-0.08852899768118422
b5c1f846-c8c,0.17270374425357707,-0.037627992749285966
8eca41c8-2fa,0.4930242900873839,-0.047739901796362394
7a5e140a-661,0.7011167406230303,-0.08082769291604541
3cea3b94-9cf,0.4990656275362014,-0.0636182122885744
a69ffc22-ab8,1.334065966187221,-0.024505286371740653
05de479d-5ff,0.44254675315125963,-0.05750263332241551
7a29c1c9-9f4,0.6799317387417958,-0.10670902067063454
48a8787e-d8e,0.516565230475818,-0.10824286502504016
8439c053-500,0.27234176227239776,-0.04699648695118963
9287f959-3ae,0.505021351661593,-0.0747550518125597
928a2695-a09,0.32568919902660426,-0.037376353282762786
1065c842-574,0.38480777373206604,-0.0759188331663696
c459b4b9-6cd,0.8481857124271163,-0.07372436654801773
0e516984-4ff,0.21147921718235757,-0.0560830967137782
0fa9956b-7ad,0.34089802427250526,-0.08659367083093633
c575712e-690,1.0535458093923995,-0.024856498787914127
402fca85-78e,1.7072572576018774,-0.027359832518316973
0ecb008f-8fb,0.6620827275926282,-0.030477809270671452
7b79d0c5-dd4,0.34140302177603793,-0.058569609948205426
7e671edd-8fe,0.44298371703420364,-0.09571505904558675
094a2d99-9af,0.558111118420327,-0.0825217910595073
3f06702a-8a3,0.5868197494108672,0.017089854838196028
a2fe5e8f-3b5,1.493787398700167,0.008270248423990822
debb6fee-0bf,1.392691405259702,-0.04510080901731234
933c239d-00f,0.8691283305382117,-0.031118689287486623
bce41824-7a2,0.8367566452605341,-0.0761311331970117
17b953b0-746,0.46609593842783836,-0.0317247489674507
40cc1c3f-103,0.13271251559388086,-0.08575841542187301
17275f04-8ab,0.886027384102052,-0.020749880008526345
4eff7989-ede,0.1065552887523259,-0.09267870895920549
919c8bd7-541,0.8236481014273536,-0.03776310051864906
8dbc4f50-a61,1.1746014407342276,-0.03450888916013822
316580d1-742,0.7439505905420267,-0.03358207857583462
38d58640-02d,2.180284360398139,-0.012816568603396694
c4778f29-c0f,0.28369730794713455,0.06278990170406706
3a50c016-6dc,0.33632666746921697,-0.05440883891517129
924868fe-f4b,1.1636447520059567,-0.024234398504118626
69713526-fe1,0.5540748160291794,-0.09457889726665103
d82618ec-247,0.4881068195053858,-0.1098470235922307
56e83f2d-d97,0.6131385122253711,0.005317110382661805
22b1674b-d61,0.09948149369348767,-0.10268281364061582
0d1791a5-3e0,1.180853343042369,-0.038579398084527095
fc78fb40-6a4,0.2573505719380663,-0.09669367945174351
904c52fe-c57,0.44302717712173123,-0.09182548607903884
bccb8496-983,0.5782167840168337,-0.1096574002053462
0bc4b053-611,0.29322246503663696,-0.08437716259047817
b6ec0f3a-1b7,1.6743889779131016,0.03428027201372441
bbf17673-b72,0.3006881013645773,-0.07845109085566054
2a8db649-5eb,0.6645712146118677,-0.10681828652618441
b0a1477f-41d,0.2665429521075664,-0.08048316023934565
d77f3ed8-6db,0.5539363067527473,0.014560433277873597
b801d9c2-574,0.7309474038239671,-0.10560062895774203
e533723a-4cb,0.5964859516621956,-0.05386912110925529
12c4e12d-2a0,0.40092331257967073,-0.07826133767303695
a3b9ef33-31f,0.15926095354040645,-0.08272943072131711
d9f7e618-0af,0.5187672598139448,-0.10698813909331584
3caafde4-91c,0.9714729191222851,-0.07414107827581212
45b8b692-6d1,0.43483940723587,-0.08439668265499539
6dd9be04-0b9,0.5171012080045865,-0.088754378004476
db2a1fb2-c0f,1.2922914120692583,0.01778918450282907
9bc40e84-602,1.0825393521602646,-0.03729971790297265
0b7c41c5-5e0,0.165832841301934,-0.03256686990057267
5a6d9a33-9ba,0.2641755483531697,-0.10120881003141441
f028ba73-701,0.27127088896863183,-0.09739631451464303
53ffa485-316,0.37938310552736243,-0.0849180768615952
2beb18cc-fb0,0.6041197106316321,-0.074113111576807
130124f2-dec,0.5239997800306636,-0.04647564480568045
a489c4f8-80c,0.3723678591093343,-0.08992671219593196
c125029b-e7f,0.2871288064435933,0.016301946309502102
98b22a1f-d7f,0.7036661805195912,-0.03071584329675925
14afb97c-c2d,1.102248294386757,-0.011752759050070671
717d97f1-dfd,0.6076901858091149,-0.039682330361271945
6508cd65-fcc,0.6762200397179006,-0.04591320172482366
31d23d41-883,0.42778371334878074,-0.0506793289310577
87d79164-495,0.727575750490142,-0.030830967771990347
5fda33f8-b80,0.541607191018991,-0.03547211047758109
76d6000e-22e,0.16153771341363607,-0.11338842860065124
1971276a-e50,0.20196202057673185,-0.055098290008395445
f23ed3f5-3b4,0.44933946882562337,-0.09954594645289
a4917f67-15f,0.5302501867421543,-0.0977053928163929
602b50f5-b45,0.2764820782764344,-0.09053611492654584
2681c486-148,0.6979200875279871,-0.055875096850692973
ff693b7b-e3a,0.2721245712027486,-0.04753594629189911
134215b9-3a7,0.9425778328611982,-0.040117873192075326
6eaa8c69-9ab,0.2692486262991646,-0.058140017069710836
8c86bdab-5ca,0.3411053913308451,0.13554340584207303
8a4beec7-66f,0.596353576776665,0.13486622233106016
594c71d6-9b2,0.2603801204278876,-0.08679258720366462
6599a392-dd5,0.6471526418334381,-0.09783968051873804
8a4f8b65-b94,0.9640791164162815,0.003064136342781465
addda7ae-952,1.225155372750234,-0.08049319469043953
e7d7c41a-b2c,0.7030506489648707,-0.04055588726270376
eb68f9ec-9b7,0.30882380462271236,-0.09760533913827796
0c699c53-f31,1.4100100721168927,0.05981214681579561
ae387f9f-238,1.051050240668903,-0.09269858778110007
0fbf0e4e-5e1,0.4838985690564498,-0.05451711846315305
50024e2f-f32,1.4069321493613933,-0.02926071288276022
c93d9e3d-87c,0.7376641145897853,-0.0868698196779375
db261da7-c89,0.28378230254947084,-0.06363287808020746
d1df0331-003,0.34704674976858907,-0.10380399164131232
10fb6ff0-aa2,0.516560334201818,-0.08860920208297629
79105b3c-6be,0.5087358228331806,-0.11101058513611994
1b95c70e-11d,0.5317889912873953,-0.08431526714446191
861aaa85-25e,0.8290604984285624,0.018190959408583507
9f697d46-f26,1.1382383060031558,0.06685361156107816
c9d2a10c-11e,0.461236655790121,-0.0744896681959698
71f1f6e2-4fb,0.3514584120115518,-0.022522161504130278
41c19afa-b7a,0.4954013473654258,-0.059832663941435216
8ea7e264-bb0,0.8554960210785296,0.05981027922422644
2416d8ff-104,0.49168219291379067,-0.06239637668674397
e11fd9cb-937,0.6750225396293243,-0.10157485151818912
20789d69-113,0.3874068995862919,-0.04964454723658823
f6129581-3d9,0.6434544310703211,-0.11597868458889199
bb0caf2c-ae4,0.608150898230065,-0.025746572760051933
181915a8-e0d,1.1025947690478406,-0.03804725094786798
fb0b603b-1e1,0.5357876711280241,-0.011377081185796
17135054-ab4,1.4703075949824707,0.021836160941481997
3b360cbc-c61,1.6646792059185336,-0.019706595587755393
ac2e09cd-27d,1.290767030134527,-0.011423971361965768
83965e57-2d5,0.35722757975641994,-0.09216900775987402
2f99a7ef-326,0.24247097952167676,0.13715423047759034
59619d5c-e29,0.4609362197640285,-0.10300248344590607
65b7f62d-0f6,1.0028323407890223,0.04362352330066932
f7cce52c-bef,1.0438560205602743,-0.013663259625336932
ada82dbe-2db,0.361001129909334,-0.08470050484536451
34a3e435-aab,0.4941123434445018,0.039017395991505444
71fc495c-401,0.2768192829967085,-0.05136460636887563
c47617fe-991,0.9152745148211122,-0.10676802066895291
17c0b42a-f2f,0.17931968251454874,-0.01946190305096618
f707edb4-ba2,0.5705777671190315,0.016459531503570046
ac06d901-d51,1.0767287738250602,-0.03742325002570268
30cfe24c-cf5,0.34157648363384646,-0.057877006794559316
e01cc3ed-c87,0.6922290537910875,-0.037413621496491134
fc6c2bad-3f7,0.7235166367378587,-0.047552730372016405
cefbdd78-fc8,0.7937877520517553,0.022997055185713378
38ad9b33-a52,0.9373388068676959,-0.019049640354502295
01ddcf4d-0ba,0.7211183387257724,-0.03916785138822276
380196f2-f54,0.5296464193003885,-0.08850389416715082
36a9bca9-de5,0.5224731053282188,0.03081386176465406
ce59460a-d81,1.325111097692415,-0.0703145830039335
2b2a625a-a7a,0.30365563189069444,-0.05033949112320385
86c7f595-ed8,0.5251182448624663,-0.012786324960688433
72b02bd9-6e3,0.31935893818476846,-0.10513798545579134
93d4b2ab-d03,0.794992421183904,-0.08018044688092296
9f973a43-86d,0.5589028109190268,0.03780563659143554
a1556fcf-c76,0.7204896341422288,0.02423046146843999
dffd8fb4-c5c,0.38107334127051234,-0.05812171746340744
b97bb732-72b,0.7655234291903487,-0.10810414979339478
2c2f0bdf-63a,0.20183838685728128,0.02246364638665821
21b8066d-d62,0.48848066144438496,-0.10054968979090162
480b57ce-221,1.9562029252733693,-0.01710616339201021
a93b912c-885,0.8703194509286913,0.02954639044401708
3f9aa552-de9,0.7270830380235878,-0.05296525823123327
a2dd4b64-c7b,1.588942757924225,0.021177005191800102
383d6e7a-74a,0.7243759875337037,-0.03699900406810419
a8b3e338-490,0.43452694486399546,-0.054273320256484514
644f9ccf-737,0.691491173796593,-0.043810991112523345
ae02f875-657,1.1434019286135462,0.021403011724530407
406ba7eb-189,0.5588365051659283,-0.07911102823794264
848566f5-8e8,0.623941654733792,-0.09827266846410981
7009c8c2-642,1.003895514233751,-0.07313862787629732
80443bad-182,0.957279639858141,-0.029377985846374244
92ff2528-159,1.7095615530471706,-0.009199153450591857
0b8770f5-803,0.8856304225913392,-0.09456257758714487
952472cf-afd,0.9180433976777372,-0.01384190467366947
105fb176-5fe,0.5563508930438491,-0.043136733963931084
f57e8209-0c9,0.34859010943704294,-0.04819444034482484
152a6c11-dd2,0.7454937425151786,-0.04128876291795924
9c8b2784-8bc,2.7878257638373505,0.10402983164396629
419ebf55-bc5,0.7860970931229143,-0.1159143556413586
f8cf4245-aec,0.3739522822019009,-0.11169395963193002
21c7315f-012,0.5970434269685152,-0.053657855992602255
d559e937-c9b,0.40567630747882183,-0.06393104292248492
1cf4e8ae-1ca,0.3653266270171035,0.014788735374394069
9462faef-5dd,1.519639576806158,-0.06997702818612939
8b3a059e-bac,1.0100311910503292,0.046154312146238
4bfec5bf-0bc,0.4339679413808094,0.021874750884105953
c8cdefe4-5ec,0.5463479005539472,0.022882453381661838
1ea11676-a8c,0.3969618097003722,-0.08558312390226835
e4693fcf-df7,1.84942347456033,-0.022192014024635054
e5b448b0-8b9,0.8232905070058956,0.025707577332739873
4dc562ec-b6b,1.3037885350766896,0.006309290369003184
04540da2-a85,1.1327073213957175,0.020089240695737698
3cbb508d-fc7,0.9264006757507054,0.00011748005852085797
e68c3f42-1fe,0.8913316518785059,-0.018496914561046462
97f4d996-1e5,0.7544223004036371,0.0701086486773953
4ddcd8d2-31b,0.8203011911195804,0.10051668116097157
322bc7a3-87e,1.081366536456316,0.04722007137289774
f0e8983e-20f,0.8996859182454351,-0.09821323627149292
cc4a3959-47e,0.8738439380555233,0.13736981185685282
a0bd6a4e-b0e,0.4999800158826152,-0.06067781249259263
c347060b-20e,0.7372506415163169,-0.0846313819002727
e116a17a-041,0.5529238414105659,-0.10766321814216129
9b8234fa-d8c,0.63433254609005,-0.10889610160622343
2fdcb49a-f52,0.5812841002220828,-0.08979799850364611
e64f7f7e-751,1.2454650777900094,0.004834799043069493
2207f796-0d3,0.3269469925010323,0.13867832051900275
1f594dc6-428,0.9192833614799593,-0.0037933392138587707
7e20e84d-0bb,0.8875192561713469,0.0005709638976619802
c2490ff9-74e,0.34585431915708315,-0.04431931654048127
a08dcf79-e66,0.7256915015977309,-0.08104607187748786
69976ca6-493,1.0651334834228137,0.02958214455864172
f7ebdebc-46c,2.268686387975473,0.12415532368390492
1d222f08-fe6,1.5990974182523998,0.022140127603710202
3bb07f59-42a,0.4148999926664418,-0.05062240814077007
d76dd4e1-6f6,1.7389506341842809,0.030985276746644086
1fadeff8-3ad,0.45759433521448567,-0.011007997854548701
5476c010-e83,0.7581105282097786,0.003743438777714325
63c525a4-56c,0.5144107618517602,-0.09196243994581565
bb1d96a6-fce,1.239668238920342,-0.0004895614180160934
c6e454e4-0bd,0.9620264379455419,0.00456585256187092
cb97ee55-659,1.2497383826874575,-0.04565886492487786
df8a4c9c-368,0.5636039680675076,-0.10961522264908286
4c79a6b7-137,0.9996273900532825,-0.08611544642197844
272fc474-3b0,0.3576970701153336,-0.015613620574652654
9f5f33c3-d2a,0.774139686968369,-0.10092733681921923
1f694fba-b25,0.4031536590394552,-0.034947689562623674
6a14d3b5-b91,1.611440677281431,0.06020903740488459
8bd29802-3ca,0.6391998983480943,-0.06500370377219988
22055342-7a5,1.2153997470501499,-0.04370777455916863
a45f8dce-d38,1.0467810315581993,-0.01919226508496774
ceb61efa-dc3,0.8186409919460168,-0.008719154303538645
5af97781-b61,0.5233300944269899,0.03329325724652288
d77f73c5-6a5,0.49258370956408837,-0.11867939044922271
e99a8589-360,0.5493249268788429,-0.11082678759620745
50b0d41e-89d,0.5016815399290029,-0.11049445864169966
fe027e16-160,0.5711200010635191,-0.05801506028108527
b480d627-915,0.5515992250355745,-0.105847427948638
3a06a728-6c3,0.4123449737165954,-0.08703300093714722
17ced7cc-da6,1.1124838350119883,-0.08882102975781703
3f7b2d2e-979,0.4273762732013451,-0.053012900981889655
26b921c4-125,0.8339619562760221,-0.02292315428938474
09a30eae-605,0.7177978887505205,0.059276235355655627
d9c6c07c-b2b,0.8201012860333847,0.04669908383713872
574810f0-659,0.9572924021229171,-0.08490696429027789
ab73da05-321,1.4574523781426454,0.03452751783608088
1e4dbb36-c46,1.4857350991353016,-0.09454936983519058
e938da99-b0c,0.8803290574175477,-0.08757289965281273
d649cec5-284,1.127322432499863,-0.040192425463114245
c8a867e4-04d,0.5436295380587046,-0.0945281082394856
d23f39f0-eea,2.253790249461903,0.04242392252949101
e9f527c5-933,2.4535401931579575,0.02445405491459418
14409e80-e32,0.18697182604777723,-0.007637773720814811
d46d2345-e32,0.6853869479467485,-0.11299293478086714
4370ad95-c36,1.5395996323017611,-0.0384603330152537
d3d67cea-5d2,1.1685769138503945,-0.014195249181313763
de02a3a2-2f5,0.582857613471808,-0.019540225883978746
52db66c0-444,0.3934370588883959,-0.018368860280242094
5787aa1a-136,0.7782230811456519,-0.08331237914965495
a37ccec6-1a2,1.1077048697556953,-0.08002960552886307
11a4edfa-b8e,0.7662249930171574,-0.0944534909801184
0c69a1cd-868,0.7094419540464826,-0.006707372256700428
9af88e6f-8dd,0.8204565640024085,-0.04312745615425695
4edd5586-008,0.5680269416347119,-0.11218562768569196
3fa7a8eb-e6f,1.4121397140380259,-0.029875874668667313
eb5013b5-cc8,0.4722742894127864,-0.05064904502742135
4a298e76-826,1.0150311260515064,0.04549319404770358
c64ef824-8a8,1.0028471806929342,-0.050817255941396744
1b274bae-f4c,0.6095033389499256,-0.09104471072021952
90cf0eb2-3ed,0.7971987932405209,-0.010574652141636443
b36d12e7-7c2,1.2335781647277464,0.013718349267015761
79cf0af7-67e,0.921885885017133,-0.052538101242123436
04b9d973-4e3,0.2995343043964427,-0.022629424821382194
2ae5f126-a5d,0.96606000887448,-0.02751012529848912
59abb3df-5d1,0.9026363873745162,0.005436715580828033
af8a0f47-882,2.1410557858954884,0.05110612306176332
b6f45367-352,0.7947574265027331,-0.08968077837607907
1b701a32-9b9,0.7673134803092589,0.09144624424128434
309b2880-2db,1.002681758363457,-0.08708979149278995
be70a0f5-19a,1.4479071005026565,0.0170950373069515
74031372-4d6,0.7169510129847869,-0.048316289439709836
25035136-7e2,1.556132038649512,-0.09754507120683187
f8791800-80f,0.42229078224127803,-0.02439543057333532
9c57f0e7-b50,0.5484351883756132,-0.06322122993371276
aa50169c-235,1.4767532794793476,0.009878786751336022
a24c3e1b-622,0.7531129900857314,0.0008579881744739115
22701d5d-1d5,1.2859385143180981,0.006963115856335578
d7c348fa-8af,0.6909033485879115,-0.059483762160811415
4527c927-9e8,1.3967845896627353,0.009860584319870469
fdffbd54-868,0.7777875275620809,-0.06373141732609594
177acd9d-7e0,1.4837705730376207,0.013908883604245026
4c6848b9-d21,0.5453644148391513,-0.10801567541473278
abdfa0a6-fb9,0.8878462787272396,-0.08500088597100425
cab32064-dc7,1.0180699354699319,0.04383288142863062
9e217fbc-ed4,0.7247010251306987,-0.06015434283379978
d9272dca-450,1.132279016062083,-0.10325131377609525
d3ede7d1-f2a,0.9611584923367331,-0.07112225993915267
5bc497f0-4b3,1.1859830056574971,0.02829474792622566
ba786229-459,0.7426617196200015,-0.028313482868832174
f55604c2-6e6,0.7794144632055211,-0.07111502306872125
1439968e-eb3,2.392332360168999,0.06663636610743873
b10b68f5-aa2,1.323775320493489,-0.03117317922766738
ed09823c-824,0.482483726735955,-0.05587557761817924
a3e33819-3fe,0.9810063717439547,0.026319175953468776
74aec29b-e4c,0.4808382794811521,-0.06695637258107251
fd3404d9-9b5,0.9796056861388653,-0.10309702897739992
36be8323-a69,0.9331229226910637,0.015296665460938996
d7d23d04-b50,1.3141652340927377,-0.08336408067411266
74225e0b-aba,0.8128392601429646,-0.04271539233943672
ad671cd7-e17,1.0059053356392478,-0.10474526481185475
ff39b746-ab1,0.9278847491333034,-0.09220005326325975
f3847f3a-c7f,1.591632014749238,-0.03004679238302682
bb6f0ad3-1e5,1.075256258339276,-0.08932858800193727
dbb11ff6-2a3,0.25173421194683643,-0.03924557432497955
8a578ecb-c98,0.6482708636295621,-0.09036366205737079
63f2a4c4-6a3,0.732715170303605,-0.03761242623851213
4014deaf-2a1,0.7201860869039778,-0.06248629571471448
dfe97122-ba6,0.6379846105256144,-0.09973925272769979
c74c97bc-b19,0.918839910122899,-0.09307687555961608
0101b507-39f,0.6129997998473506,0.016287224598526606
cba897bf-a24,1.0625136234303312,-0.05058984906694186
acc2866f-a73,0.670944934216849,-0.08506337925978125
694cc11b-175,2.3495770604172193,0.034498356460359036
215bb449-5dd,2.165989313142994,-0.014742334363675946
defabe45-b2c,0.723540201311919,-0.07267291235950024
25c30001-c48,0.5870865036730581,-0.10663178812069163
2dbaa9e0-0f0,0.9060067032883254,-0.1080839186399074
58796b0a-67d,1.1270736755958257,-0.02470136976555498
15af38ea-b33,0.6751421141815535,-0.11028088570372974
ceafe8d9-789,1.8031305224385883,-0.016279800452221438
a8cca894-250,0.7189744806572106,-0.1063261653773318
0ee8ad85-cee,1.21853005484717,-0.015959105077776037
5cc956da-f2a,0.8442562144396129,-0.10449442059355518
76380f7c-9e5,1.3772440090720792,0.02325727846651915
0ba80540-5d0,0.6691529699126972,-0.10440935831649467
a927ac6d-698,1.8548517797729585,0.06176584290136644
dd652d6d-ad4,0.7019596126264281,-0.10641932248215363
042765b3-6b7,1.9766941671673743,-0.0212688031463234
c93d7579-294,1.122512842954563,-0.038299834253424314
dc3365f8-082,0.7653846684999595,-0.11458215762919949
d114161d-8ea,1.004075800589208,-0.08935358041172958
f24f45d2-17b,0.8341295387929782,-0.05348020794281072
f2616f4d-def,1.1970751826497752,-0.013359973716227547
fd216711-d77,0.6350276684867215,-0.09525988334880764
994f904b-1da,0.5698739911370918,-0.014919637761585669
0ddffe2c-b29,1.400721218497559,0.012523518330945227
ca4f9b7f-346,0.7276788086186541,-0.10263088321711855
274268dc-bed,1.628724309126968,-0.028265177436321287
269326ca-fb0,0.5807959408075704,-0.0246506455469927
ef0adab3-9fc,1.2125901721079972,-0.05571333579387783
4e180075-8d4,0.6933010214538565,-0.10311569085129679
4bef2b7e-028,1.405626527982232,-0.029521656686134157
643558c9-a43,0.627901884683508,-0.04990883876529362
aa4bb0f3-fd3,1.0460875295025673,0.004906302181305278
886ef3ee-d12,1.9028960830022308,-0.03631547681098701
d57b512f-aa4,2.1615742971629266,0.006540056914717041
f7d19361-f6e,0.9290952795591574,-0.01034868971241193
e18748d7-20d,0.5610149356780195,0.04058168364372616
1d8d8023-44d,0.7774845880558827,-0.042195653027897184
ae55f5a7-b9b,0.651807593080102,-0.08983518104685628
5d8bedac-bbb,1.0657693669930342,-0.08607118651415824
00c41874-e53,0.7755551695813578,-0.03224441701026992
5660f8d2-d0d,0.7800740438431772,0.01967570263165508
b8ea54c4-ad5,0.92330201407185,-0.09984398749499279
cf2b01eb-a40,1.5335056852321527,-0.01209060834958714
154a1de5-861,1.0036857843738514,-0.053194094668075564
c2728419-d02,0.8937063546029482,-0.08243328537101335
1fb65083-1e5,1.5808358514527376,-0.009659388251960721
ac9c83ae-959,1.0004784537104499,-0.012583019843304455
60e4517b-732,0.9020407834581027,0.01479087659848255
afa1cfdf-097,0.6299335756933564,-0.08868220986612729
0966ab2b-021,0.7062809881201841,-0.031757944471274
4c30f527-639,0.9895149027704531,-0.035647820996119295
134ad9be-f88,1.2935115043059136,-0.08026067705295697
ba35a86d-796,1.568136648612429,-0.08399899063358324
aedc0965-770,0.7652342528666585,0.05153236965249808
db46adb1-98a,0.80999066866768,-0.06644050890828912
757e760d-c3a,1.6237788615194013,-0.07286079559438746
a264fe12-e26,0.72511611290634,-0.1074528424694925
aceab5c6-fc6,0.570091975187885,0.06194481600678792
3b260655-4c7,1.1035635720881993,-0.08481171111571573
bd90b0f5-ba9,0.42901411072134055,-0.03421122779995606
73c15e3e-3bc,0.7654542271450904,-0.102537952904729
8c2d3954-52e,0.8220359078178443,-0.10363783424970974
11769e9f-bd3,0.8950984353837337,-0.03747449552429344
397ae92c-fec,2.046708617629627,-0.04443383874955886
cd54dd8b-441,0.7770307851980917,-0.05932310212895153
a4b0f27f-507,0.7422040311877894,-0.09101780470279952
160bc399-b76,1.19185193741417,0.01257503055957565
5085e9a6-68d,1.0458667903667216,-0.07686319541387038
033dea25-447,1.257426592326108,0.03969916776013771
7a8f9be0-f61,1.2401703184795254,-0.10387740231810627
a9ce37da-d24,1.1801093260469315,-0.04147957726756607
2dc93271-285,1.11773284171943,-0.053351766129828504
5f617ec0-67d,0.8937698681193463,0.1383439355480105
f67346f5-ee4,1.0918612435976955,-0.09256314330893917
c42a8a95-82a,0.8270457690552611,0.0756416374683262
aa0cc570-ce1,1.1041470465245011,-0.0709405591621341
8b1fff7a-b13,1.248738961527873,-0.09576205846778757
323b2bc8-b67,1.9059340387590389,0.02007791842011708
a037a4b2-042,0.8189868001495346,-0.08694425112172771
828608b5-2b4,1.3158046351357908,-0.079720445573075
fbe2eafb-130,0.6730060853730568,0.03353019677038005
0f4d6b9b-214,0.7915583530815324,-0.04558151691756962
9bc4fc6b-d41,1.2191758103835677,-0.07199938412891854
3e4e9c43-6f4,1.2599863981701311,-0.014373733534481736
d70dbb05-3ef,0.7265805425380171,-0.04906084625215251
1da7b6e8-61f,1.5687604711401617,-0.014638155540608988
9616bea2-958,0.6135522998322391,0.031500003980606484
33af891d-9fc,1.8936856702389544,0.01192247160026183
50a0b87d-2cc,1.2378017608897571,-0.07151641235742812
1312d7fd-4c9,0.68336250082121,0.0073745851112713146
325f8c79-fde,0.9497869252232374,-0.10491021085233793
8928117c-b37,0.7817412304798419,-0.09260630567594541
93950672-3f1,0.9878022959182639,-0.09690672354677382
8e81b685-932,4.313633208947526,0.12010108651068818
bd438e5d-60f,1.3120035996013804,-0.006983573874105087
d9a43442-2a8,1.5252828901816144,-0.06525880825596853
203fc330-f8e,1.2433471403007734,-0.049971495770501584
bcd1e6dc-c2a,0.9523629311916787,-0.08751942628093301
e9e15f17-960,1.2266143305598871,-0.07597704944790085
3bb5e668-147,1.1947883609430265,-0.10843333095102631
4d5b5a50-ceb,1.1854907620462767,-0.06408974885457241
48fde26a-bc4,1.1586096908818562,-0.10794978182394727
e7453e71-f61,1.1692860906502414,-0.09705261453220282
a1f9ff56-f06,1.3058003541330219,-0.01607551744487079
9b896b8a-631,1.1853637001756339,0.026644184071520027
a93f3a7d-b42,2.5292059586283884,0.008621837587161396
0cc4a3b6-8ed,1.0078848327165548,0.03058259288090337
ab4dd6bf-f64,1.0793521654038045,-0.04293697652824463
6bb6358c-bdb,0.7944541551193112,-0.03944469771880815
bb3a0d9b-835,0.9212494324116018,-0.10889258801865304
4416a607-f94,4.38237860153274,0.09117424065445134
eba890e8-574,4.3553491642518125,0.08787643376136134
7f6b7b6a-c15,1.4520063220406736,0.11266996428585407
b06fa650-622,0.8033132559753521,-0.10410442771191536
5adf9bb0-65b,1.5417858513609524,-0.09719978531981038
8919982d-299,4.358139901228796,0.08287907230838754
19c7c7d1-006,4.4726324194773905,0.10378498617021548
9e83dc3c-6e6,0.609113132432422,-0.01612823251460449
e98de3c2-35b,0.45872597900813955,0.03165971277653623
8366d1ad-ac8,1.2521556431183978,0.04507856461928306
97cf18db-339,1.5639969621166048,-0.10372976672988665
fdef6edc-0d6,1.104820535811276,-0.10138327928524382
253344f4-736,2.7187028361713956,0.05098723203157318
efd6e16f-234,1.28611935425256,-0.02639695696303007
82cd0ef7-e08,1.225718542049445,-0.02610235191099375
fad356a5-8cd,0.2965510298504676,-0.010564703221587868
8b2feba5-1ef,1.1761974785838958,-0.038198129008575776
2b2e191f-b5a,0.783564042503806,-0.05139957840534237
8df32b2e-093,1.1797789911261667,-0.018495147156451786
12d54b63-2a2,3.189593844629188,0.07225391414273763
55b41695-df5,1.0136844478899711,-0.07492009487051754
9cd3f9ab-a1d,1.2963992893526646,-0.09637980023087883
c9389bea-628,1.6715443004662764,-0.07111614502465774
4c42e2a1-f72,1.0691550661414781,-0.05516164498954945
250394dd-d0d,1.6176975921790402,-0.025854550420392197
e3b341e7-2e0,1.1437389012146315,-0.05232559577197565
472f1819-c52,0.8792814999823128,0.006298339272444942
6e579dfa-816,1.2256079628696883,-0.09920413730307498
a1c5bc88-ed3,1.3040527421433492,-0.052324459549532576
73752513-ffd,2.4054967105340483,0.026013013590009848
880efbce-e3b,0.15591379513041242,0.036517147232343006
42a45455-db3,1.2698604562843119,-0.03270337051466787
c27e76ec-71b,2.7395753755840517,0.03090228744389356
fd6f99e6-56e,1.508273875411048,-0.08367856517788563
61f7c11e-1c2,2.753450233344792,0.023877185402870094
19dc9336-b91,1.0525368895628706,-0.03557802391448228
f4975f99-3d1,1.766334595081656,-0.012788367567129644
3c309192-be8,1.2206337560503564,-0.10475419771277306
d9420f0a-3d3,1.4396968291695793,-0.10140222782459418
b24f2130-ef7,0.8782542310196132,-0.05754391148304455
bd5272c0-e4f,1.2686465145397308,-0.03625025973939433
bf6ac722-216,1.5035401745088575,-0.06946257510938947
e0d70da9-a96,1.1177702468887392,-0.04421650813604516
832ae8e4-c70,1.2833305077667487,-0.05093822919369739
e43c1328-bfa,1.6740314777402807,-0.06876213119473934
54af24d6-99e,0.9378567226419401,-0.10439869188568729
178c095f-7ad,1.2215479910033218,-0.07088818935379654
352266dc-5ba,1.3065021645501915,-0.06912730203784745
c544cdb1-047,0.9137822821064125,-0.04877909500913569
3996457d-bcf,1.3199476467812767,-0.038746987452326354
ca1a5b9e-6ff,1.1607860235304464,-0.029035379400952466
e9608de4-694,1.8366394684213425,0.10654528797876561
f79bb668-7ce,1.3151948782178686,0.027081991124361382
05d2dbc7-4d2,1.5435938845816741,-0.010867490106512945
e874bf58-244,2.033918005979638,-0.008718523654733856
41277bfe-f52,2.4220637910746956,-0.039174940081119436
25cdd2c9-7c6,1.302233336211611,-0.07059250459374494
4f3fc410-642,1.2673142352940425,-0.021250130551609125
dfc68310-c6b,0.8822698641466976,-0.03668579082465778
ba9ae269-a88,1.4606312349870043,-0.012434357227583792
8ad09819-3a9,1.262681161519367,-0.07285147618885257
822007f3-b9a,1.1786045975367774,-0.04465563470214623
72be32c0-8c4,1.399763291025981,-0.07363543634634306
c812c9e3-e56,0.9299773050722686,-0.04387629884202465
cc0c8633-f5b,1.144827907850043,-0.08735931771361466
cdb6a05f-6f2,1.2818681314276952,-0.07660579070359846
fb2c73e0-1b4,1.236074399137757,-0.08554802851928939
2d135e73-6e1,0.9966954288216552,0.009518728107277497
0c0db569-116,1.8648588854798944,0.003879031212276951
d35654f1-d89,1.240845111642737,-0.048332259366087094
bbcd3fd5-524,1.778125003703273,-0.0927822854717521
6488dbb7-32f,1.3623303781517104,0.10990567403054774
7da8033f-f68,1.8334868371481892,-0.010999328822682897
59f03117-f0f,1.5465877307341254,-0.08056776807321231
9182187f-683,1.066096426318004,-0.026757458616566587
c199b4f6-692,1.2060274852534512,-0.08651550008018982
e3e152e9-c6e,1.4887507231200023,-0.04306205798807561
3e880654-f65,1.083488814213029,-0.07565847796309771
b0af8b65-067,1.0936119140157374,-0.018635518134898332
ea7511d2-460,1.0417619291848574,-0.06325442070716059
ed92e60c-b46,1.3756148807981143,-0.04222828085114505
cb2ff66a-c6c,1.5750418557303227,-0.02990690381773642
7e387152-9a4,1.243866332416898,-0.08338547053386325
c3031483-21b,1.590701107838567,-0.08340146827362371
1c63bdde-8ac,0.9564110696216623,-0.09182919189597183
30641fae-dee,1.2208683041989365,-0.04283271354093615
8d9cf99a-ec0,1.5055520366966908,-0.048458490408927524
e5d20007-a44,1.0165553885233016,-0.08637566879962089
63e0cdb8-806,1.5618666966423884,-0.02073881496336788
c6e0f1c4-dfe,1.0588799400701738,-0.08098093052530975
44512f65-532,1.402072628974722,-0.04818435260208992
68a8f886-078,1.4689644417794157,-0.03159452759570436
9c537627-10b,1.189740107246059,-0.08076492873935642
b0523487-61d,1.001269677223706,-0.09006449169159864
6a8620e5-eca,1.4166252247439193,-0.03178413777153116
fc843197-99d,1.3903411676042476,-0.08032043397958599
04c97662-0bf,1.1997244505423836,-0.07874081200394778
8d61c53b-1da,1.0456602960470314,-0.038998936190906
a1e39a66-b2a,1.8411730766032006,-0.0551052615999173
21648df6-b9e,1.677611394377501,-0.0737697598892122
ff995cc6-2ce,1.6527497506574265,-0.04150915260065552
f75d0b9e-83b,1.5104906451901448,-0.04396001543962075
835142a7-774,1.649407797568091,0.11916269392401069
592a2368-d90,2.7756217315174956,0.0031118305035624516
c54fc2c2-114,1.6514737673753728,-0.07291482318155912
6c21eac3-c85,1.0633954751220591,-0.07482172640594575
b6e6a3be-ed0,1.3095908634772373,-0.0743535085226224
700d883e-480,1.1804972939015346,-0.03773287943016923
4ec0c8d1-404,1.8105811180246887,-0.05811551232767276
f864c744-ede,1.3820089849837287,0.007576355234072518
159c445d-61b,1.9100727257275558,0.16088664418333753
3eb51f4b-190,1.8764678410682918,0.017059951567259257
21245c7f-867,2.5534856966772845,0.014978180109982309
8c4f43d5-fed,1.3380038564941348,-0.03991544144547099
46036453-93f,1.227308307867874,-0.04651840603059715
6a3f6f37-c69,1.4867328518004468,-0.025280249922534637
cf350861-bb3,1.0677415585296233,-0.050288180470687616
2c564e69-974,1.3913520673242545,-0.07337413932690956
698d15d4-710,1.8207066483429097,-0.0808155939559575
45ff6cc5-dc2,1.2812227479070413,-0.018922223154558104
ee776422-06e,1.7497661271755303,-0.04425279152866868
b7b16651-b6e,1.552267137863389,-0.08440478042509136
be429c3f-a25,1.4037802186170236,-0.0481343697326182
e1a877b6-91e,1.5552870497165996,-0.003901902019597392
3c622b74-c45,1.9485152973604873,0.0010312285476145044
e05cdcfe-852,1.8016277639101133,-0.029294957036397562
16f7311f-464,3.1560968072898583,0.11913250194190173
5e870010-69c,1.1305768351653835,-0.06080037456705806
ffd47f3a-cf0,1.3799315430314645,-0.09185952006024978
e3789018-43a,1.1720193606353129,-0.08842982024067386
a5182c6b-673,0.839702700723213,-0.012442969487154842
814823ae-640,1.2984406022119825,-0.07864391088748912
aecfff3c-639,1.4323280036572639,-0.07621883027357867
b87bf458-be4,1.287911318031571,-0.08199745386041474
0a082e81-b5b,1.5332981204284222,-0.0823657231525391
75f0bb97-0bf,1.5675083647801271,-0.02398472650004818
26033499-035,1.0283777550167574,-0.0588760200117292
612e6e73-a72,1.72460394106105,-0.026295314101663025
1579bde8-1b1,1.1327731173260833,-0.08398086443584196
5b8b82b5-a5b,1.1555478630740446,-0.03527814384594641
85f8e243-25a,1.3927579714371356,-0.0479950797846424
13069502-636,1.392422427091161,-0.08104901620992294
fc4626ac-402,1.4680933297242786,-0.0759130818387454
e5f669f3-81b,2.4057285351715185,-0.03874066613026422
c2736187-9ac,1.1032531680559665,-0.09068650735248507
00e6d387-a4a,1.6016712839035387,-0.006902200000822589
f76bfd92-24b,1.6076895350685838,-0.07534480198513172
24c19a5f-ac0,1.5788625159728908,-0.0883064489350231
e78ceb83-e2e,1.0779114665154266,-0.0734445191446248
63f2acfc-692,1.9340612286476861,-0.056294026093152316
657194e5-646,1.452758325496315,0.017295989015467028
e839031e-92c,1.8070612479266712,-0.07141334583828307
7b0d651f-717,1.4460491500070496,-0.0880745334224734
8c7bef02-c18,1.8843581435424612,-0.06575784166986193
9aa739cf-3cf,1.5390425309053186,-0.08718264733741615
2c794886-590,1.7387691635864924,-0.08329146163752849
7e4f3b98-538,1.1495703545038463,-0.019712091357186767
e5c6a71a-a3d,1.4761324056859588,0.03875115202735169
525e1ab9-48b,2.2733097497733614,-0.05968943785591002
d6ddba20-003,1.3128634756980888,-0.08809365167416028
b83b371d-586,1.4730719497887768,-0.022801942788010066
773dd534-75b,1.762067380870877,-0.051280937741836785
1a34b813-86b,1.4218945791838873,-0.08617152400671452
a5b360e6-ce4,1.6234744076580028,-0.048336082933614855
8afe920c-da0,1.4587828108988716,-0.07049263890843227
83f19db1-77a,1.4860850773961327,-0.05693590151849359
86b90a40-f59,1.149404085506852,-0.03595490962148262
ed3bb4fd-c6f,1.5457154600714795,0.0068094692501317056
37ef8980-1cd,1.5320439476981107,-0.06844703625757076
74a40578-816,1.183074191861958,-0.03093000423493647
d93f990e-60c,1.3440599766251202,-0.01664483211155038
07630606-01b,1.6333479893845622,-0.035220598099956923
a4b3af2b-a4a,1.7293411774223006,-0.05241408680233467
a594447d-276,1.1306906798732788,-0.0661288603067009
2d13d970-7ed,1.1377659762452783,-0.04372769873227916
e427533a-3b7,1.2824807257596824,-0.08808791695026674
e9311cd2-332,1.361802329255124,-0.025749308896477974
645c71f4-150,1.2198059902934981,-0.09195538350654703
3bc5d6d2-f08,2.0454623142965467,-0.018400769365745695
6d982903-acf,1.3868906105019858,-0.08796967874023348
300dde19-701,1.7181213631920502,-0.05559526156729122
9db3b81e-b8e,1.2131978309554552,-0.08297811162728846
6046ecce-77e,1.4575654865356715,-0.06296699573987302
2b74c91f-0cf,1.6042428231203325,-0.057295886424048426
d26fa818-632,1.8451274676640708,0.1562195936285209
63225375-348,0.921548859675417,0.07661481669685066
89c09da1-598,1.5163906261132878,-0.05742897177266815
6872c776-3b0,2.213771669295701,0.09137961221731994
3c3e8764-bcc,1.1611987510570072,0.005068206241055417
5c4c2ea8-1d5,1.5651241830249005,-0.04221548313675244
ccc9dc1b-4ca,2.0639682324223125,-0.028450101162762198
8dd5a88f-d6e,2.9199261756340027,0.062051937959858416
ccce18f7-7c9,1.5883407436622494,-0.030856872125306356
98869e40-5a6,1.703160442369923,-0.014985169417738586
618796c8-002,1.4485054430505735,0.1153852638900007
29a441a1-a57,1.3257532046831493,-0.04503290780471403
5d065cff-d03,1.3603354136018726,0.005713231411299202
c6a9ee11-826,1.376031710336792,0.01930759462656173
25f772e3-b28,1.7278262205942698,0.017489614056495628
6e211798-5c9,1.3929835866791591,-0.014135860412496981
95149b20-137,1.7694506988006413,-0.007275720172213784
76493eaf-155,1.2163051594776755,-0.016136749461649447
068feed1-6e6,1.653887290595166,0.027122093575004724
d833ea76-bcf,1.8720479806562373,-0.05420628502688424
488ba4b5-ab7,1.7560966013830543,-0.041087994491423196
654d7a0d-9e8,1.5776962442045683,0.014148052706507652
559423ce-18c,1.3253320204778254,4.814605000791339e-06
ed79556f-530,1.3265972837047304,-0.06589406458650976
1e99f4c8-d07,1.3318865761239778,-0.009536771292288027
d551216b-0f1,4.387737925245431,0.10124552819875254
4b7145ad-237,1.913871712265605,-0.027192930633935186
fe69ed74-0a3,1.4495277097341674,-0.01852314123418125
f8ebe202-6eb,2.513929811752717,0.09713537285065599
0c1e2bc9-3f6,1.353316266094557,-0.04007217094747112
14dd9032-151,1.5104836161123678,0.005234667023304995
8edfaa6e-cde,1.9172298454808936,0.007788864468172174
b798c12c-a0e,1.434339564773834,-0.03802407098553329
3e23541c-b3a,1.6243921736131557,-0.04941359763967529
8e13c38b-639,1.3930466357172737,-0.04570123132776849
318e7488-561,1.3751337552913583,-0.04170876064782453
1c1c6733-032,1.6199420382996057,-0.03532560195540402
1f801757-354,1.6046884812660307,-0.029949838851935418
3d7f5cc4-128,2.662528001345046,-0.016842738889955744
5aa03a03-f4b,1.9434799747240468,0.0007032444351788847
aba2a406-2c5,1.9627629265439062,-0.031996619950345306
536dde89-e04,1.8211477404510668,-0.02217462278133031
ccaf2355-32f,4.567249681442585,0.08212224725660211
52f9f9ad-844,1.5281887929087612,-0.045221365206376374
f4d4e349-f5c,1.6558145729837512,-0.060728903367605225
fc2c4e13-d6e,1.7814180238950788,-0.0011041883221915016
0737294f-76c,1.289680806343203,-0.008053065734149545
08271265-68e,1.7211324014032117,-0.04022462146419453
38ae131e-20c,1.3850329755185156,-0.0564767077661566
536c95c4-6c7,1.482329963549001,-0.05160916596908843
76d5299f-30c,4.429093816696132,0.09305893726923398
d0bfb402-0f9,1.4903170644550778,0.008090273818760152
803f9b9f-94a,1.533265508733305,-0.04301758599411454
42d686b2-5d9,1.5859026590586172,0.0017520579768842692
e60aef18-de9,1.7718972471458312,-0.024027744809085816
f3ac4bb7-3db,1.9786966763280278,0.022285327359682916
17583e9a-718,1.39130214904709,-0.057615699122626096
553d1481-967,1.6035118744944552,-0.06762139167802522
fc6d85bb-b01,1.6055010672972738,-0.058429573416853176
4affd817-888,4.439873726352458,0.06795147232688525
abc3d5d0-716,1.3299672536375413,-0.06035589665569163
9ee6c91e-4c2,2.199591185861966,-0.0158867700583622
a9a480ae-36a,1.6453827067497366,-0.0460835380442941
075b0a74-37e,2.3162353678712035,0.009818619871826084
3a0586b2-1a7,2.303050244077861,-0.026698175665340773
939e7786-4c1,1.5023479720933295,0.00602214175060678
8bcf8fc0-b9c,1.7288080690114467,-0.041483477575060546
22aec9cb-cbe,1.454838992772335,0.050745965351292166
5731698e-054,1.7326097163855827,-0.014155020637335147
bcedc8df-19d,1.5448949963184804,-0.052755966002112575
9c5f5400-f03,1.7521302464222566,-0.017778449116487016
e047b4eb-f9c,1.511104518016184,-0.05526412972673461
0304d198-47c,1.8772128297506234,-0.0022170782536938827
a383961d-aaf,1.5806742446733197,0.008290856118341572
99fbda7a-681,1.4405201716520282,-0.015598839725979419
6cde6454-0c3,1.4786827358255867,-0.004467819598128808
a52ce2d3-96c,1.7737969949050405,0.025784496079032992
db98794e-0a7,1.8288217997728418,-0.02577804092138758
53243902-9f4,1.4792206556683372,-0.043970353088635616
323ddfbb-3a1,1.8216250687965467,-0.04744552617086778
4534edc4-639,1.4084700110642379,0.018045762704326784
147732df-577,1.771597829308574,0.007731029863265126
bfe191aa-5d9,1.6634226760543505,-0.03363226460982005
2a7b7fa8-241,1.8072334894619253,-0.04581155533416553
3cda18ed-77e,1.6817285074782045,-0.034784478148029374
995a33fe-717,1.4585765851796813,-0.01141961197110919
a9b04ea3-960,2.5331025661482,0.022670241637769872
a249a29e-546,1.9513630273385458,-0.026567318846243304
760f24d0-60f,1.8724243544927155,-0.03520754452907915
4b8cb046-966,1.4448862443258281,-0.004402220746907937
a689be96-6f7,1.3812089191415604,-0.04132719415674996
5e7c13df-ed0,1.6868714853417612,-0.02071929842734066
826dfba9-25e,1.6269405124736662,-0.004903160674375351
b5c27e11-1a8,4.2837877361619725,0.13290036692338725
e46342b5-387,2.0030378849481423,-0.026258245367509203
e8d22667-044,1.6590268877429872,-0.03292949762429964
3efebe90-5d7,2.0148143387898148,0.03805493689729644
ca1b7b1f-eb4,1.4890655679623943,-0.03252345616305202
426bf956-95c,2.5368175506807242,-0.03178548257371877
e2f0263a-7ac,1.8450796500526958,0.0012584491920232255
4899ddf7-d73,1.4827127824379063,-0.04337969800337249
d130bafd-138,1.476632805530268,-0.017492989570250028
029df950-120,1.5465330479378792,-0.055097693604736486
38000514-48d,1.6171331936642668,-0.032161358166008014
28ec2780-f75,1.346532776407225,0.0008746580577078111
b744e2f4-d50,1.6354932663418738,0.006949156750915009
60e35139-7f3,1.895737328969421,-0.06297739656584783
8e67968b-e56,7.366208695325027,0.08279136484341276
fa836f53-e63,1.600186065624005,-0.06122629138548069
f778595b-f60,1.5297072435002863,-0.0481150327650795
364b5b0a-ebf,1.6351248238106573,-0.027916294589459545
0ef8ee48-cbd,2.1896361460048275,-0.055347798346913724
0c0bda11-7fc,2.063373418062368,0.014043010545407353
3ba15e2c-336,1.4030968566549162,-0.010951161526989994
7c9bd066-830,1.7824858877862444,-0.05921943451686679
3b1e30f9-9e7,1.385970806641863,-0.04798038187182335
3acd16dd-33b,1.8318450830495518,-0.018587087661965707
7b0cd0fc-6f9,1.9063078622020162,-0.04263011158853419
bb7c2f54-1d8,1.9193758932913128,-0.0375202473046774
57236de2-384,1.3679849480962907,-0.05875853010131882
0812d0b3-190,1.4293984285974803,-0.04302133629598409
391e5ce2-587,1.5770823270893661,-0.06773350003721351
d2ea0634-ae2,1.5702517727088967,-0.01613011946506454
d06aceb2-31d,2.384083547385691,-0.04255726269997284
6b994ad4-8c4,1.5503925858214007,-0.05153803094502751
98f26ca4-11f,1.6092954067205643,0.014045741200502948
d4d99c5e-15e,2.0462112171709057,-0.03904847054447702
d1790e8b-fbc,1.448021745387211,-0.07633631720821643
d0925706-a5c,1.350996746354375,-0.07330559308052093
41c0fb80-ab6,1.5033581458633423,-0.04072504566840218
ad666f89-de5,1.677584432654062,-0.033632119702065866
5dfe33c4-049,1.5033985309591507,-0.013285176417209
3d7734f0-385,1.3539599019305004,-0.022968552177323853
ad8e4bf1-114,1.423628985229074,-0.034431563839583346
37d7a73f-ab7,1.7734740133424436,-0.046239396979588454
5f591603-128,1.4294168205531037,-0.043816837915723494
950151e6-037,2.0052125286825597,-0.04883276317925794
638aee12-43b,1.616268184760402,0.02849027332002174
2addb9dd-4a3,1.7357165413420317,-0.058240897638866695
4cfe791e-149,1.2598858218710596,-0.06425486343155751
c8234a66-aaa,7.709443792358879,0.1239586578732026
f6d975a0-5dc,2.0524127961582153,-0.06711627238310075
4dbd9d51-e51,1.7549745372154135,-0.0025321748307440828
e522bb36-1c1,0.46322032489987425,0.028312507337971637
72b3a39a-2e8,1.5153555774418068,-0.012472935339937374
92cccecd-915,1.4551230318004507,0.0966038523692988
d72e8e1f-ec3,1.8174367099073825,-0.00978380805440332
166dd201-984,1.2827560360474164,-0.06823518489212987
0a3eeb50-ae2,1.786743759847186,-0.047677736527529324
5b0655fc-2ff,1.833894934478479,0.10223858239024741
36283769-682,1.3243510372727259,-0.038672333988172214
4e83df2d-26f,1.9271747048964352,-0.03250430983103736
55d7f570-786,1.953342766952415,-0.011719742857109472
95459a8c-269,1.6104874870805224,0.014688193112642911
9fe99c9e-acc,1.3621068487586354,-0.05419167870004876
9eecb07f-475,1.6371316503382984,-0.04948634111799527
22cae673-b21,1.3231808505399458,-0.04818309075580113
7638f650-717,1.8736444945864017,0.09612308173562578
bf7862da-736,1.4402518381814309,-0.07990401669276459
29c59904-640,1.3424761956221969,-0.04066959703363493
2ce4c82a-f6a,1.7906418805025954,-0.07675363727127321
91895455-853,7.82132932140168,0.10743039853634462
57767b88-8f5,1.582125986255296,-0.05255537597362342
847e75a3-a34,1.529154035899535,0.062218306615854924
02f5cd45-0b5,1.5989738367763122,-0.05838257614224113
ce3ded81-f85,1.2167818192711932,-0.06887707783291819
007e221e-79b,1.4603624198973422,-0.0447033886833092
e8dbe6e8-607,1.7500151462278088,-0.009127283869708624
31299619-26e,1.306332201182129,-0.07308488843974303
b33c00ae-d08,1.9959706248563283,-0.03517136218769884
03a86b16-9cf,2.4662200263612872,0.055258150055320754
148c60b9-aed,1.5273369371073084,-0.06849216648946693
663f9ab6-083,1.57713453371284,-0.022089629679183875
330d6cea-1d3,1.1486920529530777,0.05311998672684515
1097bf7e-220,1.6916077314176552,-0.006673287653709115
539fe2d0-0ea,1.3635948634041737,-0.05282616406748741
acae1af5-401,0.8660505010475941,0.06433766582854616
6cf4c8c9-2bd,1.4909807851152452,-0.045620167993257854
2fd09c81-598,1.409404499687946,-0.013179468886380108
4e6cf445-bea,2.1062462088307936,0.012706832853175754
f15deace-944,1.6259011817780948,-0.023021191604321423
95c82a1a-c1d,1.9330128508601585,-0.07311568966610416
c491639a-bf0,1.2309428875887458,-0.07439865854154709
4a6ca5e7-8ce,1.6353300918514329,-0.01139886632215642
05ba993c-3e6,1.3075549635675006,-0.02645908584304829
df17b5f3-189,2.225729941702353,0.07507542266915712
d022cb90-b0d,1.2524913196977732,-0.05597531924000421
becf1292-64d,0.9029224802473024,0.05244944901226878
b0c78392-b2b,1.7844289004851754,0.0037423776848006796
bb12451c-48a,1.633300407163407,0.0029505361235573346
46016bff-143,1.4793167592247214,-0.042526537663877595
097e76e2-358,0.6773788875049095,0.03707906597584132
1cd8c397-f84,1.9302097872424675,-0.03772755963014113
7717f8e2-9a2,1.7102372427181216,-0.0027980721915956686
3f66da89-8c5,0.5075822218147705,0.06817493594320845
0b21beb5-e90,1.4060155333065618,-0.06800015339712734
9eb8df63-01d,0.7306635528903935,0.03359352746492805
88ffc1b3-6ae,2.0085836733445164,-0.06025252296013828
68c8eb53-bc5,1.3163012287895295,-0.05530439917235791
52b88ec7-3d9,1.308226323670391,-0.004033081187085563
671e60ff-892,0.4649134211650029,0.034427399411501414
eb2164b9-51e,0.5438252410983528,0.029035289915738005
21f4afb4-bc6,1.8785773842374514,0.06947642069786475
a284a233-0f7,1.3822595450509132,-0.0650083556974747
7f15a5da-4df,0.1888789490653961,0.01622031244016342
0d520409-1fe,1.4578717638371672,-0.06784007419004279
bd44c1fe-206,1.2566960851232967,-0.02531115072770118
1af9e9d9-b04,0.55449665985923,0.0425251275834303
4700dab5-b31,1.6362642716959241,-0.05111536143236045
aa5654da-025,0.44916661557209814,0.02599133461455616
6f35cc31-f88,1.3746306809642097,-0.03874941614540445
524018f7-2ab,1.4050320498608961,-0.05660377902458669
f25770eb-5e8,1.7866155815722635,-0.017700840369646476
6e0246e6-042,0.14031806190721685,0.02525116372381453
a0144516-8d5,0.5015423999190091,0.038379496972814175
84008b6e-c7e,1.8437549614934317,-0.04318891117214957
f80f3a4d-b42,1.3138256312496546,-0.008083703626408145
7b75bd10-11f,1.293497500809379,-0.08346257346029817
26902685-d33,1.2374890578306594,-0.030867487640677815
e921cdcb-439,0.03589577395511185,0.03100860170794395
70ba7f12-318,6.394297946308339,0.11843337101423224
8ee8af4a-34c,0.48310047278434537,0.047790177903961784
d07c8aa7-8c5,1.272695999071677,-0.05402169143584745
4c2f0925-22c,1.3027841690529045,-0.02332933046935881
f47266d7-aee,1.084983295863625,0.03198989764119431
120ec5b7-0d1,1.5064941936564098,0.10268259090213139
433a67b5-aec,1.3717174989947873,-0.021466708104913634
ec0faf37-4a4,1.6016502660577103,-0.05427668716723627
4054ff2f-16e,1.3322220522692303,-0.026768693635174368
c79421a8-bf4,1.6101124410549184,-0.010691888496398183
d34cfbfa-6e8,1.0026648405814846,0.02246072706036284
cdcdb043-c56,0.4601709806190878,0.0634835657261793
7982d046-1e3,2.455626459926119,-0.02184854314504442
46c19704-e14,0.7803063536026157,0.027289223060541046
682c1e83-52a,1.6930633821964172,0.02705747301667094
ac8304e8-1f6,1.4103000565577106,0.030272403506450885
c56d487e-1e5,0.9836643306848163,0.04581423669967177
ea32e353-238,1.0229235642305263,0.046809209836304766
d576e304-42f,0.513762265665958,0.024508694931524633
2053063a-709,1.3046619981020708,0.04674838239719348
3897d7f8-c16,1.4636312279559338,-0.06739201816890561
74d1af3a-8fa,1.424931034142197,-0.05950255538418875
c3b05b71-07e,1.0035259615674987,0.06267217321893603
fa97e81a-749,1.0480160475938471,-0.020085612131847452
2becac68-489,0.8398574939103568,0.06535278358889418
9e533f8b-4b4,1.1312346557612079,-0.08183772981913151
815aa913-af7,0.8368745839464642,0.06630867959322473
abedc769-ab5,1.1868838815232698,-0.04554405762006225
de4d0ab8-133,0.8379606665256536,0.06780001324405682
58e5a8df-5a0,2.503227554554251,-0.004412604694691569
343eecf6-6af,1.152715070488391,-0.024121644836758604
92375c5e-50c,1.1027110975120615,-0.02426003064242227
43933d80-102,1.0469097681385036,-0.050575605194711215
ba226c10-beb,0.9268091554334368,0.011750969660768273
3ba55915-431,1.9017569034132669,-0.035597383184464315
4d2c696d-df4,0.8199396210539096,0.022831658325077275
d8b3d423-30a,0.9055759704436187,0.013329391120077694
dba4626d-f86,1.7346203862007072,-0.05010519782517492
16e3af81-b53,1.5738804601038177,-0.06236356795142711
6f9c77ab-5b3,0.7609015579169909,0.02613048157598119
b2ca878a-83c,1.5554232116075817,-0.05567842658652311
0c03de70-272,1.0136139020000043,0.026759402263746734
fc75d389-e50,1.0337797287626325,-0.05181287058317602
751fca44-fe5,1.3212235783754012,-0.028438379994569996
c9fb9a47-79c,1.7667023632906242,-0.01922159547225738
7bd12a0b-aa7,1.6821415436610634,-0.07420272934999167
2d02b3d4-b12,1.8644218366418444,-0.021769823234168484
87b652bc-aa1,1.1392194394727686,-0.08562177853697628
05308d6b-baf,1.477142159561251,-0.04049407041856562
fc4286ee-66e,0.5135438772866795,0.02637514091600568
0001fd89-896,0.831079476653696,0.03239358590891239
c10eb992-cc4,1.0313010736235944,-0.0503018794830683
dcbe265d-fab,1.0152728010227599,-0.06063274660697693
f0164028-8b2,0.9996814777930071,-0.011562293717259253
e661f369-1e8,2.158254032903492,0.08477125762488535
e01ac8d4-663,0.44570417152256525,0.05791572707300119
453cd03b-f35,1.3846697295471906,0.0988411080056123
60b98808-5aa,1.1838040736178133,-0.058030535341785816
4d1568b0-0f7,1.1253226450195504,-0.07656014557853014
a626c6db-478,0.6439595675237291,0.035908468047485265
41065720-089,1.0168188939929443,0.07432826904151435
a304e645-f9e,1.4815943859699292,-0.04900128181755736
1488ed83-0ad,1.5651263134073665,-0.02822833155711607
a460aac2-0b1,1.2019612162849018,-0.06181528650709134
0f95334d-178,1.2451092479734074,-0.023368716001477163
c01002bf-b5f,1.3851186435219813,0.07377736522922729
6931479f-e4d,1.5365726192249318,0.035386621917752326
adeca8c8-f63,1.3581079457352971,-0.051873546094131806
faa42493-2ea,1.6017056489260588,-0.04509386149539418
f5fe025d-c1c,1.7196618706547437,0.034011253397895014
7d872113-ae5,1.2325195224366297,-0.06106873873998753
ae74c508-e6c,2.0270643003517383,0.07328649655307462
2e5142ff-d78,0.9673898422508392,-0.0756040277000265
9d6ed2d8-d0b,0.5561287942597096,0.02160309469274624
a643b72f-bcd,1.1277721298211683,0.055794230575772485
f60928a4-ca3,0.9709517297807327,-0.023628387828800057
2c7bea12-cf5,1.5753228622313533,-0.045709241660429945
83785a66-ec2,1.772689630407766,0.0735387071942808
64af3571-a73,1.2394988592749612,-0.02024640898530039
3063339e-bf0,1.3001782967183044,-0.023076840919834918
f9187259-22e,0.952031999855148,-0.03332656121388905
74a173fd-372,0.7514307398811739,0.02349670054727704
e4e1875e-c95,2.067516423840678,0.07659082399680883
dc1f8a31-9f8,1.0260487593170329,0.03385452363970787
0bdf6264-398,0.9641455959533971,-0.08511936125010983
11d5215b-5d8,1.6934016763085102,0.07790619296051204
445b3610-0df,0.8660721554491708,0.022688585470024947
445b531e-495,1.4429593562339837,0.06822520587112457
e93290bb-55e,3.458734669660952,0.0731072762127547
c14018cd-d96,1.2806664334500395,-0.021842939262645356
85fbc93e-e39,1.2574185611581972,0.04202616186029162
e816033f-5b3,0.6904016056528258,0.031295557486772374
886fddd4-c2c,1.158896899272699,-0.06362364236385881
22a4a608-50f,1.5933414598519957,-0.015267687467117541
a27853da-ca4,1.17592033554411,-0.0284745413010819
acf941e1-d10,0.86192655422792,0.019383491870041736
82ca904d-842,1.4827692594873874,-0.05041990813360192
11d130bd-07c,1.6654326110198214,0.0441986450708044
ac706302-fb4,1.8808711218649425,-0.05758005243802555
25351187-cbe,0.9432404134679143,-0.025646976828005097
1ccf0242-045,1.3467096135860812,-0.02037206852551432
cf951349-901,2.0617303620178693,-0.0444537859518781
2f5b1377-66c,1.0082227083643338,-0.06750000055422051
8a33800a-453,1.0617099754674537,-0.027445528422752608
839f6595-a34,1.3248856134508746,-0.03269884461821565
9893204f-402,1.29051756837834,-0.07624738223960947
dda2141e-eff,0.645869837136975,0.0053392483501115695
61b058fc-f1a,1.0066271538670915,-0.024519565167664292
f2c9f0c6-0d6,0.3972636507528375,0.022033417321771
ceb7dea8-a3d,1.335702004902573,-0.05475870496693125
f00da269-c1b,0.9161985383780399,-0.03370797464804565
4c2c35fa-41d,1.5336551058578967,0.04583730559210886
b1964968-112,0.5148227729114419,0.03239945859073934
22ed2f81-ad6,1.196359074745462,-0.06478375022020322
a80d6329-aa5,0.9305599962703693,-0.062005939522692455
6f741702-67f,0.6687694180964123,0.052149029392180024
8626b07c-ebc,0.33501453477387155,0.02493239940378511
61d420b5-0a0,1.835434825797864,0.004157810759262581
14836436-fee,0.910311964745075,-0.051263301941827155
65a7e81a-5b5,0.9932616351043061,-0.07319526033342721
3d564c7e-2ef,1.3869260902554128,-0.06877704756838016
b23fb5b0-897,1.0698528244297505,-0.05555311436693916
b06406d1-5d1,2.220538862157853,0.09186160861454751
1fba60bc-a38,0.21185130892159731,0.0344224078509644
a4350e36-74a,1.3358537881981907,0.02554475866252026
ff1562b0-68e,1.095205163684606,-0.06686230014857103
a8199f4b-67d,0.9850988431375256,-0.030257783240104974
cb5c9809-cc8,1.4271529675179973,-0.06669287797585394
448d8996-6c4,1.2525777850300608,-0.022521687141871638
d8343e58-348,1.000312016199911,-0.03391102891013131
efb0971d-98c,1.1497613119920116,-0.03797564563319322
d14beef9-480,1.727033546962486,-0.049880849527938476
d1da70af-7b1,1.5750896945237738,-0.06106874996257056
f4084914-b9c,0.5701199964504644,0.042945461410766494
e9e480ab-a3d,0.8643792271620823,-0.02776320018511902
60a9ddb1-bf0,0.6042372387717853,0.004162818595153994
15df0dfb-398,1.1140493345626568,0.06398353282706326
6cf5f5b3-a36,1.4273927620147258,-0.02687885651069083
899ce1c9-39d,0.827250616532614,-0.07705153186191066
4b2eacec-b28,1.7523854026212453,-0.031167309531798026
e8d0e321-2ad,1.159479493918555,-0.06560374251462736
c31c1d9e-512,0.9380506764126788,0.03581381904459724
c9bb4d99-bde,1.2126080200625993,0.03766197336970678
18ea8581-c0d,0.36087547388174224,0.03366001833354426
2d32dbe1-c83,1.2478535666759938,-0.07148409406620143
62e8a26b-e4f,1.1009789438492266,-0.025006783618967132
796f75d7-569,1.6666276938400735,-0.06458959596385921
44af5dd1-f6a,0.4920899890812137,0.019762796562815654
4ffd473f-760,1.0847422137349412,-0.08193709856905135
6cde60e8-edd,1.1255133707753158,-0.03476968283024723
716bc6d6-118,1.3793958450939292,-0.05973996366910578
f4feca78-a88,1.0806776838957821,-0.024999355267369794
ace616a7-96a,1.3171482058980404,-0.028101323533269107
04fcce32-74d,0.8034087161616261,0.032877616115909
12aaee4b-60c,1.3095804757756555,-0.056549216351710674
e7c4646c-95c,1.2359947353074603,-0.04986023052116656
27a9b391-bf2,1.3629135943191215,-0.024974461632995437
d8f1d5d8-737,1.7257109732824616,-0.014026655204920913
81c9ef73-803,1.5010306058272118,0.03438490046421894
b24bb1af-68f,1.4592001435537396,-0.05994297449430941
ea98d88e-325,2.8685850672984063,0.023742615283957047
a99e5980-1bc,1.0968375371659824,-0.07374397314729103
7817395e-600,1.955651071185751,-0.06679724062310005
03369a95-80f,0.9921332669418031,-0.07495462495808031
9488d518-610,1.1700726617959472,-0.06911551318714182
9dda29e9-30a,1.0642139217537139,-0.07429546358054351
ed2a76e0-d4a,0.8970761872819184,-0.04511753807907182
9f46337f-ca4,0.8107337218244004,-0.08589249377244323
da8af4a0-c2e,1.614162075279398,0.021487778110839684
e61cb67a-bfd,0.8469620458796794,-0.028801627904997684
ae4752a8-186,0.9834533655195905,-0.0677211151874838
8eb41f5b-3aa,1.542036473614318,-0.060061260697079843
bf84d6c7-651,1.4758109015670722,-0.0519011601850875
e39743f5-563,0.9816679158233016,-0.044394806795855446
a0e7e14f-d61,0.8992764218740961,-0.055208800156416216
f214b8c1-48e,1.4883995464102873,-0.06408070402832511
fcfcff09-852,0.7529904687485595,-0.05655882792235889
8128d81c-b18,0.8767919044544228,-0.055408213608289514
709384a3-402,1.4063872803277233,-0.01902934878992668
3ba85329-297,1.6353327352009932,0.021553749992116233
3572bbff-593,0.9312481838995084,-0.02699834817411051
175be1ad-b9b,0.9958316016466763,-0.08219361901093786
cd898753-976,0.8411142558927869,-0.0196149819853213
d0632eb5-d3a,0.9095502381049341,-0.06606856856669419
b785bcd4-e65,2.2666002888023593,0.05646871422249644
5bb1f944-794,1.5748644267871699,-0.05566412519201114
4f4276b6-251,0.8028026698031692,-0.06743413515198948
2041db8d-54b,0.752627642230605,-0.0769197360255145
aece9230-f44,1.1936793852519785,-0.06917951414319418
9dd3d947-041,1.1603842384843823,-0.0761507897396777
e48aa651-359,0.7727045088993174,-0.025427498474328514
14ef8a76-6b5,1.0029323307779139,-0.06184372415335937
7d85584b-e14,0.8190860788844175,-0.04604551435602677
c708866d-074,1.2503201402261157,-0.06185866432058129
c34a4c2b-40e,0.833796021084285,-0.04878991249096909
7d0956b2-7ea,1.8477924114947417,-0.021635530824039573
93b6bac9-801,0.6574807565772215,-0.08319248058492473
db9137d9-ac6,0.6835055201412914,-0.0979037031448397
352623c2-ba7,1.516530557213641,-0.09145204821817149
b9168564-76b,0.851115078655782,-0.09871741795653688
34e74c94-813,0.7566393785387665,-0.09625679383941166
aa08241e-7b6,1.0241161534618493,-0.07324670118009269
36d88ca9-1bf,0.8453655818210416,-0.07788392096192792
96baae7b-5be,0.6418492400628741,-0.10884941715785451
e0c92123-ada,0.8929956649649542,-0.046116812053940526
590a8eda-681,1.064053880334613,-0.04585160577962716
3cec1f9a-ffe,1.3523914022225503,-0.10358015090355771
2a208530-c71,0.8328501185317372,-0.09528654073185228
d1d2324e-c13,1.4369782026097635,-0.07206628947264088
d9a31ab5-f86,3.1070690241693444,0.07225586635479919
7777544f-c6e,1.2176376751598235,-0.0395065941669307
7d6e98aa-9b9,0.9549652894384715,-0.0638771375350567
1f54dfa0-6b9,1.5705858631818508,-0.08771778576973471
e1fad251-de6,1.639951088451004,-0.025312878312499565
f8746f50-c4c,1.2686647555265194,-0.04539180935824849
340c924c-789,0.6413683000080398,-0.050820109442122785
fae560d0-d68,1.3949217836922077,-0.03308655758093432
53dc77e4-8ed,1.116239614454913,-0.07682323916196326
09974be1-243,1.0416990890961777,-0.057397772542150116
085bb48f-970,1.452791771272958,-0.05282011878844145
a5ec44d4-239,0.8869401617315352,-0.06695152372700064
d0140604-af9,0.8598323442618525,-0.07821165532291446
2eaa8582-ecf,1.1390865281770255,-0.0932239072995682
ca4a4ae9-0f0,1.104176035689612,-0.1009355867846678
357e60d2-215,0.6414539434935713,-0.10483964086811093
62f2fc9e-382,0.9019361100415517,-0.09509785229437079
2aff2b0b-812,1.1744488388910888,-0.06556670150238847
9f44cede-26e,1.0403327539652607,-0.0711451297333009
1181bd33-114,2.00717521162392,0.049620722120948146
318abb9c-3ce,0.9206131417383718,-0.054936270703013934
ff3af468-58e,0.7598739866003009,-0.0907397461698638
36231e10-54f,0.7477528094861517,-0.06825385270983053
e8bdbb4f-a2b,0.6341977443479042,-0.104955916736645
72ce0004-82c,0.6075844697846325,-0.08035078730650752
8546f54a-89e,1.2663647704006242,-0.08002133256697264
3a4930ce-5a6,1.4558271970822343,-0.07324630804919574
9a0534f0-631,1.6372430642564442,0.14229026851748827
e729895a-17b,0.8204170671042043,-0.08384775487334123
ffa70cc8-2c7,1.0462141290551144,-0.08529566859700055
8bb44345-6ff,1.2136016434572907,-0.06845867419196527
90a0f898-2a3,1.2234734293854987,0.04207215926747154
9ac1af5d-a4d,1.3479794900176585,-0.08479548291552957
61de8451-626,0.9016106226205969,-0.09015345594034185
9f24b027-2a4,1.3411927277217868,-0.08140174722839671
4494b7bc-581,1.51281920185383,-0.06856229095250915
344063ca-298,0.6071815902430227,-0.09250149169148325
da8a30c6-060,0.7111564941862794,-0.06715940621515404
7b29c37c-c43,0.8883255171625888,-0.10817325053272919
5afafa1e-b01,0.8259717346549257,-0.09525078572994233
9e95318e-e74,0.9070448378394489,-0.08031981460111848
4b1fa7ed-bed,1.0805536923384218,-0.07434788762234684
85b667e5-9f1,0.6412720212456535,-0.05967089310573559
120cebbd-c12,0.6145645979942302,-0.10861356935626632
5885dae7-77d,1.2333391063884591,-0.05494646335012904
48caf999-cf4,0.8601456705285171,-0.10669864928945882
995d89bd-fe1,0.36491979125649787,0.006993690992194157
e8b72793-80f,0.528470409143887,-0.08049306154138025
90e75ce8-3ad,0.8327436143401958,-0.05167638064306124
371bdee4-d10,0.5798978203785978,-0.0033507087882689857
a48ff077-6d8,0.6133268949534433,-0.09378980313049323
ed424088-73e,0.6769448726928762,-0.09908384138996096
be5ac6ac-ca4,0.7265190608475347,-0.088515667861233
2ae63238-911,0.7694024330191158,-0.10654310656450866
1d170d5d-9d1,0.5937393221667364,-0.07641515334956567
473ee848-e69,1.0064675390266773,-0.09058140083146637
eefd64d2-4af,1.2325271524845791,-0.045050239347706966
c8488f6a-087,0.6216001682847351,-0.05398227089558699
7ecbfafc-7fc,1.4652932535106933,-0.07760013848203445
531d1207-e9f,1.0500249563653181,-0.09688687161998405
8d6e93eb-d8c,0.19941757860806222,0.01502632593076525
ea61e452-9a3,0.6155042910673817,-0.08928369641054668
27c97a6f-cfa,0.1872744012046586,-0.03381542386710468
12a9daeb-9f3,0.7534257943593201,-0.07952363647599081
85784ab8-8b7,0.6290042861722096,-0.09620201879208085
2d3997d7-605,0.5452890897464246,-0.07650424461884564
824cf75a-767,1.463092045942482,-0.008715755200808528
1f0197e0-cc6,1.020852601408894,-0.04820021790333434
d9dc4c68-1f5,0.5730840354972422,-0.09416513549676125
ab4ac5b9-d03,0.6037418711331977,-0.07068853174692008
f8ebbb5f-887,0.674438214679144,-0.09343848944443128
dab05131-38d,0.998300138614107,-0.07144226180782132
49bc539e-2b7,1.3460610899112628,-0.08410807719168317
1a30ff36-976,1.1302519452734758,-0.05817971865968169
054109af-8ab,0.7107444221400142,-0.11190400423301411
b3ac0806-b72,0.9374019498648613,-0.016037943687243816
e8492cb4-3fe,0.8811453178623709,-0.09104629546776244
5f5f0180-948,0.7760602159351335,-0.09720297362692165
af6d6de2-fc0,1.1590613232625568,-0.07589468115673131
effc0e26-636,0.5658386388693766,-0.09103330923072112
54c9314d-5c6,0.6266377387583131,-0.10568914880129493
c0400003-a48,0.41525640555510007,0.01883311156654488
cfa6f17b-6f9,0.787934153354845,-0.10123738068016791
0d3be885-b25,1.077248413887013,-0.10096291923923495
74e501aa-5ef,0.8980667847649877,-0.07447043116526603
c2658969-f9d,1.1016758369671455,-0.04459628957650852
bc7afaf8-d0e,0.6873238126768846,-0.10928037128911888
3699d976-bb9,0.48171026657169586,-0.04779321143630899
0207e1ea-66f,0.9690407351714424,-0.09397122271567193
dd5cc755-f32,0.8558874914445214,-0.09312291340312645
fdda2b0f-c6f,0.5053819168893519,-0.052557132240245164
e5473cc2-986,0.8285953781488085,-0.058164156536329614
05c4a06c-cfe,0.7358151579759744,-0.077293441681482
7c36cb92-eed,1.5540643505852638,-0.07359729508785434
79bfc624-e60,0.9283560132887401,-0.04968491765368527
964b5afc-3c1,0.5649343355804797,-0.10639429422818386
bad63f27-799,0.7544632745664568,-0.08894719290428943
63506f4b-593,0.5655515612449927,-0.10262632243039926
8d36a840-099,1.3916176473408413,0.1633318348497249
4d48d773-416,0.7292298168277642,-0.0906963284470112
a1646da3-086,0.5401606967627764,-0.08064279782459671
2ad41843-19e,1.7628757679303286,0.0022514972712978087
3757d304-4a9,0.5742468912395383,-0.10430148181387505
ab2f9f2e-f92,0.6921842631822803,-0.08996246397845947
265d8700-435,0.7307234116891865,-0.028424112776999633
cd2d45bb-41d,1.2983517062661982,-0.03145805101481769
c0810f09-2d6,1.1730002485159188,-0.061803911636916176
551221df-18a,0.6171830025951807,-0.08441219461108546
63e05775-b91,0.636811598276286,-0.05149752955361059
ca175ec7-cfc,0.8190779708991189,-0.06872816832865447
d6534e32-b4f,0.5152344962154527,-0.10118483081981494
e75942c8-d2b,0.45747198204321704,-0.09881382287828705
b06642f4-c21,1.6763178671023564,-0.06754851544636459
eeaeba8d-3ed,0.6947634795951765,-0.05043446734866047
23a53dec-b0f,0.777501864559607,-0.07049810496299475
0a090c9a-a9e,0.6702023709618681,-0.07220302229520292
f0a34eb4-793,0.6682541410819554,-0.08536974361886901
d9fb81b5-044,0.7133928316038813,-0.04755219968904201
1df2644b-10f,0.4821817343372697,-0.07583687055799976
025bef8a-03b,0.4248578209069908,-0.1000078289009001
a9abefa1-db5,0.5919287779266169,-0.09678660509138814
baa08f02-454,0.5656529191509764,-0.05308230131818348
b0769e58-ddd,0.5110886341127141,-0.1006878320001327
6c0a45d2-171,0.9343484252947862,-0.07969027982036675
76b76cb0-d7b,0.9941837658520392,-0.06933180490492369
3b817bcd-a7e,0.7268292822475413,-0.0880156689061567
9423bb60-519,1.5198120224919751,-0.0490463672873403
f7d385c7-860,0.9984376699006157,-0.07443498230656848
fd39c2c2-afa,1.005522596504046,-0.05066080735347095
91cb31b5-4a3,0.8983884686946542,-0.04503693390622415
481d14a2-103,1.0005031860976423,-0.08107998095086683
c08765c3-a59,0.7617820922431962,-0.08997296725681397
a70050f3-912,0.42567190729738413,-0.0911377321361655
7d2e1d38-b53,1.0098507417181783,-0.0912539355896485
77d999ea-51d,1.2814857543354172,-0.04537283987230201
4adb77e7-dc8,0.5306430397128513,-0.05496790085570036
a37ab3ad-944,0.7562176567228666,-0.08379635038210159
40d1769c-33c,0.6878145113986123,-0.1022882692992873
8dee933d-b0e,0.5137731319588701,-0.10518203574453078
3205d879-6fc,0.8503159656257586,-0.07747618905718467
207e3222-584,0.43936948833587675,-0.07203166474253708
113c08b3-6bf,1.101267182332858,-0.03413638565781124
07b4ea76-f04,0.49058162628418395,-0.07701877485523984
fd51ac45-f91,1.6719099434879428,-0.026487273131508837
9857904a-8a8,0.6010304606993482,-0.06648475118140679
da864d10-fcb,0.7929676355491454,-0.06463075084831199
dbf1603c-5fa,1.5100169153225669,-0.026454953307028628
d8a3c96a-3d0,0.9951000460329062,-0.09110384818455192
301afd5f-981,1.1220533873304848,-0.07622759736998902
b698be89-ae3,0.8187649561115679,-0.09113486850045899
994b9537-e6d,0.8285366343870887,-0.08535841731546101
f9350187-38f,1.3311436150258125,0.03167233341324083
07c41b18-028,0.5234293592124348,-0.0698495026714977
45b4c650-b3f,1.032077409876695,-0.07627944913632878
2d266566-bb8,0.8147298840883426,-0.10778851074716062
26c3d646-918,0.528845353297107,-0.08888573983774145
860b0a6f-0b7,0.3958148805737241,-0.0980027940191982
ce7f9300-d44,0.45761413810212004,-0.04723940140646793
46db69fe-6c0,0.7455972433579579,-0.08934830267140187
6409aeb2-294,0.4057306824550358,-0.09303732561717915
33089c9c-c87,0.6023743381839941,-0.05297666500173581
463fac95-f81,0.860517093310776,-0.06664141479910446
7b58ed23-94c,0.3355597477061541,-0.09019819633566672
df155e20-566,0.8671856938921962,-0.02172820512392326
4eb25929-70e,0.5554371406840863,-0.07974166775275154
96c06eac-a6e,0.9627031359858662,-0.01352221943111409
76f9de24-6d9,0.29076210523067103,-0.0768480297553249
8331020c-101,0.742679535727536,0.012491374116625598
9e8a8a7d-825,0.8496513407730414,-0.0809828641798529
68a382cc-2f3,0.5108231036941533,-0.04957241863230416
8d0127ad-100,0.34850430930300014,-0.052039911289320784
fd4b4e23-93b,0.3562516025830599,-0.06376942653568901
f5aab74a-6f3,0.5330363843176433,-0.0928951864930227
e829134d-e0e,0.9532550154054358,-0.011120557734430325
2706c0db-ef9,0.8308152288483965,-0.07783532018131473
862b0767-1a9,0.9853294237024366,-0.09802640457694484
2db41594-fb6,2.2883207693989056,0.03571110198354366
353eabea-429,0.5868261836064889,-0.06328720268884674
020f7adc-4d1,0.6294782888014445,-0.09350133964101925
f61a8eaa-762,1.0005000901252477,0.02029953282556396
cf0b0c1e-e26,0.7507301294305454,-0.09438595570688313
2db0e5e0-b7e,0.38933520738201455,-0.0406511718013996
8346cc83-f08,0.4009617328425809,-0.07587070949398705
b259f059-b23,0.26178949121104245,-0.07850272916637224
9e082063-da4,0.4317180152440092,-0.08757797944447376
14cb6395-2e5,0.341853026682063,-0.04158537171148485
ee55a848-715,0.979853949646971,-0.05001704734784507
149b344d-14c,0.30021145596531806,-0.028592107219190532
4b065615-3cb,0.5891160903752921,-0.0942952673783165
9f4f9e2a-a2e,1.1171554589123662,-0.08720743947887022
fcb62d42-253,0.9946919036374393,-0.06686397039809061
f2b0547f-93d,0.7116833210999511,-0.08517430098159562
f94fda43-4fb,1.4495531744769101,-0.011434397600392554
b32d29fe-19b,0.687658093471952,-0.0526762465898421
f3ac7050-d8f,0.6716971716825305,-0.052142605743321135
25b49af2-1af,0.774092029404538,-0.08683165881336963
94c56a67-487,0.7600534962487491,-0.09432970195460044
cbc88431-1e6,0.9886365710549198,-0.04233833442628554
35810f92-02b,0.3571397321174805,-0.10299315586074498
74ab93ff-0fe,0.731690268259056,-0.04082929354524045
3eb0a339-20c,0.40062834568457445,-0.08549457338154942
23686a60-689,0.29400922612405755,-0.05455767390642652
acca93ab-8b7,0.6258085449831173,-0.04419597550303245
3c4ee9d8-e53,0.915527441008984,-0.0885787152023082
0a1c3ebb-a00,1.1338197987208014,-0.008143587514299722
445d8e3d-dee,0.25005174654911877,-0.04736989054211327
0611a234-296,0.7775793098377036,-0.012569043017122805
89b264f7-27d,0.9116719392450583,-0.013619743343963375
8945ce18-058,0.8717904983704878,-0.07888580487228086
98e74cc8-f80,0.4948642015862431,-0.07677436104479701
00aec009-b8b,1.2974796018952248,-0.018319682210631905
e9d74999-bc5,0.38279301784095243,-0.04115459210382799
40c729ca-abd,0.9795034224629428,-0.07615039181161637
ea30be49-b04,0.847966310381378,-0.06398620077586253
79ac87e2-676,1.2592713207483406,-0.009647397725524032
df690733-0f9,1.0114918612032457,-0.07657864574007367
dacf2899-968,0.59249662982679,-0.09029421725807252
a0407042-c16,0.23679306300697708,-0.050345228112056106
06ffdd10-b1e,0.2680547150010699,-0.09318364076340269
974a0545-3e3,0.6395465185050122,-0.09972935666604549
6aef653f-948,0.6516497033655919,-0.0800001620685688
267cee83-b47,0.6926217799368264,-0.055162361559222384
eaa8a6f0-f2d,0.5896495797013868,-0.08241445040742051
3b67d123-6a4,0.887777159376413,-0.0594567474773135
7920be0f-bb9,0.40674414836772815,-0.035807715147294694
9fc593b3-3a6,1.0194628923826712,0.10052311620418863
34f50920-be3,1.1749439273104634,-0.04956699625893646
c73e7995-984,0.8850682751425201,-0.010189071699230223
33ee6781-f29,0.9307694900905503,-0.035884033678316385
a205c29f-b64,0.19727654630490402,-0.05785252242467698
d03d46f1-51c,0.6625960299802639,-0.06952108135556806
584025ef-b33,0.7682974008184765,-0.027888396691297224
37f400e2-f0c,0.3702198808928776,-0.09447000415669438
3c8508e1-028,0.675970379953249,0.021002616780174788
88446a75-ea5,0.8663329169884,-0.03652777601363777
8db2bdc2-06d,0.34510235734324185,0.061570363791842775
0358bd91-275,0.45652239427526364,-0.08321507289008856
12110ddb-8c8,0.30443516584296504,-0.09807946428260034
96fcb0ca-0c2,0.15476944409949311,-0.07059933452110273
0a4bf1da-af3,1.0850626437744584,0.11733853943137962
bde5ace2-70b,0.496384787782831,-0.09559017921291463
91ffc76c-e01,0.3783379521871295,-0.05089594202831571
ec8ba797-4ef,0.40562529613480913,-0.09469674823478247
0f6791ce-242,0.2008310406341893,-0.04778279402672736
9746db7e-e40,0.3005844524310317,-0.05764226836301706
c7160ac2-242,0.5457106214990985,-0.07053040889940276
3843bc92-077,2.17565791058806,-0.011809399755064676
8aa98c9a-98c,0.3583062131739222,-0.10202469521924412
dc527b98-f4c,1.3597881913915342,0.03541791690031304
e15aa752-3eb,0.17521057743563093,-0.0950010287030163
81885678-276,0.23119447211807487,-0.052773615909866844
e566d574-5b7,0.549313109926759,-0.07236100291540987
d9f2bd69-467,0.862480840396197,-0.04132109974057263
3a184d35-279,0.5888218629629574,-0.0667981225189529
da3dedf6-be9,1.0359735044487828,0.14091164154837166
ce51ceed-615,0.741682281154149,0.09124631223888835
6e570dc5-b00,1.8102520481586635,-0.02255516794995366
91a73c12-790,0.4793138295861771,-0.07551402066032747
a20c12a8-9e6,0.8163248608232054,0.09150887621739412
8a1b765a-1d1,1.108290019638075,0.14833617315360148
da528e35-8bf,0.19307591574162858,-0.06028619217105624
99c9c941-577,0.438800796021782,-0.09285842878295142
394374b2-a33,1.0717504734669068,-0.00375282033508062
58aa92d9-a9a,1.0371751810202874,-0.02650249949889233
0866b02f-3b8,1.7006874091518784,-0.02322897911136551
3bdbef2f-248,0.783385332965627,-0.0945773032791627
e530d37c-012,0.4687533948380757,-0.07076009566997016
cf634b97-f14,0.913605886736515,-0.06131811808175597
d761a12a-c3b,1.1713087211083146,-0.0198477198429875
c682437d-814,0.7667880099961428,0.12752153729918236
1d9b84d4-479,0.4133935843529871,-0.08383382825598629
affea212-b87,0.4249261064773639,-0.09329462645140474
aaa53687-249,0.8809413925916513,-0.037317946533979796
33b20390-450,1.130359302722091,-0.0814552790008482
0aa1e0e7-c4d,0.46670390859862204,-0.08354553136700177
557eaf59-7cb,2.1650032524923826,-0.012655066498228396
e07785c9-a28,0.6754871978592544,-0.07448818006986319
a740c2da-b91,1.5748267083259295,0.011052769229965453
80d73761-d07,0.09219915186196803,-0.09745670006206286
d0f213d5-871,0.2937661985585597,-0.0927342945376865
73a7de79-bb2,0.3240600463650808,-0.056329256499762004
c5e71224-86f,0.14576352016472638,-0.05020264836609345
dc3a174a-3fb,0.17071886240001913,-0.09598013075663475
8a61a799-10e,0.2900409719315335,-0.04379789225757802
c6b744ea-b0f,0.5203179463928113,-0.04462074886080036
8df48bd8-81a,0.9271541061123,0.14257135426808332
3cf08144-8a9,0.7831646535503012,-0.03385930378954488
fb1b96b0-c82,0.16313068383235385,-0.08616903326054803
e2d5ab14-4c7,0.9709183512827115,-0.009974773236590295
ce6cd691-695,0.9638100239933622,-0.06945169473067964
f8b6f32b-029,0.3374007756109102,-0.09951139812923276
0db0080e-ddd,1.3141504276320863,-0.0059659616847208
9a8db771-b5f,0.10086328312980215,-0.0807484337370124
12f4c8ce-751,1.0834804393424098,-0.042013039229982896
542ca72b-306,0.6151133199432587,-0.05307148359199432
0f680e10-cc4,2.959167411706268,0.025576341698315797
65bbc0d4-db7,0.4536919972579089,-0.08168613383109707
56e9e2eb-802,0.7747570967399647,0.09796089695128718
87b662bc-648,0.1152025026809323,-0.05581790095128897
97199132-133,0.11965950106983386,-0.0817591115762204
8b6d7073-b0c,1.285451944160795,-0.027622861979042124
a93c6340-c3c,0.36744959849792186,-0.07730550917666756
96320343-51f,1.3725186691405389,-0.03045328175079054
4ad4400d-29f,1.1870828305267977,-0.05385972634440822
4b50dab8-82c,0.3382672602721941,-0.04656995674521042
5ac63407-d0b,0.6813879364391673,-0.05013148485809876
269f9643-665,0.4018689888757889,-0.08891844635732427
63e38791-a97,0.46106789285234434,-0.09419211289093482
0aad151a-bee,0.7285749545295956,-0.058895468922489425
026cd145-8e8,0.20209080496402698,-0.05289056556348787
505e782c-cee,0.14765797552806761,-0.11647829413956662
2353f3ef-a04,0.038307989836661165,-0.07629218202527521
f3083e6f-789,0.5872211122837769,-0.043255678364012284
05ece970-68b,0.6487228395148222,0.09185941410751886
e2ecd412-027,0.3019264352102374,-0.037834596087238326
03ff65cf-d13,0.664793815480821,-0.07276852735658751
ffa2df6c-24d,0.044433031368708596,-0.085179428870718
7da13acc-e2f,0.670220865763569,-0.013076691174224886
4cd03d48-59a,0.396272058356925,-0.07234838213584233
c9dd317b-4ff,0.12039422768750471,-0.08853255511522273
3ee633b2-5a8,0.14440144569396124,-0.09990608403073259
cd692ffa-63e,0.055745459977621134,-0.0872749969172793
c1d2d93c-897,0.10653705677914767,-0.02303848046518625
e7f814af-b28,0.871544206676796,-0.07125207862935928
22153d68-ca1,0.12572776830919444,-0.050470609302596725
303e5450-44f,0.8208253466248822,-0.1006744549556775
6d483220-806,0.613234514784621,-0.02754851915679185
c45e9eaf-152,5.095202842200828,0.01983806943846167
182192d4-8f2,19.476611070604147,0.1934131798727884
059267d9-a69,10.655665716042826,0.13674524391625886
e7121c83-07c,7.41818319799912,0.056668132520144465
9d9e05f9-12f,9.198203577822458,0.13236727411494797
76616ddd-3c4,10.915307254152763,0.05522622643768271
f5713c51-547,11.00378115554055,0.1447865904968071
57a0c8ee-f3d,9.779706151747266,0.13676534276915597
7d7824bb-72c,9.602431488289282,0.1003350550861406
c182fc74-696,9.455790167140213,0.15253239655382078
adbca1bc-d74,9.606372700408627,0.1322705003802358
3214840a-faf,9.282430454477392,0.14713677295661887
36dd4511-ded,10.085720164995006,0.15099988397395847
930ab48f-8f8,8.906765410083302,0.0811677956813629
d4703fed-624,9.52024091635569,0.13263185472381467
4a840908-ced,9.405604684133163,0.12962282794554048
e02bc111-755,8.964897806316214,0.13241913204944522
8d2770c9-3ee,9.557178773017416,0.08276973942670862
79f67513-4e2,9.751869077535694,0.15289010779159096
43ae3e82-66b,8.98586179013507,0.1363029240223257
ef41ff74-da3,9.491971096059647,0.14847712967910565
ef457a98-b8f,10.018889848877226,0.15933987548458572
59950ad6-a65,9.602045211224558,0.1261171677024734
5096f6c0-e27,7.142241637018965,0.022249531122409794
18d5195a-5f9,0.5795784529726059,-0.09114016425503452
30803584-9af,7.640571743361803,0.09034153151885171
8336740f-6fe,18.578342505512005,0.192498459003976
afe5e7ec-21e,9.261057644452386,0.12880543562638525
d3a0f534-5c5,9.774583977756826,0.1526980905428027
16c8a365-e9c,9.443071046852817,0.04830791596178541
f7373795-f04,9.438343892258027,0.04244859576811566
1b60536b-90b,8.959924848004755,0.16324252433645037
646e457f-191,6.76502163299329,0.024062393641647084
3a9eadfd-b17,0.6844302400000241,-0.0625805228912355
8d0b6375-ca4,0.6906171526304401,0.0605825558505394
085ec68d-dff,0.042979926509252066,-0.06228529958340079
dd9f9b2e-ab0,1.1526671608806898,0.120042470243369
f3e359b8-979,0.08446616499213441,-0.09921227656264925
30322f79-9f3,0.743885535714303,-0.05137903080255363
1e7518c3-a2d,0.7108049829287008,0.028646956939636703
21ef778f-d70,0.06668754371513569,-0.07525121705316834
550cb918-e70,0.9514631639164046,0.08616076058615241
a4dbeb20-77b,0.6751221983513541,-0.06790352397931432
00c547c5-d83,1.1390331984065418,-0.03560834191522322
4297974f-fd3,0.7098710023024419,-0.06556536216632508
32604f3b-f59,0.9300940310375619,-0.09394858419262692
95bd5600-77b,0.2562083406861717,0.008710561847706577
b365fcca-0f7,0.39334496796068597,-0.09612526691558665
4b2bb62b-b5f,0.602229565412671,-0.08923371321871915
2521b32f-656,0.33143647218777655,-0.04767072176739717
9cd84deb-fbe,1.7047256740599896,-0.0025614176867218563
013ca2ea-aa6,0.43856888999520016,0.02866707830477333
d25763ca-65a,0.6796246131299835,0.08106960634955218
1019e799-5a1,0.17832898434043845,-0.019515299884769355
fa59cc8a-00e,1.6663253352502359,-0.013550821376294153
1382c92c-a04,1.1599810191964628,-0.022218483015951862
33ed0ed1-631,0.4469725200252844,-0.09543165883758226
d8780025-2a3,0.7248587622100028,-0.08529520827605508
c65bd89a-331,0.09883211129520053,-0.026548475189697662
5c2aaa1f-eda,0.6073027329815457,-0.03612887949368304
a31788c7-a0f,0.38393472454947813,-0.04482307498890936
f3c93d26-df8,1.9089410104022928,-0.017326316653914042
a2d303e8-7dd,1.3184017804367167,-0.04157222433743746
4a42c9dd-71a,0.49811163377278017,-0.06648548598559234
98db9f21-c4d,0.7688836422129955,-0.08274272881613293
40d7af87-cf9,0.6412735341169632,-0.03858907814860496
b8051ba4-8eb,1.186471037058157,-0.035202849049978724
8b0d59e7-b46,0.19156882431478567,-0.07109769354439976
5ed341fb-882,0.5729221254485221,-0.07524564513539744
0680ab40-83d,1.1263996253818118,-0.030428053898270524
c4137ca2-50a,0.5406595609531116,-0.09500169403258807
b7618057-f82,0.09597947052155018,-0.05758248988448539
071b6731-7b7,0.5538495029705599,0.00960008521317779
049f30fc-dbb,0.2142050009366191,-0.09209986031758538
9bbc4d37-21a,0.3915221175355536,-0.07626317673312166
71794736-88f,0.28041026584936096,-0.06807204228976371
95fccc82-fb1,1.4775269027008706,-0.022206942704015797
8a4e1690-ca0,0.9256178245667986,0.06135481834542145
7fcec087-278,0.629442618335738,-0.0787651604958261
10738681-275,0.46428104238434303,-0.09170554397080338
70f2f7fa-b57,0.846732730256486,-0.0405070656445467
24c7ceda-269,0.3528055655502512,-0.083814933970977
18dce729-62f,0.15454994349704143,-0.08509961349000789
43f4272a-975,0.28994186386725906,-0.04987251654444402
599f055f-1d8,0.8386142984937808,0.0726997659182741
19047656-fb2,0.42898561236867694,-0.042219594020893314
e8dd4fcc-df1,0.4908268460808579,-0.044776692903366944
0d2e00dd-d5a,0.3058746068937788,-0.07883336875844854
f74f20d2-95a,0.290683647029437,-0.09264013679395616
d91843da-a47,0.9481130511085905,-0.01032408505974236
16125ec9-9a1,0.9247732028607383,-0.00963322719113141
0d5099c6-de3,1.2740942478849087,-0.038520766553854335
0b5d6b31-dbd,0.22219274719304594,-0.1117243632210137
46e3362d-67c,0.7873232452639657,-0.08183303581804441
1efb523b-6e7,0.3643539694523702,-0.046295907521492485
02f4dd88-39f,0.1342982615087716,-0.08376993232687802
ec28606e-e96,0.2161956257217389,-0.09481324015610626
98b35262-999,0.14448625379996152,-0.07572715289592952
ca74f15a-4eb,0.587314498207656,-0.08884326288130873
6cb8731e-ed1,1.647306684561412,-0.005200361573333867
9045820e-f82,0.6953330139169192,-0.06009319577393413
c338e502-c7b,0.6110128082466794,-0.08091238283409768
58927919-5a2,0.18508385651714648,-0.09569664657755528
918bad97-d5e,1.126063206586439,0.13268756514929847
2957bb33-d73,0.6229614686956819,-0.08304476197916977
e46f6d44-820,0.3244287793675738,-0.07371531424082683
d20ab06a-4c9,0.5976150101458093,-0.07143397143102426
82d378dd-4b0,1.3340605865315391,0.0005139055114583568
4acc4145-f0a,0.2019783098155919,-0.08649170764516961
17fc3871-9cb,0.2927246666242943,-0.09418874782676012
ab3ed350-c4e,0.8690996359679181,-0.04602324402062535
405dcffe-391,0.34882159069861096,-0.08470715000744916
d794e6cd-787,0.7217399516290641,-0.0924532827347449
d59483cd-685,0.18698256389476758,-0.1037597811081149
4cfc9233-e18,0.7771542660283223,-0.04465308082631614
d8344d3e-d33,1.581291270059593,0.08303598887228725
f1baadbb-f33,0.34686212974425573,-0.08656676742413472
74464798-c78,1.4347142618018098,-0.0324792787717495
38b77993-cc8,0.2003969732454513,-0.062396998393220826
a052749e-efb,0.5056223565679621,-0.044587316861490756
d72dc04e-29a,0.2997625399434932,-0.08792766598988172
47288a28-b22,0.44718958662183356,-0.08138696260509531
ca801c78-84e,0.25414307099989697,-0.06493864974153996
0ebb323a-62c,0.3377091491106841,-0.04560875632505945
78085f3d-9c3,1.5279786850533121,-0.03181634779042691
adbdd4d4-7e7,0.45447278232134736,-0.03975172070434013
f13bd6ac-2fb,0.2791884274132528,-0.08021504922965544
f998d8d9-b8a,0.47547891237378026,-0.059088718507546045
553ff9d1-980,1.2278992201244292,0.029071783047654676
7e4865f8-de3,0.5531073972571885,-0.08673336539529025
425a76ca-60d,1.8579823091392917,0.0851191093510405
dc32dc5e-87d,1.1433396407839147,-0.010779325847632693
a5d0cd24-15c,1.219312845364089,0.035087799089060345
d84e37b4-44d,0.41529848001456104,-0.11008061947291409
b207d8d9-110,0.6352943858357597,-0.0891679439974904
95a09c8a-368,0.4782803492671337,-0.08300086981675109
240cdd4d-916,0.33295740311425176,0.014847519694385691
637ca151-eea,0.49203596024955687,-0.05370575259673732
ed2a2b85-759,0.9146479114236248,-0.05375682246887753
48231257-9c6,0.7357123058750394,-0.07970191214763772
7cf04084-06c,0.9835743734359788,-0.03534695317134012
a2ae7f48-e6c,0.506164135130498,0.10975568131770375
344d01a9-c36,0.8597247550963955,-0.07898555458195683
b726372a-9cf,0.6027471857599187,-0.09912205585387862
07fa4f04-42d,1.0132973064134552,0.07895137751726133
ec4ca0ea-caf,1.1523687244424816,0.09655271028589041
419a23df-683,0.3771728171741144,-0.08775809140936075
054900db-f27,0.5568565776126947,0.019489469611057797
dd0459ac-21a,1.5001025941279633,-0.009448967264610642
43b769d0-12e,0.2785072013922275,-0.09553850870223501
98ee13f8-d26,0.2995734444093746,-0.061141872382311446
402c8f68-571,0.6272270539724576,-0.07477262701071796
62d2b190-e4f,0.3682126328618943,-0.06254962944073233
cf275136-6fe,0.7982848131786281,-0.055350027116456035
b0c47e28-485,0.7146744647477126,-0.07723588434012996
838339ad-efa,0.36561897842247915,-0.0998534385729602
6b7ed529-901,1.0089083008019317,-0.047908776289855015
a9b9fea8-f1d,0.7626519998529024,-0.10489475560756634
84cc2518-7bb,0.30298707958093546,-0.04899218828855595
97ac4522-77a,0.167321453751908,0.0565703694257238
72e42304-785,0.008185757184610329,0.11749298259182994
77425ab4-292,1.3653246845457954,0.058933176070859794
c54762be-b11,0.988136587969086,-0.032611522241506985
e1e34095-973,1.0514547159936622,-0.01021841061462131
bf38c77a-340,0.8490267450067179,-0.05132715083306444
fea3f1e6-be3,0.3653536367867758,0.082256640002076
6dcb326e-dd1,2.838368011624892,0.05118592923483456
0b1edd37-295,1.1980828766212646,0.0322874883908193
d39a0aa1-c66,1.5978083268280958,0.03877243372964867
a9418a23-b1c,1.2567576647573535,-0.037644397196385404
30694bc7-b8f,0.47367104201062143,-0.08006005049735893
7f33139f-508,0.7038513354219426,-0.05381175191469212
c74ee00e-d3d,1.1267925291813996,0.07439755644353874
5b0234be-d0e,0.3409131415035523,-0.07620610052612992
01f41c9d-14d,1.1687499456791521,0.02105866339871687
182f0591-42e,1.2710926027076286,0.0178448200909328
d0d428ca-34c,1.0145722841307063,0.03375553009812993
66916540-dc1,0.6576870636505923,0.02687548167514675
def5ed5a-71c,0.9412728995580877,0.07318620365971895
5a0a5370-c00,1.357755151514259,0.022915971797355716
e2f38ae8-bb4,1.3873641341394607,0.02751356483574463
c1af0f0c-0f5,0.6760763521651746,-0.05095752143006349
847f28f7-2dd,0.6320155757342,-0.04947427485037753
cbde73d2-def,1.0178689932830989,0.02289052885242382
d6549c40-05e,0.8292788928732118,-0.11079051571823556
d7fa4c7a-e42,0.4018749278105139,-0.09469956559327103
3372042f-539,0.9803277584848769,-0.01513660762638902
8e0e34e3-cbc,0.9936119814707849,0.028636726644071242
3f9a0236-72d,1.7031209998778425,-0.0747080992223923
bf2023e2-0ae,0.5424465299312538,0.019657011386759904
33ab3b2d-08a,1.1009722700475528,-0.0031406634634589814
968a6377-a9a,0.6428335931778939,0.015010380397235124
5b9e43e0-be8,0.835960591803881,-0.0425383034313454
7423f666-5e4,0.3100958788354175,0.024275511423979546
e9b0e9a6-999,0.38954815422639466,-0.05024619384559942
14244ec4-1b3,0.5786963386805853,-0.015113629190994626
8cab461c-3c9,1.797971122228516,-0.0048913869246733355
4a8a3101-39e,0.6535606019635203,-0.08611606878455647
6b0c30fc-d89,0.7686769158760067,-0.08373324576514957
b9644788-828,0.4301160921550655,-0.04812437064235975
1c25f7e1-ccc,0.56980081224261,-0.0795978906466091
3c383f42-9ac,1.4894251386553146,-0.008967947559101075
9077d62d-77f,0.8685740030625912,-0.07904767923871059
1e539a52-a50,0.49796582054464034,-0.09197969252506216
d3d26670-05a,0.35427250787068254,-0.11821306539824783
a178227d-8ba,1.2934798157645615,0.037527903316093236
75009364-470,0.16218408728013772,0.006354091382199112
cd8f7153-7db,1.0767331003694685,-0.08690844513858315
59d0853c-c9b,0.19092397763065075,0.011453662485409688
08bcd3aa-39c,1.187003143369531,-0.029882098518488054
c29d402c-eed,0.24516581641269108,0.019767044955442237
463dfa27-bd3,0.9256892393290262,-0.07303976870173001
94ea473a-a30,0.8291696005237524,0.026171619764032927
78dbec7c-6f3,1.0149437884922023,-0.09767611006073368
4c1251f4-66c,0.44745493925454666,0.03453303626598203
23aca7c0-1f4,0.2806808471517072,-0.10799492369652575
de2467b4-ef8,0.8174684433867769,-0.10106454412420363
a81bc85c-239,0.26418495783383555,0.023610014419103043
c53ee48f-455,0.9049849357603537,0.01968381536244379
cb3e762a-d5d,0.9588872796609957,0.025432613129800385
3d99029a-348,1.018339854429235,-0.09863183939762127
8d98f8b6-cec,1.6640504612939073,0.038794122993773605
fe5eabcf-373,0.5897436200064029,-0.09745679951499969
764d987e-e63,1.1873514635838942,-0.0727143667199423
541dccbb-5f0,1.0907158384409292,0.07222935058879254
a44cd19c-615,0.43590930792092186,0.017735865416587338
7086614b-6b3,0.39000032387380645,-0.10120668544553751
f0809331-8ed,1.1601026807746027,-0.015696601540251598
f9fde4e1-8b6,0.11046056627001517,0.034726504843885286
897ef71e-1e0,0.5975004801264088,-0.04739676287488115
53a4ddb2-892,0.47874631134793477,-0.06052262858604279
791c537b-cb5,1.2074274177252806,0.03441532463981012
b9edbb6c-683,0.4407372959831768,0.01694914301253647
c4e79ad5-6e9,0.49440811138167584,-0.057812851508291296
b6dfa04d-b25,0.7115405201949544,-0.09510525018149935
f1ebaba3-e4a,0.39756818795873466,-0.09897352123355224
92c0d8fa-0d3,0.9145855352614914,-0.023252635036667302
b07c97d3-01d,0.572364271656237,-0.09641837835300393
57481daa-c40,1.0879543226879138,0.038991431738667925
3ee7581e-ace,0.6770329154209036,0.023495713979478805
82ddc882-4af,0.6836544527543764,-0.09143947687505072
3dbf9a69-5f4,1.5468782671184833,0.03458166758292802
ff2e18a3-bb3,0.9046518027004276,0.03156905388867337
9225c76b-456,0.4591409342066086,-0.08683128697575038
ef330c2a-95d,1.4751394128861048,0.05564326011357479
9127645e-a34,1.7851636016169228,0.0506838545711471
d8272d23-6b5,1.41283443114275,-0.04265969133536596
34f04c8c-cc4,0.8909570350981546,-0.004649114953470201
cff93301-ab2,0.8579725667088682,-0.04308824192634625
6854a384-61c,1.2162605926260444,-0.050171927254560156
e97fab3d-ebb,0.7785477282944231,-0.09267482369469093
3758c8f4-e70,1.66115540444454,0.011204314895561951
1c3e143e-1da,0.951378548985464,0.0211923752861648
ee6f1e2e-621,0.6271445352711291,-0.09963451368714216
b4e0fb60-f77,2.051011789852316,0.04354640546605071
87ef0cee-e0d,0.10562407232160205,0.04176351636687703
38057a6e-019,1.5520188650046838,-0.01491194159056941
775e978d-bd9,0.6979376035114216,0.04035646729953557
cefcad17-b3b,0.5132694781598933,-0.10055244575293237
7a403011-1d3,0.5086260435599765,0.007711914080236526
86f90576-1a3,0.3623270218661116,-0.09952779439005527
5316727e-da4,0.8150941980595703,0.044411172062613136
09390e96-e24,0.4011770611324037,-0.11285578455964529
dcd83a6c-faf,0.5083181533257627,-0.11569402107230703
a8e39798-0e6,0.7630020094997421,-0.07571209542888979
3e642692-9f5,1.1561147967730983,0.16943317805413916
1ed44afb-5c1,0.5725030253519567,-0.08295419481578192
99cbd944-764,0.24096839469122994,0.024354615618122355
9629ff00-14b,0.5887950914105093,-0.09564097879170019
ca12a322-aa1,1.2697432256813097,-0.08548356041700539
d4826cec-f8c,0.9511106523009049,0.011549942344796005
3d48b34a-9a3,1.2848665190342787,0.01877259459331493
5721fe2c-9ee,1.080642342985434,0.017529351329098608
f1f35e13-2b7,0.5372513613286278,-0.09230942186175323
35073cec-2dc,0.6525762722314521,-0.10903108468805889
5d06ef73-0dc,0.8504806830358371,-0.033987940147310824
83756bdb-4fa,0.45602990988087083,-0.05045831540244844
b80161a6-e98,1.7139279140811428,0.02505631612253434
8dc6350c-cbf,0.7343556027564588,0.03190886706311358
4fb64a44-b99,0.0424151658129328,-0.0284361442553539
ffb543cb-567,0.5587202492280472,-0.03738027807267841
6a89e5a8-1b8,0.7780789971603682,-0.08160256076105477
73a9355c-e48,0.7636644529563783,-0.03802907072548817
a588b089-6c8,0.7612282205614461,-0.08046492624623658
2e70ad57-eed,1.0815459724376868,-0.05656674205534162
a17995a0-ba0,1.3770012002928456,0.027606647466844048
2974cc63-f65,0.6433862729124016,-0.11377666147818599
7c10b565-3f6,0.685880983390889,-0.07108384526278266
4edc9b0b-aa1,0.8079308510160756,-0.07948494414668561
a9e7e983-522,0.592715154803402,-0.09107663360770119
3a67e221-1b5,0.46884345875246775,0.03270914424700255
58b39168-ce0,0.44531534338370615,-0.1219870709739802
79f92df3-5dd,0.412355943359572,-0.05836052826290422
34bd4017-797,0.44569001892430676,-0.05049175960555774
8de525d6-13b,0.4224542560985952,0.016706922564405313
e5df4fc0-c91,2.256820777666379,0.023131197154288796
609bada9-e0e,0.6646717362223666,-0.09052468030877692
97d1d54e-46b,0.7861297924087663,0.11135344570529715
37d9fc06-bde,0.8650615642952411,-0.09425386228772209
136f7f10-7eb,0.6455005343931162,-0.11083602698371187
05f1c931-ea7,0.1019283757618039,0.07484221567682281
9c64f64f-baa,0.9778646937665818,-0.09004641161952731
c0acd8cb-08f,0.8527978064014234,0.04056448469199214
c6432e1e-aaa,1.5187571325480944,0.02819987833357296
d04d4e8d-0d1,0.9759719284658861,-0.10095647744578246
7f8d023a-251,1.0342123831213248,-0.08303184110467743
8a0dd447-007,0.796938194102496,0.15845718490849137
cf8b9095-750,0.7231871943168903,0.15388284460800783
98bbbfde-a63,0.43137118487972514,0.16795709470202314
0bb27bbd-6d8,0.6435620084313547,-0.057894408100412076
18f566e3-062,1.5270685129431278,0.05105448866196882
f0c78705-d60,0.23691022719203714,-0.04086570768640119
d3a8a4f7-854,0.9807162680690285,-0.0921824925119073
4598da48-261,1.4050658205494404,-0.020948955668708247
98b05147-9b2,0.7406191044431796,-0.04810367714242264
6cc89271-fdc,0.9858257383844384,-0.08909300462115355
0a06f44e-bc1,0.7409994198834953,-0.041323890857457746
5d136512-08e,1.001227212442942,-0.049154873338474014
5e83be9b-da6,0.9055646566543702,-0.033550776809510297
c1df045c-9e7,0.7802665911032557,-0.1028656035594514
3757639b-a66,0.7133723364081739,-0.1001762066088438
01d482f8-673,0.5254611468316318,-0.08437571660728171
1e25109c-0b4,0.7503500421630004,-0.07823550093009002
0986f5da-d18,0.8791370066833217,-0.09017914874593264
27ac6320-335,1.777308537537188,0.04490309795416547
876d6f71-62e,0.5831980341174646,-0.09711797410394513
72563210-f14,1.305057996435314,-0.08283119631431596
cb040de5-ff2,0.9683659969471119,0.06984950804667489
3bc5c00b-39f,0.90857872732894,-0.09860582947498225
cd30bc47-f31,1.133373528725164,0.02829556849726622
e2c94c27-f65,0.9584859750179207,0.0021974832770631503
72ca5615-905,0.59955611042423,0.0330603901533294
773f92f1-f2a,0.7442680926564722,-0.0975536926798603
45171a93-c97,0.8053371955385074,-0.057152232341142084
7f38d102-933,0.8277701664877919,-0.09532362951639484
1a92286f-1d4,1.3011941056595746,-0.029744702423377123
7b6a7538-724,1.4306540342881935,0.13763878496785908
d4e30eb1-592,1.2156642788795577,0.019571223219884692
d3804484-fdf,1.2493746955683003,0.020987258416729437
6adac38e-6ea,1.1264759694124338,0.016819557791762474
4533268c-439,0.6495539116129209,-0.08613173548956865
2cf977c1-b34,0.7461821840878666,-0.08677084585202349
fd4e22ef-ec9,0.7353227118386594,-0.09940874195812255
36834ac3-e1f,0.7029811685760603,-0.10097945462951136
549c2783-145,0.2132172128673341,0.01795827373532466
22012e05-39d,1.058528164062889,0.0010241250872872198
7e78e3ea-6c0,1.0915561943409902,-0.01729874606562154
27557cf5-d8d,0.9897907159985371,-0.005061534420802483
d2db244c-37f,0.9965129000731282,0.0037995607929530717
9f3bb1ec-1a2,0.640119929840359,-0.06600939289951857
f303e742-8f4,0.5278598262344504,-0.09546457905994488
0d0ec5d9-9cd,0.5827414696469684,-0.08055653044163308
7717146e-b66,1.015669864381147,0.006378489299521117
4f357377-f28,0.2671336402969577,-0.037556891116531654
2e241dcd-15e,0.7057191232039286,-0.09703689398770166
81260954-a56,1.4078739393613813,-0.035721998206012906
99809852-186,0.5756370249609213,-0.09791043261559307
e5235d53-1c9,0.6768130947708282,-0.04782594604429469
26c34337-ea7,0.5096773442769432,-0.028211466139733854
e2888f5a-fac,1.5962726769293742,-0.03340425768085942
cee1f39d-9f2,1.124720496571966,-0.07330715908929308
f66b3bab-c4d,0.5909833226072257,-0.07610980778939269
5392ea86-4e2,0.869612701262419,-0.07990354899138535
880e6d6d-627,0.4887416135757967,0.02435371942675124
f3aa7f0a-1e9,0.43848339945951254,-0.03987167019778498
273d39d4-56c,1.2002614059180634,0.0928882256310849
2c6cdc92-826,0.7293978684074565,-0.05360508287897475
033cecb6-f3d,1.4761463967081685,0.04075567444464234
69bdae2a-35d,1.4563099899197085,0.011226000932875957
8814a89d-cce,1.3531799587392732,0.02009700232906353
08b44903-a7d,0.7468124099432009,-0.01039865285748498
bfa46f12-bf1,0.648568694255339,-0.06032149034228629
8d045144-038,0.9774242872089531,-0.07157992265678637
19cbfdd6-ef7,0.6362004911962216,0.15020304309423416
664db5a3-2e4,1.200820859989991,0.003548546984241785
7ee52bd6-e1e,0.9323560560556892,-0.09414707771903225
7047aaec-f07,0.8714521550623457,-0.10741822551218794
28f21f5e-57b,0.8987126923707229,-0.018187728882032572
a36c97f6-8f4,0.9533777259223741,-0.09430290550654769
88225783-dac,0.5617524490855601,-0.04412332055591217
8c5da4e9-3dd,0.6534116722653022,-0.08775674732263705
ef961488-1b7,0.8351794186950101,-0.10124824218591338
222433fc-b88,0.5517237928035154,-0.026880371436935613
d74be70d-6f4,0.6095114068223598,-0.08475554148574671
66ccaa7d-e73,0.9961103038347541,-0.11232459108158543
4fecc359-0ac,0.9410887542125133,-0.09583921642603321
b3bd530a-a92,0.593815760387899,-0.05942143213830431
2baffc4a-422,1.8963539909740388,0.03515098961465124
8b5b515c-9bd,1.1996290206690623,-0.0400811985525058
fae8408b-16a,0.46393038705553646,0.006963725461150316
87873a8d-f73,0.574442413323066,-0.09740620819067936
dfd45ace-b49,0.5655387159763401,-0.0074782871789635386
bb3da828-de0,0.574578373992664,-0.06593365313606309
382e3537-c75,0.9215853643289416,-0.10589652059372956
aa5077aa-88e,0.6183656676691722,-0.05920575022155561
59fe193f-b57,1.264276038543182,-0.08073868105644277
1b328c89-234,1.6276938743142524,0.06422170333911215
f7a88a92-702,1.2183603467357922,-0.006063932429573371
e2d1b27c-e15,0.8701670617912967,-0.09634960887126653
80d6500b-682,0.7484596149856516,-0.09645565878361922
983d406c-11b,1.0583527097800556,-0.09554127367109166
3dd2ce38-cd9,1.15588279105464,0.10081157717472622
913013ff-c28,0.8009334528883554,-0.09118042645157748
f5bc70a5-261,0.917361078801271,0.09196521786753487
19267337-6e3,0.7988134573609742,0.13141819142257005
896d4b9b-33f,0.4898023846560765,-0.0205730031610733
9bfde8b3-dbc,1.0567538149924744,-0.0955206614467849
52669848-abc,1.1822127753259069,-0.09928136324109693
83e66dba-30a,0.6106871491846657,-0.08398355141211233
f8e27abe-116,1.0977806783845536,-0.09361055789908884
8da71ba6-75d,0.9740669538695123,-0.05368891924789848
0fb998be-c2e,0.9912114942239818,0.01667894624614641
96bcc68c-607,0.9673424358626266,-0.0817207728444404
010429c4-b6d,1.1218091022327685,-0.07913868015482989
6e193991-933,1.5519596957955515,-0.01251553089457158
98279b64-40c,1.1484959410205264,-0.011581120989842486
d292573d-556,0.6462959441207337,-0.03791366259222129
77432ab4-4ed,0.7654185891703985,-0.080928415905072
e97b0dd9-a60,0.24297865677886937,0.038764606609142827
2db476a4-69a,1.0982516801849007,-0.052744920936950934
a048294d-7f1,1.7017557710189715,-0.07756408488800454
cb540808-055,1.187616927703607,-0.09108474825108742
b052120b-aa4,0.9537657813421511,-0.10038991003521591
8c91b823-00a,0.8942121316441605,-0.08994779932723018
ee074c03-9ff,0.7050074072066743,-0.07927329268363648
a2e4fd07-847,1.2271453876236382,-0.0983099749730939
5337957a-e64,1.306349739158036,-0.08842573644111651
6f0803ba-ae6,0.8204732453498549,-0.05252026531102033
84323a46-3c0,0.5616995728199649,-0.040794134997306275
abc68168-b43,0.8681943515599335,-0.0919346639860667
a5d1dc17-52f,1.0683224533444415,0.002142436903981637
ec81a627-abe,1.2835485327070892,0.08751158508752932
492b171d-802,1.13594333153016,-0.1011777895672401
9b53a363-104,1.03743408448063,-0.07924771642261935
ff4fdb08-66e,0.8030006605682731,-0.08262327874377728
a1e09daa-984,0.48115285589715406,0.027410631311247657
81d9875e-1b7,1.1772532708271557,-0.022061365880413297
8647ad52-bd1,0.7617664034658316,-0.09441851853096866
b0624188-b12,0.49938244273385085,-0.033765753243724994
934415a6-f28,0.7589051369177848,-0.059943632534200375
8bf6eb69-b4e,0.8181329064746022,-0.10966812514983942
88fd6684-ee3,0.7113591833233888,-0.0383316777725452
79be0e2f-64f,0.973062433934357,0.10484381719754421
79a41954-bff,1.2213074762076026,-0.09074044964323813
ed325dd5-3d8,1.0227168019884152,-0.03282158038629962
3a34ce22-7b5,1.2191929401898451,-0.042852903805743525
101bf77d-ac6,1.271091851259984,-0.022430577625582093
336fed49-f1b,0.8348369872758268,-0.11762902330882186
f182711e-e34,1.1126815260143363,-0.08691345823006064
03d23e6d-ac1,1.2280247802022992,-0.09702121279799214
e86322a4-847,0.7309913236164349,-0.0988841853030526
41643d33-187,0.7320007109258733,-0.05324734774404544
a843bcbc-f71,0.9580466741030761,-0.02031132914790401
6e48aa40-651,1.7193198953860453,-0.007006076090577906
52d4f8ef-43e,1.4915787594829648,0.1524056796075538
5fd37beb-292,1.0828920212129431,-0.04969031184085043
a972ba9c-69d,0.8383383500954256,-0.0381069734069609
1bc071b1-d34,1.0376621606324998,0.07826788501245818
82453a1a-4e5,1.1433876471843107,-0.08170313889177883
ad954d08-a31,2.110068642839423,0.09657294980409403
c5a6f697-eb1,0.6867185576852248,-0.10473713334695528
5244b688-b36,1.5006059483199723,-0.08702272901226016
a081a88a-19f,1.3184677609033528,-0.09748750908444898
650b79b2-3a9,1.7314244297530155,0.12122973568637285
da35878d-79f,1.064126472066234,-0.0838384513434241
53ddce67-4b0,1.0720013205220142,-0.09359779130416512
22f5b171-e2d,0.5576993715918521,-0.040383557045572005
84845dcf-b87,0.771577543451009,-0.0022300735367218882
ffaddbc9-2ce,1.2154771285442139,-0.07748075965083345
86991441-469,1.3920045804399408,0.09911244076869663
4a3146d5-2aa,1.2162104300742325,-0.10319590284380503
2ad629fa-58f,0.6869801976178705,-0.03290654703783802
d4588192-e3d,0.8103291323757092,-0.09025124241169824
33a0986c-839,0.8736947687297857,-0.1135771817920691
aa182a4e-719,1.386073964507546,0.042683111981901556
c081d66e-872,1.0785504284159837,-0.06250530173934937
aedcc802-15b,0.908025821431966,-0.025397391335859443
a6206555-93e,1.8300583979428582,-0.07700543653264913
36b1d0c3-eb1,1.1451137061412493,-0.0897786758472865
6fa53a09-1b0,0.8043832479209643,-0.10406131247594386
4e0207b1-a54,1.0178580432237987,-0.10700211335602966
be50c8c0-217,0.22890626464158334,0.048898614842022736
afbadae9-34b,1.0582045308497667,-0.10218305525639354
da078f92-a8e,1.121137580501415,-0.04541991668337858
a909f5fa-e70,1.7262140500169434,0.06657664960757514
aeb57726-9b4,0.7861716593923134,-0.055860175027388104
3023e2cc-ae2,0.8023744502148225,-0.05717668108770557
588b5a6a-2f3,1.290535444407895,-0.06522893577230715
c09a794e-d0d,1.038931933431596,-0.10227645789311662
ac8dca0e-b14,1.0130208033721297,-0.08098102249235534
c9bac1e7-7d5,1.1942462890116285,-0.013532090314825995
cb0b9283-f8b,0.6338792716171967,-0.01595154603334853
daec82f5-b13,1.3230306477082783,-0.050835418476996075
8841c4e1-ab2,1.0210403142430036,-0.07705473252968259
f1487481-47f,0.951274636301447,-0.049880053470649055
892ee736-5e1,0.7662291110596474,-0.09203820673722851
01c8324c-db7,0.9188208996951314,0.09367260117922116
6d7b3c5d-36b,1.1660952437020777,-0.08224042339596449
054b895c-6af,1.2045867059505637,-0.04781998498917206
f3c6f604-a1d,0.714882634052405,-0.013319084169495676
c89498da-832,2.5792476444789036,0.0621862611224947
43f9a471-fb6,0.9360229077555653,0.08776370015874146
b05dc8aa-9dc,1.4819939137054607,-0.03232786595159626
def785e1-8e3,0.9772851868569884,-0.09873707372308094
1ce93a36-170,0.14851121291536584,-0.009606304197365023
69b6ad15-d0e,1.8095221147298446,-0.0031765985523858342
ec9a436f-992,1.214796402864478,-0.08148341163726591
d0f2d1c8-1e1,1.312204798441978,-0.0448438819997381
5c6fc403-0a8,1.0436545607394405,-0.06634714467965519
0852a064-071,2.205512337428585,0.000978043298445419
6c098497-4d5,0.5112223762305076,0.03911145880759581
53602883-44e,1.518877460760546,0.14266129492468205
77b9f225-9b7,1.2188344343870567,-0.04026914937339737
e154ff57-c47,1.3072280030458698,-0.07574963020865971
d2ef2f8f-874,0.9271837707069389,-0.108314602382792
883cc215-b59,1.4209614322612978,-0.07033513760102461
90c24541-443,0.8400476660593423,-0.04216993507160827
9c698e4c-a3e,2.0670865681455544,-0.014088105177608057
7f402452-382,1.1803351923714158,0.10556871949287205
3eced1ed-227,1.2426689043088703,-0.08739397652860281
7e18c961-655,1.1896219485195048,-0.10675198237391864
60396aa0-221,1.5681975073478593,-0.07462286225550419
e5eb43aa-141,0.8076688434346326,-0.10148216960560685
5e882642-8bd,1.3294618713869366,-0.050449323878077545
edb2e321-8e5,1.4278110720036503,-0.03592461799974844
91907290-84b,1.2308889095506217,-0.06955148274536893
423da10e-150,0.8504855573316035,-0.02869454249278386
6491b9ca-b19,1.441560703066639,-0.05044635717286566
c9c25d80-5e8,0.9249543902274303,-0.1069097452691401
0b1cd88a-948,1.2392822797546326,-0.0015835623325868298
35f86c03-664,1.4353728176233513,0.10706383292582333
6a8a939b-154,0.8924746713851345,-0.083818786839303
c2edc999-516,1.7504971995884409,-0.03032690226098106
aa8ea8d4-64f,1.0443585576670524,-0.0493129216615214
4ae2edac-370,0.8594244997161334,-0.05249993456192609
d9e048ae-0f3,1.1809086341788504,-0.08744755677800725
c80fe150-0fe,1.7663632673916034,0.09839241047655534
686d273a-e2e,0.882877887674739,-0.08183429105192364
18b280f5-cc0,1.0857163025969947,-0.0746329409221187
5a7aae0d-198,1.0062320329022048,-0.05371690731370149
0975ce31-b8a,1.1184922595695181,-0.1007428363432406
4da61992-b6d,1.2914646072559144,-0.09725633233465919
35947b5f-7a3,1.22480581236461,-0.046999988666323655
1b1943fb-d46,1.1129083211097395,-0.0820463523926015
096d7332-c83,1.4216387728306603,-0.020084459246025754
d6d6afd3-d47,1.4027411147444062,-0.06777559435945135
f7f656a4-28e,0.9387684590422032,-0.08087344882223763
1cd592ee-3cd,0.9342980939267223,-0.01230524855875903
c095cb47-b59,0.9120756984725452,-0.10292309902356139
b106f38a-e43,1.1772887723997012,-0.028582265349144542
b04407cf-a16,1.2603340527583349,-0.06391682330126197
174aee94-3df,1.1667605150255045,-0.09913719518326003
e36b826f-8ce,1.2136879669972944,-0.09772928106595213
b93004af-216,0.9901822575891371,-0.045474838499676096
83d06578-8fc,0.90900626923588,0.049256333521340956
a3bf6ee9-ad7,0.9856773000835215,-0.05424945231377881
4603f520-105,1.0891073882809421,-0.016953106416751962
84d2d0f7-773,2.0177740497633283,0.09191129153740218
8ea220ea-941,1.886915157138785,-0.020989564158025054
f30f317a-995,1.6412918500528293,-0.055202939821308306
c7a54297-31f,1.217083341212776,-0.08042105669937255
e39f4e16-926,1.2294996285279642,-0.11013989728985685
df62327f-1db,1.4057469972004057,-0.09472639511588887
50749035-cbb,1.1832313064832316,-0.02720750620608192
6a49bbfa-0d1,1.0446813099983452,-0.06746074344230879
f921b6c7-64b,1.253196345063551,-0.08369315129508886
243fec57-732,1.3542275644093598,-0.07087712012072955
dbd5be14-3aa,1.6927987704466192,-0.0425671726795141
8ed834b7-6cf,0.9475240420577051,-0.0804744702917366
9615cc24-3d6,1.0024345150749927,-0.07019503552024042
1b4a69ad-206,1.5733713292340703,0.05217637357387195
a0bb889f-d2e,1.3824122261590415,-0.06786588552064515
55b2018b-fcc,0.9504363419922639,-0.08609875514640086
61cce4d4-6ae,1.428484628893604,-0.06867273294185527
c8e1df2d-ca6,0.9990638152232073,-0.06366070949127106
8356c8f8-59f,1.0770479411038767,-0.04923042172358727
ee7ac64b-ee0,1.197958360553149,-0.05272366793785316
1f01c0e8-159,1.2314009678259898,-0.041461865246524954
10fb3455-c34,1.1747720200066678,-0.0786884211625638
c788f912-595,1.5204511329040307,-0.06652239912463681
b8334781-3f6,1.5512871634067102,-0.06838569056169175
d97a3fad-f57,0.941707540752258,-0.07694070417177451
4fce3883-3ed,1.3190905069798902,-0.04403522665328674
fc6764b1-e49,1.450041716694074,-0.060613215545962995
1d10067d-97b,1.4141703377918537,-0.023337957170009138
aa6a4507-923,1.1547387895336712,-0.10589230151870788
9560c1b9-878,1.1995865972821718,-0.022568314126430233
cf3e46eb-aee,1.5848495840070174,-0.0667962120333434
6179f3a7-bba,0.9978872139916117,-0.06812823045913557
961f508f-36f,1.2092247816927448,-0.07067471971985406
19ece8e3-b21,1.4209085656091396,-0.07078914147791882
4228849a-930,1.0761008504556062,-0.021711110586411064
0cef983b-815,1.1810322322587152,-0.046520864364435144
11fa8d1f-9bb,1.1022897395702151,-0.06473711053211445
857e1912-245,1.6016894084968856,-0.044134212196096645
92b0e4d5-674,1.2577622635425658,-0.06363212131089374
bad5806e-949,1.238844494245541,0.029717003003212672
7cf64608-eaa,1.3499426130152257,-0.09810877716552929
6a1f4450-d80,1.0558699070515336,-0.09728725459433951
e9977313-586,1.6432059398730359,-0.07718171134706714
c2220221-7db,1.1792590436059398,-0.06572048730182689
7bba6284-9be,1.0519994172854341,-0.09327475323632811
7dce0592-ea2,1.5264454124721971,-0.07155019021754899
ccb6749b-116,1.7038832115385336,-0.04915277866885015
0968f940-9f8,1.2466696308851741,-0.09633943293458158
831253e9-b0e,1.1912406136729663,-0.04774622943311613
8c26b731-b32,1.8026726395047763,-0.010378863000880645
93de4e32-1cd,1.650113431489483,-0.03470555693730759
c6b43c0f-2c6,1.761283631762571,-0.029593767045551
da5fab43-e95,1.8151063187565453,-0.06012608068554304
48968b2d-732,1.4919886341910369,-0.03751393662818597
fb046cb7-6ab,1.0987531117455618,-0.04729232670923189
535ca13a-5ef,1.4284932736767697,-0.06965002250378871
c8d0ab15-4dc,2.9585706859149945,0.06772127268598316
62e3085f-905,1.3602513424725946,-0.06762937071313879
7d535bdf-6f8,1.1183913069162228,-0.09271880674583077
a58af768-98e,1.3366536529332749,-0.019212243569729615
65cba880-66b,1.4403277961018115,-0.053593837527333044
2354ad7f-3e5,1.715479449403516,-0.06091432510790756
df7c9d82-8a8,1.977321792901936,-0.022313275093141405
c192f447-4e4,1.194489518351977,-0.06207346771260541
7bb940df-7e5,1.4591214303454498,-0.0015425391367778207
652541d6-77a,2.015875973125263,0.13826768145506718
c52a9e1f-fac,1.123653419737895,-0.07215627313815426
d525fc25-169,1.9340112611699871,-0.07521566153843295
38180be3-a4c,1.2897255627297874,-0.07974900473303492
9f1861d7-52c,1.1071420066557554,-0.0917957836978428
9cfa6983-ac6,1.3293665172799727,-0.07211609224198184
1e1278aa-389,1.25414616896054,-0.03125239554202236
4291ae91-4d0,1.420288782893729,-0.05959682000331468
b27d29dd-3eb,1.5169806199174523,-0.0349659429988301
89d29719-89a,1.1430328288320377,-0.04275130985686759
73f4715b-208,1.3764750421645806,-0.030866172938338987
dcbd35b3-43e,1.2547582927728125,-0.06433170563152069
02f1e92b-86f,1.456410998727295,-0.02510591948167007
f2251746-817,1.512219100360051,-0.06599130166144401
bb30270a-7c1,1.3874310528450218,-0.07196779616501658
0c4d8bfe-5de,1.5614875134213446,-0.07162768481949217
f39ec429-5a6,1.2505019665076413,-0.060741677003244454
d014bbce-0fc,1.4793872166936681,-0.10112309467660613
caf87c6b-d7d,1.355691125023033,-0.04944841223147395
657c6fbb-12e,1.742939941889853,-0.009430064870494137
78d5500f-656,1.463941128351783,-0.08842427840555478
1654a379-bac,1.9160511936976146,-0.015600948748143162
25b1095c-2ba,1.2472285415651523,-0.07084733358107953
b206eb72-a15,1.3407195270632413,-0.0686844542648753
36b24d13-c4d,1.5609238323932333,-0.0622532541644068
e29d0b57-f96,1.8621305655264235,0.02733897058953083
00aa1d51-389,1.3665962892048567,-0.03549481822454059
963b8452-281,1.2891508448146705,-0.025091209993558072
2e2e9110-d2f,2.2287966815470344,0.012300300739353176
63a68678-334,1.6214236047628678,-0.028240481961982034
d685f3cf-7bf,1.5358731224090292,-0.059147775058732754
ce33f52f-999,1.2279301091596282,-0.029641480722210845
183d29a8-60b,1.2214906478213714,-0.03221128320260058
923b661f-5d6,1.6951089109378792,-0.032243064433384205
d013e9bb-394,1.9649572831380375,-0.06790978583675134
6ad3e5f1-8e4,2.9419900276545423,0.04945133165774318
4d06e6ea-235,1.5800406697921383,-0.08029741303195781
78aaeaed-d77,1.6561644441650336,-0.056227522924929385
2dfc21f2-bf7,1.5333810737192073,-0.03128791343183318
ea0d10e5-3e1,2.6913019184344282,-0.05062974220228633
4d1e04d4-ab4,2.1045997838451873,-0.05335267661101595
282c433c-2a0,1.752094835810689,-0.06181107731268487
efbc1c04-f5c,1.5793343567522344,0.0045051338253272455
bd23fbb5-e1e,3.6190792441409707,0.06856242306312976
a7b57379-37c,1.6295931475580832,-0.026225807618977803
2c105a22-ff9,1.4382562719894698,-0.03187751424144358
9d3af5a0-f6e,1.5385926782291781,-0.0659103616621764
f123f24b-79a,2.0511658609196477,0.033087527068329736
c21d4063-37c,1.4695587441328208,-0.046039581908898564
c4e8cb99-d36,1.8222502569279881,-0.007806525755157945
d3ba931f-e11,1.9056014195326703,-0.023555245164069927
53d1a77d-c6e,1.7412091677981731,-0.037378569646606186
62cfcffd-d3e,1.7965525819038861,-0.05443672117071774
9a2cdd84-7e6,1.6014111655442962,-0.02070187444158883
6c675cb4-1eb,1.8354493669833416,-0.05682056846278549
b64ccaa4-f51,1.3770271157806078,-0.05634311029914019
d82c66e8-573,1.7149397371418187,-0.014290228960701257
91272d24-872,1.299975642565139,-0.03919301877768522
0bd03152-4e7,1.5471843899075002,-0.05089378277379786
c0458600-9df,1.4036474407236523,-0.03391311178532419
9b05a700-fab,1.76233836517674,-0.03857805770178474
d67601c7-026,1.963957221998998,-0.053146264157018064
f0f0027b-f1c,1.4150568207070278,-0.030087410256577296
38c18633-6c9,1.4577791309732007,-0.05490193588365028
a0d5655e-2a9,1.71344222619915,-0.05698210199374937
d77bb5c4-17e,1.4331051079245805,-0.05434902533428049
850a19ef-0ed,6.47715634130836,0.11140218138064006
462e6e82-27b,4.934421407649986,0.1287135014069566
710641e9-1c4,1.5136234517188307,0.0029925570070113983
cc16bd89-a9d,1.3309201496943257,0.007447462353744161
87d6cb20-391,1.5862514021626108,-0.014467791970593225
a7d6dc3e-76c,1.3620895629793859,-0.042964261233337186
480e2123-abc,1.5498629797940837,-0.038402314433482077
446a4bd8-67d,1.7792587022956257,0.010172876768874461
56250390-08f,1.5698804414341994,-0.029620029642831835
bff0c224-5c8,1.4608975353078075,-0.011322256932360442
63844d28-f62,2.4403847953977658,-0.024520829818958312
dd116668-1a5,2.033013670274632,-0.029093678038450477
f25c4e13-26e,1.395520756911927,-0.0642154673472517
ce91e809-e40,1.4017039413849515,-0.046369392330967096
681ddeb7-61c,1.5042094276174758,-0.03597673801833018
36b28203-939,1.8366626390755618,-0.0009264557647266081
ea26c82c-82a,1.9470175813365926,0.005504096231467193
f8528c34-ac8,1.4125674740985106,0.009568650025872705
48efc3af-ba7,1.7700417540792008,-0.050813794225649855
7d3cf214-ba6,1.4865295998632897,-0.006744828694857985
d4dafa3a-c14,1.4009897622638894,-0.03994122116431831
f3ff81a4-852,1.6497324868297731,-0.05943905512343406
648e2983-69f,1.5781946731934062,-0.01968694269376481
4b3f1a74-c8f,1.7913076954379745,-0.0254684480911353
09fd87ca-521,2.110104115765569,-0.027200174494802165
625bf5fc-2a3,1.6327633350678477,0.014447616001288632
309aae10-ba5,1.557868520081024,-0.039340200707205286
0ad92023-40a,2.395593358473836,0.034051329331209246
0bd5f360-835,1.8032589942896418,0.0013343451977894105
a9fca250-fbe,1.8262121181268012,-0.020629695123311864
4c5d5af1-309,1.721320934042754,0.0062872004437625195
0d3a2bdd-084,1.7607624266091517,8.931716447269089e-05
a021d1cb-cb8,1.4935618558727177,-0.053662869654118706
34305bd8-3f3,1.2949782629128501,-0.04879763738863396
133c44a8-eb5,1.3657662177559018,-0.02844439136696264
a929653c-4bb,1.463550126492937,-0.04539034224284749
e6549c5e-fc0,4.6752689121171915,0.08707152987201361
2da7bef8-5db,4.045677004659815,0.10228082609137445
23c12bbe-b3d,1.7898005450563237,-0.030372999873479634
097b5b49-38e,1.4617955838738665,-0.011894458939727515
6a69eb8a-387,1.878801766233555,0.01658918835104828
8a1573ca-2e8,1.3379904671504435,-0.04785011857563265
be689178-ddc,1.6644679646497536,0.00649921845919077
276d2e95-02d,1.6135299387295943,-0.03543069147271738
8d43ed75-66e,2.091735567283608,-0.037264274404955056
90f0956a-d1f,1.9385406456223315,-0.00579468697411889
52645714-87e,1.60844188833127,0.001754385525371993
0bf1c993-a52,1.4862696398744581,-0.03175812984071158
4469e6d9-2e9,1.8021048748470163,0.003020786979961332
6e0fd5a9-3f7,1.5588400961762365,-0.027662942722686212
4b60b6cb-375,1.6129482584397117,-0.02016220661418716
1fe9dab7-422,1.4725825987697772,-0.0038916816052411707
1ba7f965-0ac,1.6227830121806492,-0.05121102310603681
13ccf5b0-901,1.447811390430527,-0.0040072786654402615
a248a9c9-bf2,2.244894241947766,-0.030803668488185332
21255d6f-cf8,1.6772136301607807,-0.04697823097352821
1d41396e-861,1.7636366304716709,-0.03791728978473735
70f49548-6c3,2.128522338935755,-0.03973130576346445
9103e2f6-e14,1.6849529419249338,-0.03864845117786697
4977bcd6-62d,1.7223037081131003,-0.02936728143744166
f4d5db3b-bb6,2.0719143981243264,-0.01939640593636488
d4a43f8b-81b,11.23948985570442,0.13060146036250297
625892e6-faf,1.7822522837159043,0.013440984749015006
84cc6d0c-b3b,1.7606486082333683,-0.041140575125286905
94993a52-972,2.3143483032401417,0.025262013873819322
e677df1f-5c0,1.899351812850552,-0.010867643578333641
d0e336ba-e64,1.9481476751975615,-0.017547501096669582
c6e61e9d-012,1.5714167067618379,-0.0047249767738480886
4e3eb1e3-c0c,2.396931857368652,0.0012276033206261028
037788f0-7a4,1.777193604153891,-0.013216093786304617
96764943-5ad,1.4912339105916876,0.03190110245910516
412eef96-9f9,2.370798646700773,-0.04970350194235612
e1e4c264-a36,1.7685866349352914,-0.038446959855283014
387f61ec-4f8,1.6012416769417523,-0.060206834016954036
19e11709-6b3,1.5600569147504726,0.0034330478673174625
811a6a80-ad2,1.5890105491766386,-8.08948583942426e-05
24e2832f-9f6,1.8026525754925165,-0.07048844393276282
927679ca-e6c,1.4111317884386643,-0.029706805258842117
8d0dca77-4ac,1.9103101234581605,-0.019886629680630596
a2f0b8e2-b6d,1.4054792216490688,-0.06002936103801698
0cfde744-3cf,1.7059938309469072,-0.0711679674063379
5ce0495c-6a9,1.536084973890324,-0.021587773608078398
04e3d5ce-e69,1.5071022207303906,-0.03586423278536083
bc427a10-d6b,1.3805755690760901,-0.03210977053607422
d0f20fa6-a7c,1.7940883393098186,-0.030609545168069907
c25d6fe7-887,1.513326541285561,-0.05532133556590302
c30e8644-718,1.432319552348118,-0.00615688043666468
97007ce1-658,1.897162417432324,-0.027161449678853977
fa09daab-594,1.7410788068269272,-0.028812373267673164
278425c2-009,2.4531930352014744,0.008233402591878214
694967b4-060,1.7236603582319565,-0.04141089350574906
192a7b88-dae,1.5664421753063626,-0.02184741725017514
8dd43c71-57b,1.6168920627400207,-0.07228845288368402
1b7c0ca2-83f,1.5054405140223972,-0.04078337135576354
0a0e5816-5ca,1.3928020188589694,-0.05903136353382249
75050231-bbc,2.0045103318658235,0.021894251623904903
7065ebef-d58,1.3253772311170018,-0.059252376442734234
226229f9-7e5,1.5028312315315326,-0.05905912790110801
4792fd78-02c,1.560292214399697,-0.036524551822371576
b90c21b4-c4d,1.4743978841262932,-0.009767878506709071
58b30a0d-70b,1.4126383764526393,-0.036220869883498985
9ef6ed1a-486,1.3791035690597548,-0.07521376634192828
83da2f8a-61d,1.623887370275899,-0.0725812031279166
7e9f96cf-0f0,1.4546219875190205,-0.07960407612154347
b88fcc7d-bee,1.3656656560404412,-0.027039509760930114
398d2429-796,2.1016252881168356,-0.025416280860804774
d9940b2f-b6c,1.4602123944092031,-0.05014765510093511
8457e0e6-32e,1.760594742696579,-0.04411580789452718
58c64bb6-412,1.3822638734514898,-0.012735293926769309
addd3cbe-c46,1.463634288574679,-0.06873585024230511
d44e17b1-615,2.628474493197496,-0.0057130437441346715
accd9a6c-3bd,1.4834032922000324,-0.06040492855861512
aafea264-581,7.385934811081769,0.12044617373048838
61315b7e-04b,2.0379826285039386,-0.052021066477644595
7017aab8-d67,1.8862244366624066,-0.0656024404649923
bddbafe9-4ba,1.4315830406766739,-0.019926635991940223
b8aab25e-f3c,1.7204151194755768,-0.0327726675719443
c56d8c12-896,1.3285026652423635,-0.058774838917497074
ed705eeb-737,1.7097898652181875,-0.038598730564062655
82802564-d58,1.3507838599784516,-0.05097312770531914
6d27dff2-0dd,1.4217925187627225,-0.05380406234210916
3cdb019b-b5b,2.108758323922707,0.012225639690131573
af5f9ea5-0fe,1.2491450465824994,-0.022120760644640636
c3677716-e23,2.113816040870083,-0.030768913224042405
d2af1617-96e,1.2068769219234172,-0.02277294682295883
d26c4b68-f70,1.4010774863704185,-0.006501225796356813
d41cb424-e00,2.484984219333572,0.1281819860546315
1ed0e7f1-34f,1.5921224834723702,-0.04627156597442311
80b95b3c-4bf,2.2021092635462516,0.10932189394277836
8381d24f-fb1,1.7344671858587692,-0.04224120919778612
0f35fb2e-289,1.4698488800743548,-0.00250786925492541
25b1da92-3d5,2.198992499282631,-0.0380656431577478
52061c8e-baf,1.6991136879722522,-0.043610691724128015
7f307d5d-c8c,1.7321949749760157,-0.07151638976655356
0f6e4bbc-e2c,1.8974234847055311,-0.013366009471575457
70de657a-556,1.3472185994166326,-0.0506012774407289
edd9abb2-be0,1.3062916185653775,-0.049054832377672664
aedb7fd3-238,1.7748285233709045,-0.0015311891986694581
e772cddc-bdd,1.921613000945586,-0.05893842029026175
5c6c4652-c5f,2.084740143632212,-0.06267686049196486
45db1c7d-2c6,1.32966397296521,-0.038479050085700905
e9448906-81f,1.3763249964163113,-0.046303531269396736
ae188942-8dc,1.2409846548375019,-0.04936723713494379
480b9fc4-789,2.3312745168937683,-0.056419044617644576
26a06320-720,1.2796597582055622,-0.007739914605778719
4875adff-739,2.0402044310655207,0.09068775409832441
d5f0c81d-f06,1.6983594493053238,-0.006725740978999917
3805bd6e-0ca,1.4193743905971556,0.06984874919034245
0529d9c5-c44,1.4027975407001625,0.07400992810237028
dc1d4099-9e2,1.4259949373164695,0.0651992866348865
7c3758b6-fb0,1.253815257099873,-0.08137987369912714
41d764fd-8bb,1.3926898449003884,-0.04349049544853184
c988871a-274,1.2736653890791205,-0.05286884743254222
a5a55355-bde,1.4681059932887008,-0.04192059081972993
862621d0-f11,1.4637377405247403,0.05154457897026987
e1dddff7-347,1.4381601864564124,-0.04264463402423091
c3a67267-53e,1.722553804522315,0.09823140685897536
55186aa2-b34,5.290549818007149,0.11081609334439968
6132300b-73f,0.8734528900521484,0.04755542962988979
294a1927-a41,1.2562218205099307,-0.052383446489082164
75b9cc36-7b4,5.229271576651872,0.13383786583381374
44b6fb0c-e4f,4.770848121386778,0.12289209851386484
47a4861a-1fc,1.5536886445174938,-0.07765826022171757
10f9bcab-845,1.4578268286607945,-0.05060433071899567
3edacfc3-87a,0.7210848526929993,0.07173335504147282
8d512bf8-2d6,0.6311621972472709,0.07370184653010692
5e45e905-0ea,2.1848543918988472,-0.05273607980319106
387230f9-2c3,0.6607533900022079,0.06304969389493786
ba103ab2-c92,1.0297416063517646,0.03232493441919271
d136ab7c-f67,0.7294944373552809,0.03238226254488208
2e36c6e9-975,1.8071890600944716,-0.06815455033085022
5ff425d9-a15,1.7376456096312014,-0.06767955204497528
dda91a07-563,0.8063109193269602,0.022996064420954476
85c7d290-641,1.3189375040838103,0.04774649847894208
7aed66d2-53a,1.1778582072937787,-0.033688845108290344
3e019d8a-3b2,1.1396070684187556,-0.03143473182814527
ce343ca4-e99,1.0398077159382448,0.030122697105668172
08856d8a-a02,1.187216978977782,-0.055608332391834214
da8b2006-5e6,0.8188588936231213,0.07435606693032726
a44bf5cb-c72,1.4027784025883077,-0.07793723104702144
2dba908d-5a3,1.4749377642356254,-0.050853637993875545
f5973883-e94,1.4435556408722876,-0.008609229038807065
fae2fad1-822,1.6382060822339342,-0.05069159372544185
93598417-ea4,1.1697670889908083,-0.06903706878123367
aa697a68-6a4,4.681530733548895,0.147013357640971
2797b40f-101,0.5821720758595019,0.03254870780092134
39e31d5f-8e0,2.036017978734014,0.11257768649332844
174b0f70-ad4,0.37492787217368373,0.05698465143916154
b7b527be-ba7,1.2059847429093025,-0.05173916676973811
aa486d24-618,0.4521056409677866,0.057184527697358045
9a0e4193-de0,0.46972889331089496,0.03918331984016954
57f16226-9c9,1.5145889735874305,-0.05266145189360005
72ca26b0-b76,0.27262624795756296,0.038123040199012026
44486a87-376,0.1431198966225683,0.05731196509266212
1237e6ba-f8b,1.4228088586552625,-0.022389971236746742
ffa31ea0-637,1.3251970433240914,-0.017269346689525067
13d34a55-7a7,1.136148448617025,-0.057514698073558024
a0b1bf47-bbb,1.2917700605754965,-0.07226914382179195
180c7494-ca8,0.08465575565289184,0.06179768467464408
c9142f94-7d0,1.3745653616158355,-0.02655643769128946
c371b26e-f00,0.9991176048316376,0.06797754622547969
a13b6bcc-ba4,1.5186404572357086,-0.06166852168367298
84308fed-acd,2.081357753229648,-0.03724344573919619
a338adee-6cf,1.7321793049331133,0.03793286972181387
d5c6ceac-5e5,0.5032372848951094,0.05056138670430543
acf2438c-ef6,0.4744478397439648,0.056777397174161304
b95a775e-d28,1.0913559247490043,0.021074171788423968
59315517-5dd,1.1208485058375708,-0.02078796433648128
bce2f20e-7e4,1.603717749468355,-0.01409106890073697
ac6b16ce-043,1.2009880366191426,-0.052081744303028366
73e68dfc-aea,1.109314758508635,-0.022255423740189517
feb39242-384,1.7411350752748238,-0.020711503636513917
da526b70-b4b,2.0486514428101366,-0.056446805340889805
a2bac38f-e7b,0.26980875586747893,0.040272448952132556
2d1235b4-2a3,0.5511375564647396,0.04225438432068007
d0726fba-a49,1.5742725405899562,-0.06383928051606963
0dd197f9-e2f,1.0596312400531063,-0.0553321941512942
4a1d3e11-540,0.7713654942177223,0.027896140554634186
290539b1-d4e,1.425769422586987,-0.0676469719964779
d7312765-e60,0.35977286492410654,0.04951239740398938
3aae967e-19e,1.585762362606606,-0.06641785495365127
81e0bf3f-220,0.8347970866717421,0.07288543760552624
38b17957-989,1.3279131445905983,-0.07667121331207721
18e9f670-b8d,1.4643495686590084,0.06561524069299918
6d5f599d-1cc,1.023916894512375,0.03220437558102418
15faac8b-a93,1.272289172342449,0.12035203388038551
e4ad4f75-d7a,1.3561137252572222,-0.06378854383696353
200f6ff7-2dd,1.3487657477931982,-0.020829606929957
9e1231e2-5b5,1.882000073356605,-0.048918059909627776
0af028f3-771,1.1511768451388198,-0.06387235135422198
417686f5-9f6,0.6849183421222689,0.026726595762186167
cb4a8d7f-7d7,1.3006447534384074,-0.05787513373742004
6b83ab0e-afd,1.5264015041391579,-0.06590483014001391
b91c5aa1-1af,0.973795610082393,0.03786804652076525
94c30129-fea,1.652290666950159,-0.021746327296901125
99d6d969-69e,1.343031072926078,-0.05529141071256177
d1d4ee2e-5bf,1.5074220757576087,-0.02680084239473579
e820a44e-cf6,1.2561546535553259,0.03780094926877753
af172082-cb1,1.1549278755373218,-0.05973276363961316
426a8885-ad9,0.9951922502248094,0.045737817289520755
a626c40e-ada,1.1467078815134157,0.03551388381187348
796f09bb-c2a,1.2300832874362715,0.04600626671546926
8b84869a-b1b,1.5086537949087502,-0.024973172475878935
16b7940d-f38,1.2839996564429648,-0.08618199809468263
274d27ed-cc1,2.0342452669366526,-0.039464739421483486
f6dae733-826,1.1168996416341732,-0.07749464163228886
70775214-55f,1.038362029174193,0.032144231398965495
14792b34-2dc,1.3273561901904203,-0.02565748354268188
415a1881-68b,1.4290037932387065,-0.027597906331977562
07fd7ef8-a2d,0.5029045176464961,0.06360267643744177
d4741f2c-dd0,1.2848687484767403,-0.025399939407166172
a8454353-f34,0.7944211766502524,0.06234772871127259
aa5080af-5b2,1.4361264704411771,-0.059551480061855455
bcedf693-0a2,1.3407729653866125,0.03941360681854744
264bde88-184,1.5623591082963137,-0.08505885983623229
cff33cd8-2c5,2.001548672272161,-0.06619156502356349
ef0ccd17-35d,1.793396058351116,0.0205498077252112
833bfcad-2d0,1.5241173211221806,0.018323150062212745
7632327a-645,1.2611625185201436,-0.0730805293489411
95a0569f-3b5,1.1684688993771668,-0.08787056363176382
8bfd1ead-452,1.8350090053994106,0.05312075943302652
fa11d54e-bf2,1.554034157388419,-0.07032978628302533
963b73e3-b8a,1.223407095402489,0.050999631942660884
cc3de8d7-8d3,1.4776625644124621,-0.05234673726095901
4a9f7cc0-f2a,7.249680190513701,0.08823269848693405
44f9ea77-4cf,1.5136378221713733,-0.07140871198800092
e5e2eb03-602,2.175295740619364,0.04247217354527322
fd85b7d6-4d7,2.6200061738392004,0.10507018320477901
ac1dd011-c64,1.3589191104250982,-0.08760115671941315
d6eaf1bf-7e6,0.38962373365576575,0.028155699468205286
c897f58c-95d,0.4175828191327147,0.03125150355457462
e0a65fb5-b3e,1.8402828842672423,-0.042873392127872556
b7859a58-246,1.712668540291845,-0.04043907771802585
ae8ed4d2-11c,1.9886586336788152,-0.05437807831766672
74fcf685-7cf,0.14325561468441692,0.028988083989318847
f866951e-395,1.4896512766863454,0.0733749846318037
e722bc77-0fa,1.8350822469699315,0.060787414819884034
f3a8414a-2f3,0.9883122436564692,-0.031133054715151265
2bec3b29-32c,1.7598943266273834,-0.07556255610387508
f4e45569-0c1,1.250438305148231,-0.0459912434675242
f679acea-e3f,0.2782180692844775,0.057975909457439245
b9aabe01-0ab,1.1503473745385961,-0.06317600274109203
77e272ec-311,5.1645414667670515,0.09689831952925143
4c335311-dfb,1.7485209404550326,-0.07536748464180282
a82759d9-eeb,1.4470172086924835,-0.05702328750536523
5a5af947-497,1.0112892635563102,-0.0725355768470547
8a28be3a-889,1.798954656792635,0.07275049443690529
9a6cd8be-d06,1.5853112205240758,-0.0693725968310589
9a432dd0-8bd,0.8651966584322004,0.03502893533760365
8d5b1a5b-27b,1.7187483158414478,-0.05635391882120616
10225f27-0b4,1.223353866509918,-0.02607882405423445
bad5cc65-eb7,0.5768503496215592,0.03064270266297886
20db6439-f11,5.106529892963645,0.060346802655598775
125db357-9d6,1.0348413761943303,-0.0537438182987659
540edd72-165,1.8312022094763853,0.06600618474606301
c9a7827f-fa4,1.5210892978210377,-0.029460121852364407
f3fe3d3d-047,1.2919256951281337,-0.061093747465076675
93920994-227,1.1591980964944069,0.02200343570651464
cfced747-ded,1.7608553710575268,0.07395601678378905
e27fbbf9-550,1.220046907721045,0.05333445845261531
5b34e9b8-910,1.0878419991832122,0.02504130295128626
26ae9eed-e1c,1.8717609270286295,0.024953414557590703
ed883953-212,1.235374346138003,-0.06421797377908656
8f85c44a-4ea,1.401324866564361,-0.026709864422574114
4db171ff-0db,1.1127439317510177,-0.05264412445448913
e2f0cd55-df0,1.3468302598289394,-0.03979742252402563
98f12fd6-857,0.961057527650544,-0.04809322537017596
c0b20176-18f,0.7868321253416241,0.0213118459859879
29469da7-88d,1.5193657927642747,-0.07290723559167472
ecc68fa3-cf2,1.2150062799637977,-0.057990909248594735
58219a0d-367,1.363660430130189,-0.0446916881586219
fc06d539-7b0,1.0377816423172883,-0.0886313790979606
4863ae1e-319,1.840046805556987,-0.017392709465389122
5d0e15e2-750,1.6957647018722661,-0.05654618623302715
24532699-c69,1.2005061286772696,0.14494660963303752
738dbd48-00a,1.1926622484100622,-0.04845169967991936
075556fa-e30,0.9828340949497701,-0.025762947187164376
3f8795aa-b83,1.24630113813995,0.028886802313718873
a2ce7d4c-f20,1.1562068788340976,-0.025755992715689013
45679cc8-56b,1.2687055340107887,0.08607505030810936
a233e76f-c98,1.0744681359180286,0.08760715058798718
e951e607-75b,0.9957575995926173,0.028285428122827083
e44cfcbd-623,1.2974373317919612,-0.026792794726072877
fe019e70-50b,1.6043681858157353,0.09354406984317343
3551d4ff-23a,1.5252538954797017,0.0744472578851546
a68ea33b-a45,0.78945891172567,0.022088649968345364
f1ff7863-2ae,1.8956912822431518,-0.07068183538981815
a28d01e1-53c,1.6632692989265658,0.04723961527728904
1aeb60ee-868,0.8549002304611405,0.03414331849092145
defb734a-333,0.9968881345683808,-0.0731328585599263
241e35f4-9d8,0.7785868419274451,0.02689537817084764
471008a2-283,1.3678892371192657,-0.07749559995489508
b68c5085-f11,1.0058225708933402,-0.06545999549472925
b143ae60-a08,0.8456405373258045,0.02943148654508676
ef776fb3-17d,1.1773786107987885,0.07310778042538946
72acee37-c6a,1.229253072143351,-0.0669166618371193
06229287-f94,0.6129168537801413,0.01870956628329823
2456f729-f13,0.3492530491882929,0.025714804766898247
9c63c191-b30,1.4997433893785463,-0.0019451224008190104
f82a445a-b6f,1.0790987503144351,-0.09198293206392222
e6424b15-332,1.4214622838984055,0.03881417890850225
99cc6508-577,0.6625715399065926,0.056901078751272816
ae467e70-aaf,0.9370071028480668,-0.06071661032070225
efd59104-bd5,0.9520030632374207,-0.07634618924738557
bdcae266-b98,0.20310094930556621,0.03419544947946629
fb15b81a-67d,1.4255508941785324,-0.059906768817253264
701737d6-d1e,0.954721937989727,-0.0798828969366111
04611427-979,0.029491754182911285,0.03746216579950201
077a6587-95b,1.0115090230269905,-0.06308872459718046
924ada35-d29,2.0447459698949406,-0.04346541214085875
163b8fef-e63,0.47112301497551634,0.09228678572374305
2308cc12-162,1.4793417823191397,-0.006907051658756103
f7a1168a-4dd,0.29610929474030334,0.010222354758420704
bd56cec7-b10,1.4043627957492393,0.04127691201236361
14419703-3a4,1.2271943694196643,0.03590414972063194
d8a6dc0d-b0f,1.4043266151110103,-0.07136819176060677
f9da863c-6f1,1.2923612860936504,-0.052641312643576965
5c75b0c1-07e,0.9475315793337248,-0.02956115588381364
09260124-b17,1.3114950340273104,-0.008772574014401013
a2c442b2-26e,1.3809438242922372,-0.022785101022967158
f6a6b968-b25,0.46383717743078295,0.09287632636848775
d7d0a611-0e8,1.4179646775633756,-0.06937293956981144
d8e9f2ee-80d,1.4198324294608997,-0.05630459434998236
c98ec8ac-4f8,0.9276642566214575,-0.03634458950155828
ceb9b4c1-59c,0.6892749661456323,0.022546066164064293
edc395f5-dee,0.9296356159914342,-0.047178281596494676
eaff6937-139,1.1078967840363187,-0.054317778211267376
95560db0-d85,0.6750085647214872,0.09114453512313092
7f2171b2-5a4,0.8486136816671708,-0.07669275531947667
05cc7762-558,0.9473841810727643,0.024352554541967608
e29d1582-b44,0.9636854134703741,0.09402200757497192
d80f327f-27e,1.074628618586086,-0.04367489206367614
dde380cf-ac7,1.0540165638187955,0.03828633873458642
9c16109a-e31,0.9615739919499708,0.039438989283409276
4f7e7bc7-a3d,2.374518987284767,0.03789745452776838
129fcd29-ec9,1.790741417854732,-0.04908670251956354
f945225c-36b,0.9164977135076581,-0.07127754403652697
99dbbf6a-bef,1.2832862258709445,-0.08882605631476359
3ed7438f-b6d,0.9379342681132936,-0.08641744040037369
3ebe7fd1-67a,0.8519737091702803,-0.06652558012833354
7ea2f260-ec2,1.3100225151876037,-0.07167788515371504
8d5e5ec9-53c,1.602642768540358,-0.06624468211677703
8f835292-298,1.4007343144143545,-0.056335678422024804
1bc2e82c-fbb,0.8990241577987357,-0.0583308673421829
abbce6c5-fb4,1.1116463521213746,-0.044446734439082536
559c0679-23d,1.3967796043061518,-0.05870098609678487
db0e3853-eab,1.4329647936404064,-0.012642715757320566
81562725-3c9,1.9189179681319106,-0.04947972494130798
5ca0f022-438,0.921408189585088,-0.07166318917266262
02753ef6-5f3,1.1998760541638434,-0.03201841056851551
d1635f4d-ac9,1.361904510895784,-0.04725661086366667
4a7928c8-191,1.1131637932805079,-0.04444479704122456
66af2d19-485,1.7185225375580186,0.044724892663471794
8ab36ac6-09c,0.8173661350053139,-0.06703909248955953
26a4534c-87f,2.3088609855945723,0.04356531705232802
6527d88b-886,0.8187088734422237,-0.08309896270408762
560814ea-1e0,0.7647733622877194,-0.05405863088602808
ae590e5f-4e4,0.879631012191077,-0.07081600413024625
0e201b79-6e1,1.0490276408063497,-0.08064942340108744
70edea4a-363,0.8886351597714859,-0.049458904832750894
5a51e1f8-927,0.8992194976154282,-0.027542855735572136
7e92e9e7-3d8,0.8702122270463138,-0.030872815114381447
9ddd92fb-adb,3.9618497998232085,0.15145431200684378
64908851-567,1.2400398502716867,-0.02715601439972587
d8365b9a-c86,0.8697278234673059,-0.025135889571808345
6541814e-a24,0.7848823805529522,-0.08493729232387531
c3e3fd08-52e,1.4464930593416734,0.07564139653132917
2e67063b-543,0.9893657907298103,-0.07157645879396796
8e47d7eb-499,1.5399738579691327,0.04490618105818911
b340c279-5e7,1.2567482420492766,-0.07502241486155536
a3f7c8b5-c6d,1.0102908467399248,-0.0502757578298107
2b7dc4fe-072,1.0102271048881126,-0.06291001291167497
8b74f88e-763,0.852585475354307,-0.09471175693718603
2ca43fad-f3d,0.9038631085648708,-0.09152679776867167
f226bb48-f78,0.8943437147286525,-0.07164523616141882
7118196a-213,1.4720672624338036,-0.006173818511766738
26cfa669-5af,1.0988965662536219,-0.055093578532615595
778fb47d-f76,0.8321992480418299,-0.02400407499495255
851254fa-ba0,1.3648357035051284,-0.023591055921959758
1fef99f9-eeb,0.7183828620556927,-0.06865795957156756
fece1396-4da,1.2823528145372816,-0.059094515030949424
9afe0de1-399,1.1659071726617434,-0.06425995755336467
f36b8e06-f32,1.5229673609548446,-0.047840236265601854
b01b1376-1f5,1.611172817532849,-0.01836139246851909
ead33d48-f5b,1.015590245635858,-0.0793594207271816
889193b1-814,0.8047261976511897,-0.0553265355256754
5536d6e5-7c8,1.2054562524921129,-0.034189501254242805
7d205c92-2d7,0.7964944620013803,-0.0786849729307344
d9cabc0b-52c,0.8289753205771224,-0.10128733875479118
bfe4e02f-ff5,0.6839114912115508,-0.052845098834841786
17349f5a-25e,1.1309623641417619,0.035499407846016906
4cf99575-94a,0.7059529798848094,-0.11000782268961617
c011183e-a7b,1.0821905687082514,-0.08055080574129353
f640e323-491,0.9148228878274303,-0.05814130584946836
91b5a0ca-652,0.7178475131558083,-0.0560315854622882
dd7288a3-4e4,0.7418276019842656,-0.055603968463865505
1b8f5676-d1d,1.1745313391045713,-0.07274869612714263
0c480dce-4b0,1.0947017162368589,-0.05020890232473102
807cf89c-7e7,1.4373477716728897,-0.026297170072266174
1b4ab689-62e,1.1158876057167935,-0.09287262265661644
735272a2-5f4,1.6856118014163362,-0.001757561048502554
e127dab4-276,1.0361272162737625,-0.07885904387331982
c9e7c2d6-333,0.8026263286491503,-0.053809611966539383
c13bb41e-b55,1.0546398237354004,-0.09829276433973105
8119f614-540,1.0453554934161562,-0.04623649519056072
1eeee3f6-c67,0.9399280054768483,-0.08246127713035578
f57ee976-da7,0.6752274483847133,-0.07680635325071128
95421d4d-aff,1.0179098756951648,-0.0878827037375367
8e570839-e3a,1.1871923119896373,-0.05769337433745736
720eae20-4d9,0.7205697727954156,-0.10276089520108289
cc7da6f6-444,1.9292191618446917,-0.05522061404420775
e392028f-4aa,1.569437696962837,-0.08900842188221536
1238ef67-893,0.6448936319401336,-0.09930973402812826
f1bb8229-669,1.2347557630844443,-0.046105601010288655
d4d9bf02-9a5,0.5822539420899627,-0.08585265690566984
bc11a127-397,0.8119081912662636,-0.04004803721429645
028a1b70-70b,0.8170378141247763,-0.07692499977422851
3030fe7c-1fa,1.2711960634366255,-0.07525918746962884
dd0ceffc-af1,1.8155732224715668,0.0355345544892135
b71a938e-165,0.9512514007233418,-0.09237606137679966
9596c32b-4ac,0.9206912883450241,-0.09725584377275209
d886f6a9-cf0,0.781857789014753,-0.07327041381468824
893f8e69-5df,0.7398182535297217,-0.08940074967230638
180a9691-d2c,1.415641321772616,0.008089081504966011
f05709e6-61d,1.0753789218730903,-0.07137295841161212
a739813b-999,0.6669969492714732,-0.09434854144092913
3aba362d-be9,2.045898079517911,-0.02095295088576704
bce5ffe2-45a,0.8638399322556587,-0.04758936362655436
c3eec4b6-23a,1.012937174188415,-0.07266795512972701
7ee20eff-d72,0.5994758494702781,-0.06933290065696951
4221d6b0-748,0.8016738860125983,-0.04863976911939716
4e51d589-fb4,0.5728605298682689,-0.08891005875672736
74b175d3-32e,0.6902299227992935,-0.07777135321360973
81a3cda2-def,0.7286347975490722,-0.0962262340339547
6a6d4329-81f,1.3760740154699986,-0.08681146565355663
5b7abb32-f11,1.183355459367677,-0.07250855593708039
e9ed8f74-a77,0.9438704708305903,-0.0850324602669047
80c7c1aa-d73,0.6152601822494895,-0.08930290738556002
9845e775-263,1.0014789979736662,-0.07336242522760428
ad05cf5c-534,0.216013778400227,-0.013946653779531581
fcdbfd3c-9ab,0.5048978230549047,-0.0850603597817503
d9087d99-0ad,1.0208307907159164,-0.02391180243306218
67d59919-2d3,0.5870257852760674,-0.07621508445349406
2765ee5a-717,1.286810807000529,-0.05842477869758622
89fcfb19-eae,1.091759890941014,-0.09621735195619091
fa53828f-26f,1.2374150473822325,-0.02244269871266885
46663526-31f,1.0131087373991234,-0.09555878472834733
8b78f748-946,1.3949247369249238,-0.07955356665078173
9b2ee039-14f,0.863498303013224,-0.04969416061719567
5b3a3148-870,2.223656409241869,0.10834089636968824
82248f9a-bca,1.5173032059158347,0.05152682575658851
85ea81d9-aa7,1.4863857339914175,-0.07476580687295142
2ee0b17a-d7d,0.6801583910278157,-0.08774093846554581
9b842e64-8a5,0.6846976161069523,-0.09747459375138562
54cb83fe-040,0.62136163972431,-0.0727946967152272
fdf3b715-6fb,0.5921500936689251,-0.07649768170114257
2267bc1d-c0d,0.7968831321959807,-0.05266103321693183
4d3c423b-d9a,0.7129951344078552,-0.08562512423719054
990c86a7-afa,1.2051580605957892,-0.07009055685424809
d04dc422-a79,0.5681840019870439,-0.09567035289863968
02c08392-527,0.8336132387695532,-0.06137935170088976
465a8dec-563,0.9539612232187618,-0.041837720445757454
fc85cdda-306,0.653943700972179,-0.08236885212085143
b88baaf4-eb8,1.0606101425361878,-0.07879094090548211
a246f89b-110,0.6704311779291371,-0.09714549177831511
9dcfd790-82f,0.5945759608423825,-0.0909557344903662
900ecaf5-ecb,0.8974726372220141,-0.09946672388775812
3ab3842c-720,0.7197169892896383,-0.10106923202189078
8a314930-a01,1.4595527487780229,-0.055862367061919105
22023a6d-f11,0.9124716403408971,-0.05200884060336908
a80a5a28-587,0.7401432444187382,-0.052207193892448045
b3048dda-9a4,0.7406131023544282,-0.11170782214828001
a66efe3b-683,2.1895896537430932,-0.0003015105451358857
f7898976-408,0.536404356287081,-0.07766815453767889
5bf2e2ea-104,0.5987328529227285,-0.08915180359870939
63aa1328-b36,0.8055783510543203,-0.10010420336543763
6fe8e7e7-795,1.169804554823295,0.04565596358103918
687ea992-9eb,0.5953574557195226,-0.10162533450777128
2fd85d16-f35,1.2369927998742976,-0.06903429736753064
eeb1398e-74d,0.5489847624486048,-0.0774006498411608
bc510eec-4fb,0.6041539094952618,-0.09942251978485772
5ff2a8a6-f7b,0.8979380595307833,-0.10174276120574755
fef8c6de-f99,0.7107120279197474,-0.08561297876368501
c34e5716-124,0.6743167895840347,0.015838539981177457
999d5b90-a92,0.5998729064396686,-0.059238090282742184
2170e579-2c9,1.2319823381745822,-0.07583811359270809
0fb2c7dd-bc3,1.5392639601763822,-0.008639974295106212
9a19f1cf-701,1.8406283939487,-0.003521446693573793
1721bfc6-6e9,0.8567682641071604,0.08281178199764572
5a78a068-633,0.9407805621404818,-0.0754527442352228
80855beb-270,1.5442206220678023,0.02901553602076945
1f26e94d-b16,0.8316665164355761,-0.09101759233968637
bc0e16aa-872,1.001767760621151,-0.03775391319975002
6e4c77c6-24d,1.1227896244150362,-0.06654094891812601
dbaa9f89-3e7,0.8949114824698187,-0.07411009477901365
b625e1aa-9ff,1.1594520377070443,-0.06481672706223918
b76ef780-456,0.39795203457650224,-0.08304700287980032
de3b6944-1ee,0.7467711996530304,-0.07539072686594678
9a045750-e9f,0.7026727865939013,-0.1067788737417329
e36bc3af-4e3,0.8433489070672899,-0.08654524465553404
0ade5705-6f3,1.529495552526278,-0.07084881925397463
e5c8f1fc-c73,1.6800647669177504,-0.011555519940826375
c50d0dc8-e3a,2.3858168949273333,0.09120500668441778
147f51c4-706,0.5229170980966731,-0.041495993446334645
cc16ff3b-907,1.3370676680033715,-0.08746213073557346
0177cc7d-72d,0.5026140990083039,-0.08452327014362632
436bc480-40a,0.4473610138073834,-0.0753070654513876
8806c4dd-a09,0.6203425336399144,-0.10988722752111307
7398d2f8-0d6,0.7294110437865425,-0.1039204413359483
b4f37cf0-798,0.8716398821070834,0.05758105255500279
2a8c9358-9a8,1.0474984354439243,-0.07350005103426765
61a81f4a-792,0.6021437820743941,-0.08346415526684248
a4f03716-3ad,0.3515550979027634,-0.07190282724752939
0d773bff-d29,0.9723805483040899,-0.09560085837380466
d0cbf3b8-346,0.9431037473125672,-0.07697589390156212
d11545c3-b3a,0.4627295441456977,-0.10931245953357238
6a192e93-174,0.663259156347668,-0.0751322040467235
1054853a-18c,0.538008745522824,-0.05679281682417342
062c948a-09a,0.4070823023880515,-0.0993200402287629
5ba7d36d-cab,1.3165933217988006,-0.02330640612219914
4c551548-813,1.0102943164432117,-0.08383301574649243
5db00b63-68e,0.7575856381554839,-0.1112563998419488
7d6d4554-187,0.820684033863319,-0.052908004402363096
fa6ec8d9-006,0.5780139693435392,-0.03610539670763463
a45b72de-9b5,0.9629734081713884,-0.04467498996118435
8b29c755-d58,0.4144720537773581,-0.08186767719452204
5db1637c-e84,0.5579940361621137,-0.09268976451628663
90677e35-993,0.6835314708290778,-0.07175483472995164
7a88c0ff-610,0.38583258722411384,-0.05679002339906852
9d6fbdd6-826,0.8017930675187663,-0.09930537564941855
df067e45-48c,0.6893249396928722,-0.10913433773250641
31257f7a-59d,0.8917166043565581,-0.0654012725188115
f28255e6-be1,0.3262938971553585,-0.08164847320121787
1dceb960-eff,0.4479102681257092,-0.1019864816474031
29dca9d3-43c,1.0297175053661736,0.09178342870417644
5ffa33fd-888,1.3306821794923909,-0.011628800243626003
482b4bf7-900,0.5927833747281859,-0.09890243752710443
e9e5700e-de5,0.8272708834896119,-0.06489491791334623
80cac164-8d5,0.6399481842087635,-0.10105230731774578
1696e0e5-e56,1.47187036643473,0.05800957361488679
b232c9d4-ef6,0.41717162855211487,-0.09798159170706755
0b180ec5-a95,0.42083409852435516,-0.08959874176669047
7b4b51d3-d3d,1.4129163722435691,-0.05306447021023725
6985b52b-ed1,0.6209858523719765,-0.08207557269807625
20b102de-a03,0.6499139128817111,-0.06871808904017385
2b690640-8c1,0.5059597925707009,-0.08549185911135221
e97d7032-8c1,0.7442693686731132,0.0027540653001156823
693ee52f-afa,1.0222830560221292,0.03430042918433074
f5959d46-b2c,0.8200170227892469,-0.0162417059029496
55300f6b-79b,0.4918132533457812,-0.09864308521797743
ea7db7d8-1ce,0.3980232096106704,-0.08403202382274688
1aeed378-937,0.755210532752213,-0.03782543186752807
6bd82c64-fe0,1.5670465294302698,-0.02667520934917933
7f3b7465-f1d,0.7716903354806456,-0.07764137339615568
1d48971e-790,1.0218672365143766,-0.034851182979870776
362ed317-86c,1.0786074214989436,-0.035293217971948676
a9d69824-861,1.3654541557463287,0.013720344895716274
6684a739-731,0.6720114426584636,-0.05126192154304193
200d01da-66e,0.21665805151117257,0.019454353405234714
a3693ccd-6ba,1.257549900426731,-0.05465789973603302
258bc8ff-efc,0.6733199281240247,-0.09626396307640739
69bd537c-9d6,0.6098153124253232,-0.07881275762799839
d0c85348-c8a,1.383347167819799,0.10975373431020197
c0ac586c-ffb,0.34186450713632405,-0.08068908969650768
efcde234-c5f,0.7157372383356442,-0.06406539975889525
7160bda1-8a2,0.46081647572190343,-0.06046780317963707
cb81a17f-fba,0.3100499232997951,-0.042461619138701445
e587e71a-1f6,0.886367029092679,0.06859529729576308
bc20915d-be5,1.4579971782068282,-0.034558061791676864
8bb6d0a4-f8c,1.346278980308841,-0.06250493462032375
752e7c32-cfd,0.7993839071680249,0.013429869971516628
b4e87617-d1a,0.6853512777766675,-0.07210909527357806
9c43f582-d1e,0.24160054166106357,-0.07086039912513042
d60e6ac6-7b8,0.4658248170964818,-0.06857994587126492
a6367fff-432,0.6094338024559376,-0.10717894580537157
f2a7f6b1-a03,0.7069266797778118,-0.09408289581905349
e790d78a-455,0.25507810191575575,-0.06845191845308618
feb23ad9-a72,0.42975601099044247,-0.09033348790402612
f6a0463e-fe5,1.5691882579535703,0.03677467364573783
ded8d3b8-af5,1.3528773190000458,0.046634284565030715
f746ec0e-5a7,0.807298782340134,-0.06179405885723338
884659c4-031,0.6659933718058546,0.0843037093130714
f63ca950-3e9,0.8260256339857776,-0.08922178998601682
c61f6222-356,0.17895602791627566,-0.10361639637648629
31d58a0a-225,0.6335693768735973,-0.10133220149378386
c07100b7-f39,0.5003092898038138,-0.09824773820365462
98d894aa-182,0.3775219788074061,-0.05125698223335645
0f35f927-423,0.4150637515450838,-0.0880193354737645
d4d30582-354,1.3023958489298264,-0.07012227210292243
4b86ffd5-422,0.8756669891408989,0.018321037179665156
8c4a55c0-ab8,0.5710643803579721,-0.09851696746801847
ae916f1c-ad3,0.4250013017728469,-0.07838915652187789
b109b96c-aea,0.5345889922119045,-0.10076960191088641
c7304e0c-887,1.1660312176633356,0.016226666317889937
f3fb8c3f-0a2,0.5140924172037276,-0.06971840895100773
2e129f21-4d3,1.3361578857628116,0.03667852741899591
2d2e8e4f-c15,1.6529783364696282,0.04105506315566776
ffc5e855-08c,0.7482853364245152,-0.08140007219009904
3898e52a-2b8,0.8104878159508804,-0.07836996712079997
10e6e0aa-236,0.8823589753920492,-0.10022785579025506
019b396e-174,1.3065290671662517,-0.03328933381620691
db9c894c-9b1,1.877522453529436,-0.0176996043284382
e68b1a09-95b,0.480569744017467,-0.04778900183520757
c887153a-d5d,0.5755761391777207,0.08470120285810467
5bc8ee1e-d76,0.25450406487743343,-0.08040863075389681
7e4f48af-53d,0.362203142234303,-0.07006884005487773
91829b11-b03,1.354632541700418,0.135824616715028
9cff819c-031,0.8987131864440412,0.035954621038653545
e6996950-348,0.2616676862731945,-0.10549800379107588
a4061e3c-97e,0.17680152315717365,-0.09393928411911773
165c18e2-5be,0.710268928479828,-0.01401275401597668
90a0a9d4-c9c,0.15392389585692534,-0.08965903126740316
4501e41f-ce5,0.1681145839232773,-0.048415819923407044
6febf852-83d,0.8804706342717697,-0.02383113603053455
e0c69921-324,0.1712633445289804,-0.05407994199275801
8fcc46b5-bf4,0.8903468711439471,0.023960704522023035
d8f4f4e5-548,0.2734322640754722,-0.07746591860855168
d3087dc3-149,1.0261277417425778,0.0045518273926876684
227930be-771,0.1850572337350233,-0.047292846973436053
92e2ff46-4bd,0.8947316199297533,0.01950471596871639
fdfd724e-345,0.668180990364583,0.045132003926484976
68e19f33-e87,0.5345317813982365,-0.08558484475951683
8c5377f7-0e5,0.6919891238312874,-0.039615922740655396
0b48365a-26c,1.153129389459988,-0.004687445614234231
bcd65cd6-664,1.320230885858947,-0.01088194061226666
5b17d64f-a58,1.1051376635327577,0.18022201319253994
fa436f2a-0c3,0.7287767860083789,-0.07916670526956343
852a37e0-042,0.22756183440589287,-0.07019810783686975
d684613f-48a,0.6584084330324402,0.09951826464307745
80b04513-e59,0.31181923442674403,-0.074019048834569
af1885c2-47d,1.9917612567851335,-0.023484024504984602
78df6972-6d3,1.375830989542039,-0.03525872091473237
cc08d5f9-d94,0.6511258342448003,-0.09789607407720552
762279a1-2cc,1.014134293319752,0.1621459539559822
28a6d906-fbb,0.9763125201506424,-0.0511526296660732
906ae556-4de,0.3017035903573095,-0.07690334665076598
4869c0fb-ba9,0.38849245935044097,-0.07994427058865072
4b44f05a-95a,1.100391149647281,-0.08600747488090615
f03d441c-841,0.5504392745469592,-0.07944464695588566
af589456-9d9,0.7136771460654815,0.17365866520394424
011f8129-9bb,0.7384168841329328,0.10275486405922085
18d5dbb1-8f2,0.8453405669143013,0.0045197938911561986
19554aab-207,0.1515589843564803,-0.051898273859027844
ffd7e21e-fce,0.15426628441720097,-0.10281115318876055
d5e993a5-4a1,0.6400666156639538,0.013001642702205496
32529785-052,0.24315030128701093,-0.04615411795829771
f31e5e05-60c,0.5653859831696704,-0.09068652428858454
e9537516-0eb,0.577981073990028,-0.041276203287527125
2fabd3b7-554,0.41267967590310567,-0.08487025953043226
1a070e7c-dc2,1.4937620532178495,-0.0028433328107776434
c1901868-faa,0.5286162702567936,-0.041990341520195484
637309ca-144,0.44891200235966244,-0.08241447751490966
881d3850-a07,0.08785351411849285,-0.05220515807846288
f8b3cd36-f19,0.45192182976114026,-0.04837382551729735
bc21c690-b60,0.23666595333759471,-0.016967288204550846
56b84939-031,1.2705155693319397,0.11332714507711572
9e2953a9-de7,0.41545084687390615,-0.07874610599486126
b8b286fd-cae,0.6585824711014883,-0.04309707272769081
01304471-fb5,0.6927843031259228,-0.05014542858892962
d8a3d0f4-66b,0.33156559425697496,-0.08005236528369858
772f2fab-c1c,0.41587771928079814,-0.10630492767146205
f2d7c800-096,1.1983013449163946,-0.011757955975361278
2dea1edc-def,0.9510906745253744,0.0934257813460605
a7e952f6-a05,1.8176124568144825,0.07735096411345466
2251ad91-9d1,0.1141405464975138,-0.08412994142171365
9c63be47-f22,0.9074124386754712,0.019822659852653635
300232c2-f80,0.4246427324571642,-0.08362521690557118
c343ad7f-b7b,0.25481899804123986,-0.054861527580098934
7c2c97e6-882,0.09812130541924702,-0.08809170433897101
65b6f1eb-45b,0.9169303264940135,-0.013766610059106121
2d03cdca-835,0.09646686097778424,-0.09228109069352797
8a98c4e3-aed,0.18229523045127752,-0.05367617755131876
156dd229-660,0.39731309284246247,-0.08836656047457175
0b45f852-ce3,0.4162816941549955,-0.06763863149151117
0fdf72cf-883,0.17696110263549245,-0.05840839838435147
67f97005-613,0.23548363223822302,-0.07597851779187531
1e99ddc6-289,1.0770531642461287,0.01265437065940933
37128bf8-e66,0.48837650077928096,0.09594072996136649
3267e2dd-a34,0.0902403803276375,-0.045749197426031674
f6f071ef-7ce,0.5086045654375693,-0.029760728900132705
1c05d49d-64d,0.7168897109084379,-0.08868200918718988
dd22ec2e-5e7,0.5613204576941875,-0.09124023425885874
38ad82f0-fb6,1.0520316583799916,0.036335705699026444
499557d5-edb,0.6535620427406161,0.08738111419544248
2fe99d09-08a,0.2898784538477812,-0.07511492652432888
1a004179-d75,0.5770494861403271,-0.10338082959472883
1f07b42c-a8b,0.7439917896342279,-0.0400169887117251
4b2f05f9-20e,0.9992190651479822,0.050393850328045
69fdd0ae-d05,1.4927622264293836,0.0021846007821647584
9df446b5-46f,0.14161334854260577,-0.056105421673973144
b1215e0c-911,0.04109624787803437,-0.05679762190936605
33ba31ec-224,0.9872962810047183,0.09636041581788912
be881d1e-936,0.3459952274739395,-0.05760572939149855
b374ced2-f93,0.32070087154762705,-0.09419457988653906
0600a261-562,0.7133283572526272,-0.0800960310245949
2357fb2b-92e,0.32756615717055065,-0.09615936650345841
e2f8eb88-001,0.29248558465139757,0.0016928527480630784
6903cb0c-b03,0.6681918897573357,-0.0890094110060849
b3b7cf21-7d5,0.12222137850564,-0.05539112445164096
49d1cdeb-3f7,0.247139960122913,-0.05042936471247256
a42d2e1c-71a,0.38654631806901885,-0.07732520335485482
f1843570-a25,0.6143845790730444,0.013005998779310746
ebf205e3-2db,0.21534650523160853,-0.08501576893355711
552c98be-358,0.29795070805954793,-0.017502456492760943
e1ae90b6-9c9,0.789414921846665,-0.08601409470973753
05539545-01f,0.23904564839567077,0.0012950794547502698
a80da68e-d30,0.9294618045249252,0.030043213622851006
253e16e4-2f8,0.48889174288447046,-0.06994211043844861
d843c423-c6a,0.33193497076326356,-0.05479114015673564
1109dc7a-0ad,0.848927546787735,-0.010229495925003551
e219d7ff-a22,0.9106843488539045,-0.02339743492569063
677f142a-c3b,0.24347581933782314,-0.010254684810009684
5a295fb7-582,0.26241408121054544,-0.06502955358616169
0b704e39-db1,1.31922029402347,-0.004367066240278439
ecd0befe-923,0.7202054155445713,-0.04180957562387472
2fc08b3a-8bc,0.6092627550226425,-0.046435436982700085
7fef15ff-97b,0.11549769053784198,-0.11282060659732424
e96762e2-cae,0.45985833667298526,-0.10705216717221289
3580ce29-ebe,0.24900119090591813,-0.09322567231567996
00fbfbcc-c3d,0.3123205738237009,-0.09787995427108775
e5dc69a5-98d,1.0232171512316592,-0.0823322554901913
0079dd31-13a,0.5384662028644019,-0.09315316485260278
c5648161-2ba,1.1351739000493248,-0.07534605768685937
74edb1fd-5eb,0.36845970309615067,-0.09109516027538811
64ee217b-652,0.05367738543473275,-0.10950546724385335
7f973313-8f6,0.517612348197449,-0.09809918790989786
eb4d9914-e6b,2.034730718127806,-0.0024823822840046583
b75ea1f5-9d1,0.20893566731237057,-0.056301695108621375
706ee030-6ad,1.2699066337844196,-0.022470777871035463
6faf1ab3-0b0,0.590940797759955,-0.08767390042957401
c2309cdc-8a0,0.569044362824364,-0.012110949558154283
2676882b-bed,0.38998303518557254,-0.013100032191520283
01f40909-bc3,0.40452438923319994,-0.0594523149552727
b34394d3-b34,0.7236784873882139,-0.007995448222907542
8f9111de-795,0.3086681508085578,-0.044176208808779094
c61cb779-e19,0.37524625289112606,-0.05475757905061707
57b3447e-825,0.16212351665780855,-0.060015051502652184
30676b3e-c6a,2.235109975478182,-0.004757535022551496
1ad4bba5-1fd,0.5932639149683799,-0.03852984549736388
78ddbd74-79f,0.37540155168734685,-0.00305928268705713
d46119a9-4c0,1.0892749104268902,-0.08016227344266097
9425c8cb-0e9,0.3157681712386427,-0.08083067710133063
37f2b9de-3cf,0.5906963026293531,-0.08377975635899215
c16ec0d1-eb2,0.5492597940849308,0.08061852387798907
88d3462a-3ab,0.3087519023544318,-0.07026444077390914
e51453bd-027,1.2461487864123808,-0.021254316002625118
85560760-dd6,0.7742118858651438,-0.033653011073189465
20ebf33a-629,0.280612514508355,-0.08290327926536367
5eb05e28-0c6,0.15855516946915946,-0.035791498716235604
c0f28f37-270,0.14198410692440067,-0.09499715813517395
e771f92e-242,1.0789424026183672,-0.03790498508445589
0e726725-eff,0.4845866980755829,-0.07535413291397453
579671bc-9a6,0.38714987560803826,-0.08342153503569122
818b6ef7-01a,0.10914882899705583,-0.1162071476008607
449d8120-088,0.7856742689475529,-0.06670745629609753
cc6fa127-37d,0.41810346710384094,-0.0991665754307336
f6de8457-c9b,0.23330653280984676,-0.08388724409454779
2c0ac023-f64,0.22036824188655973,0.04296229060341239
92bcc646-7f9,0.36536733550692113,-0.07816080847802032
73b21408-c2e,1.2777624444979814,-0.034618403829408284
5886a27f-d7a,1.4789216927906796,0.003270062095498516
7559ed1d-4c3,0.3477191483707398,0.0380118768048916
e9f4fc66-826,0.42205840068380734,-0.019919940903947275
4296b924-b2c,1.5198634425408861,0.05499084620705841
e824d5b4-4d4,0.7534223275888609,-0.051859674479856455
9d01ec53-cd4,0.16106920441726597,0.1747997931174421
95e24729-adc,1.2800190761243195,-0.09115010337811391
2c37cfb7-b3a,0.9942423874675836,-0.09681940043196846
be297589-8ac,0.4262895547044412,-0.058802302805089024
2bec4239-45a,0.7762132911174404,-0.04480706283960906
ec2a00ee-d9f,0.5397968086081755,-0.07772460111163904
af419aaa-c63,0.33002772479002107,-0.06095725134086416
b62685dd-30a,0.45604686473053424,-0.0559960615573325
5b9bda51-905,0.33225282299699666,-0.091940277872542
5af71b90-5a1,2.0224332798059304,0.006887281146781055
77efa3b1-1dd,1.3399967380164122,0.04751158031251179
73755a1d-513,0.2354740704720934,0.00853710442062161
037dfd70-633,0.656620225841152,0.003989639017168645
ec6d1c31-3b6,0.7672305458657062,-0.0301775916926888
6e97e9e8-a66,0.16713247475616655,-0.10266272982412178
9bce4dae-f27,0.9141068337315826,0.15786833630572283
868391ff-f87,0.3094340342146841,-0.020230375030529102
524c5f57-cc4,1.0296178532413838,-0.029178691856187322
2e214a89-bf8,0.33958121962878335,-0.11538068660393058
d4920d87-4cc,0.40726682855934293,-0.02571604791003229
d4e8ec25-1b7,0.755405306359759,-0.08466000797763673
0ca40a32-389,1.1459785912769984,-0.0776388162271387
f713deea-07f,1.6095230634076232,-0.03767373069495944
1bc872f8-d67,0.15557311408518834,-0.04582286371386818
946cbb56-bbf,0.2739532626775401,-0.10576791678316955
878cabbd-e4c,0.17371595582945334,-0.11226221093768374
4d18bbbc-7a6,0.6052279317958522,-0.08146290984125559
fa902732-c59,0.8354042292293782,-0.08169397833464687
e83b4a1d-328,0.4275658911094268,-0.08504830753324644
9caa74ab-e55,0.21273152143986704,-0.08796524797550187
f7122143-215,0.23821622224647743,-0.0869422799056544
eed6efc0-1b9,0.8114211911013278,-0.01933706773791849
b8a874a1-8e9,1.0808578329893592,-0.07311908081395685
68be9748-57e,0.37691564316696674,-0.08599648444731944
30fcbe38-529,0.6405825587656122,-0.06567688364692892
5422812e-8fb,0.49439546657635514,-0.10056964499929222
f009068e-85c,0.6224873039815461,-0.03909021764724435
0a5ff132-9df,1.5183847670758308,0.0013246896967399335
2e173474-758,0.7676905995509795,0.013780621320627517
17fe5f28-bcc,0.9116790023918031,-0.007843675010056228
7be29d24-498,0.2456026641264403,-0.08614767920959832
4809c3d7-d6b,0.2225252085207882,-0.09202636886198234
77a2cd9e-df7,0.4362206975783992,-0.08621966285635668
d5c6703f-d47,0.6252184112105381,-0.03297031681213469
b4d4a630-677,0.7521740858733033,-0.08508388974720521
d2c4f8e6-b62,2.331716519682875,-0.02174418115525817
75e6b3cc-1e9,0.6801668409000543,-0.08666291981869262
7833900e-ae3,0.2921233647815216,-0.08528469400839628
d345d432-e8a,0.39968042076327515,-0.10283998189732163
42527582-478,0.5467787344580386,0.03104919108330184
2c3888de-af1,1.1209360229754166,0.010464920938872857
27bd7498-b50,0.35201080148497554,0.009016377687441013
d6c254de-7f8,0.8224870681292955,-0.08290336714351976
4f225254-50d,0.2375050293125903,-0.08571403333095529
286c7002-e1c,1.3912045104377935,-0.030801415649287178
aec4f812-f69,0.8388822030999631,-0.07393863099550374
f6006b87-ca8,0.9363421583115952,-0.028799065321585104
1d82aa2b-8d8,0.5810469099769704,-0.013163780791390856
aa58f940-2dc,0.21898544608324366,-0.04056289187636142
7edd3e4b-585,1.5084847230795129,-0.026323252987005774
d6b6ecaf-8dc,0.5501105620596378,-0.04913497276435863
b6778e8f-34c,0.30895288348503935,-0.08694457449653076
82c07fab-4d1,0.770355679186049,-0.08666599441015649
1a7f08c9-77f,0.9313632731962901,-0.02539183927116445
b55bcc6f-ec5,0.517536095759171,-0.09405973491511749
ac401ea9-a9e,0.4540971656636559,0.06099890214605941
7f47bb4b-bbc,0.9296089498816522,0.05977181484672145
8467b201-3cc,0.7973735547667545,-0.02028818722730824
a992e2fa-875,0.3669042599426712,-0.08051755595690163
a02cd898-be0,1.0896070472643635,0.027715769824122827
b396ddea-058,1.05924286899658,0.059480690721987584
f7bccbf8-5f2,1.1488075915094846,-0.06511276522288828
d7e074ca-ff1,0.9634322398436811,0.029804507498865762
383ba348-79c,1.1332892708929712,0.01926829974149491
ebbe2a7f-55e,1.306988673463815,-0.07461231732767454
619fb80d-7f0,0.41386761849886367,-0.04541909190938559
fce2b704-98a,0.9364776531230123,-0.044020419585703185
97e9f880-bc8,1.0345288151118244,0.07317302004103265
6c914b12-157,2.5469626107405317,-0.00565798866851841
ad143b35-c2f,2.167455909063265,-0.012420828672400241
ddb8be6d-2a2,1.7020148488001023,-0.013473761575601095
9d3ecdaa-605,0.3279030665311176,-0.000583712997325514
778143d2-9b9,1.2820500837985267,-0.02343385490392924
173b11ff-86e,0.3672328945807009,-0.05835539024651426
1a140452-3a0,0.30313940000167416,-0.0905407772389002
f3f7f3b5-431,0.6989007564467333,0.023257616605974363
f5097e93-d00,0.596093709968855,-0.09599715716819446
f9ef7976-0f2,0.6799270242490056,-0.08126507446888803
d562d858-bba,0.577263591387107,0.020966493526032304
6cf0915c-6f5,0.4270694975666261,-0.05516934938591278
1cf1efa0-377,0.6918182686478083,0.026966974070584016
3058169d-e0b,0.6581920410981179,-0.10897177294538124
9fe02731-435,0.33458349536063026,-0.018072914095807247
21809f81-377,0.5940420150235546,-0.09745183487766523
e39d8a4a-75f,0.31084858486685335,-0.03987296641807425
2fdd2fea-f15,1.0538734060932815,-0.04691918427892322
e0ef57bb-01b,1.89938035124527,0.032203656130728064
9cf42f58-e53,0.4427835472262852,0.0013780285928218783
6fe72741-157,1.0373520510899266,-0.03858998973289185
d3773df2-830,0.31029631763674337,-0.10047164123328195
c6f8570a-745,1.045678460252491,-0.024060873765680557
ec6e68fe-048,0.1481662998038101,-0.023648405986594012
fa9bc7ff-6b6,1.5958533131725228,0.024518827110309283
f89ce20a-f1c,1.2465191504721407,0.05547825514846172
23da6104-9dc,0.5209424234472531,-0.10500093438625341
7288b84e-045,0.7644429653118803,0.031288130546024195
ea1f3da2-cd0,0.7822345453682086,-0.09369962928991765
b84efa98-9dc,0.5601063621368505,-0.09393384808903454
67b3548c-ec0,0.27263573218261183,-0.0533512179339225
e4ef4d7f-ff7,0.5781891057010123,0.03548026325977249
8141d85b-2b7,0.4930657105462554,-0.07597199571802388
54994fdc-4e5,1.0607221074916031,-0.05581652885680255
467f7593-f6a,0.7394284109499698,-0.09661211289122801
83c9f306-dd4,0.9768487938018999,-0.08243676328008476
9e9647d9-114,1.0013175865120116,-0.05302423311183657
f675e13a-697,0.22663646244596156,0.06541337342611664
12a13119-6eb,0.2855222158242703,0.12740436122743193
8c0054b4-ec5,1.0094048842323344,0.01396574881611079
490b693b-1b5,0.821384982144755,-0.09017789491513722
a064b987-c64,0.7372318472510155,-0.028799824007579466
c9419c81-a5f,0.42966807797279194,-0.0979895024678974
1c00a709-6a1,0.38297195887837765,-0.08829156030080115
3ebfce90-742,0.3554996887427676,-0.06032163077129871
cbb09891-97d,0.39035924103915987,-0.08387386935217395
0a399096-f94,0.38317062986810363,-0.09233469386845161
2091d9ba-6de,0.5580065158201868,-0.04911447876421837
c80312fc-5d9,0.7940750235555646,-0.10929792105444719
772c7c39-3a1,0.19667212862714056,0.033400567616031385
7d50606f-102,0.2897306308165641,0.028006617170881376
d2249a48-96d,0.19570504726063231,-0.03537410329940249
bbd2c5c3-cf8,0.5154223112556018,-0.04861090093287357
7158602d-ce1,0.8370335757432984,-0.07980068764866288
c8e22b4a-fd8,0.6306563809913066,0.03128038523902987
01d88f17-310,0.7685507624123069,-0.03278671247235049
fbe9712b-4f8,0.7163636912325375,-0.08158185602762719
f189aa02-380,1.1258423186034587,0.04580601310613042
c81b9d7e-de3,1.2672034561616095,0.04671159688371829
8a2b21bb-160,0.8540497597755545,-0.10541330745043576
3ea381d4-fa2,0.42940376585962836,-0.09379242496536738
a6776710-d78,0.3560559390089031,0.028615727959817372
1d7f66d8-58b,0.46447677651572583,-0.047145540957506005
df0a96ae-1d1,0.8219531565038156,0.02894952617224711
f388553a-2b7,0.7831370898706423,-0.03064984069082577
1b838125-6c1,1.110092473730063,0.03428201277610121
b8ba96ee-e1f,1.163623151057517,0.07217716203045133
6d117305-76d,1.1395406220499726,0.02804175363750938
cbba29a0-29f,0.45754586902063543,-0.10847387271049408
986cb281-820,0.9254004654179633,0.0106372482144933
b8f5fb2e-29b,1.3401834880643815,-0.08624380907852797
136e4e09-3b7,0.7181135383219914,0.026519562603825597
f5122d71-232,2.2053969495698658,0.0656063611131189
28679eaa-741,0.6356485584990297,-0.04916597654375521
d38aa283-c95,2.322704023653924,0.00023806632006306838
fd748052-42e,0.43533626715026597,-0.09339055370494986
4137b2a6-a0b,1.2462105577193543,-0.007383332170191492
0a1916bf-4e7,0.4087219230690328,-0.08841905758177826
0182b51e-9c2,0.744673755481539,-0.10638798126643395
14b35699-ea0,0.4963985274507231,-0.055725187347762384
33bce519-686,0.9971522966623396,-0.08397291221914799
82c82a50-325,0.7277141502872084,-0.09044621619961812
58de4781-702,0.8270192385762815,0.028132940464194567
d2da5153-ef4,1.3829532041585058,-0.028104373615133293
a8ac9f7d-4e2,1.152451153799075,-0.05097199035660843
5eb9a53a-5bb,1.7377931546335614,-0.02729062180721642
f70f336b-8c9,1.1675236239933133,-0.030633756564600323
acde69f9-b2e,1.8818953819486948,0.05149798112202619
d554f41c-bc9,1.3876715531254211,-0.014416667622531909
c2c0309b-32b,0.7769267252552688,-0.07418468213037616
3ad9f045-1cc,0.4883459550149098,-0.10393940403944374
546db826-c31,1.784491745512756,-0.0036844251279022355
c0061507-398,1.3859365369926167,-0.07962739676708808
f65fdbb4-252,0.2683155207146759,-0.01241803959002552
9c3af5e3-0ef,0.4812122558901135,0.027829272783801873
50dffeae-31a,1.7475879142410409,0.03978054565646094
4f416cc3-23e,0.607212350209672,0.010009846675402612
84aeb934-1d6,2.2178142144435093,0.046986271408925306
c1d99b4b-397,1.318934328325492,-0.017769376943095383
ba65edc0-ed9,0.5822351756897309,0.031622563968852324
a4169a04-22b,0.8164862739695273,-0.05400125224360247
10dc027c-da2,1.151628986929024,-0.006947324677392397
a99d8b95-209,0.9592845301535513,0.01675097143855342
20b2db81-b55,0.6304993467036688,-0.048358827398225224
c466c039-8ba,0.6410344546029648,0.07040075169358595
7ae9e89b-b08,0.5288813617247845,-0.02339359354431836
b6c56009-9d6,1.0851174898185734,-0.025808382653245865
3c632fdf-761,2.031182882219496,0.004820726187857227
6e7fe48c-cb1,0.9114678044354063,-0.08574109820875858
e6f43cd6-5f8,0.8229540455876498,-0.05715344679514511
24fa2eaf-48a,1.2865910148110808,-0.0029751724263163415
0a23eed1-902,0.8326743244402617,-0.02736694234450643
fcce3ae2-239,0.6173710248280785,-0.11501688147495454
43536fe7-1fe,0.8961732655239592,-0.09441532942465897
acbac31a-e9a,0.6542245798559341,-0.016195453520870873
c302127b-fbd,1.5865142879385647,0.025012684149372855
a7501f65-013,0.37605256908611223,-0.03812280938534296
e83d0b3b-a36,0.6248731247847252,-0.10681993606479173
3a1c2353-dd2,0.35983373250837,-0.04474204505574342
e7428d21-5da,0.6753465767487367,-0.09417381984749074
ecbf9de0-6a8,0.814106658663496,-0.03483861494045071
19259210-7ac,0.6018637127330251,0.01562933932316235
6c186ab1-e19,0.6190738066067814,-0.09180528569606605
6fa450f0-210,0.4374077782431587,-0.0855477141349894
5ce1072d-171,0.34034343422642277,0.012643576950700175
3dee03c2-7cc,0.7979273963487821,-0.10547857711671715
da010d8c-efd,1.8669628655707902,0.050949628821323256
8a590de6-553,1.2462332888180503,-0.08874298037433581
e223cd16-dcf,0.5679841452441338,-0.08965599186455725
03995325-3e9,1.1987391849247655,-0.03864731245695324
3da21281-866,0.5898739900856133,-0.054575627440341445
2007d317-e55,0.8789471590605227,0.011465497445457551
7d161e15-01a,0.8716265630378335,0.05746335810285419
2b31df51-b37,1.7277513725004037,0.018935053248025357
a560c7cc-773,0.4556167365754591,-0.05655226692021703
7ccb8eba-824,1.2594642760099792,-0.034801895538902505
32c91358-b0c,0.9186236921742303,-0.111825562877239
c5f5d412-3af,0.597545837563744,-0.10035417644935452
d9db8fa8-81a,0.8277478335763234,-0.06227240641975251
9985b586-04c,2.2424694345491827,0.07189248657893532
9b86e441-df0,0.8728554733054039,-0.04475504834911753
bdc2ee7a-df7,1.5684704385284607,-0.01947882348758867
f1dfb7c2-700,0.7469207367774239,0.04464473632580934
d68542a7-a2d,0.5714259027302824,-0.10592822385575268
b6627621-862,0.4706936940908533,-0.014992104054139699
2dc6681a-ae3,0.7103566999857942,0.048053755827868416
3dd2a98d-412,0.4815936412570991,-0.024679947393624557
1804098f-83a,0.5742013625397173,-0.04111336323465292
88852c25-f9b,0.9319157827252624,-0.03602463558596897
f250fd4d-b6c,0.9563494922391897,-0.10772927092141193
32427fb0-510,0.7874255617160218,-0.02450651382343616
9d49d303-356,0.5308930826002346,-0.04915832320920349
96a93bc6-cd6,0.982066781386773,-0.08030111806212303
c2ebf846-f00,0.4896070303583433,-0.056081388447931646
f9d59d58-9ea,2.271984482873516,-0.020833507926341976
0e969134-d21,0.9829852368245598,-0.04487613166641685
d0463869-eeb,0.8962608128384405,-0.11474505175181288
de5fec66-b5f,0.703063938085351,-0.0414304113466234
5fa9eeed-bbc,0.8744018549655757,0.02198606335720077
8abe5d41-412,1.157857945663652,-0.07636716718561831
6611507d-7db,0.7404768332744243,-0.07429487387144662
9de74bd0-52c,1.636192963788444,0.031010420053132925
ac4938b2-4aa,0.7935170699630687,-0.09916110042745152
7bd13d95-478,0.8922365446378641,-0.09562095323270886
e3a236ff-f7c,1.5664351714273996,-0.0952841545836588
07052819-7e0,0.8860109278577227,-0.014469683502570274
22805510-307,0.8089621059994356,0.04260997465347405
db8c0277-da1,0.38797324150784906,-0.03304542769793062
494fe2e1-a55,0.5696133936316012,-0.12012199676104623
3acc583c-9ff,1.126009574134596,-0.0854485085472837
e4ef13d3-96a,0.8827883781641782,-0.0020575114322045063
c06106b7-fbc,0.7961994228441079,-0.07970302286127945
2ad864e9-4b9,0.5755838115760208,-0.08759638375308315
fa81b096-8d1,0.8090029501170947,-0.10739020373077013
811af3ea-fa0,0.26110298449082026,-0.03572255754728493
6218223d-8d4,1.0767583880364135,-0.09642870595109176
1bbec61b-1e0,1.2566339106465052,-0.06258394874697498
92019724-f11,0.536948856160956,-0.09038481733109854
534232af-a9e,1.0305967082759246,-0.07643770577247405
494c94b5-ebd,0.531455673436103,-0.1103118804752995
c78322fa-2fd,0.37932494280817597,-0.02846548811101579
7104a7bc-b56,0.5794610918419603,-0.08880030594319177
1b0235d1-c27,0.7686646110507106,0.04126034082261054
4b18d6c4-3ad,0.9883427689265195,-0.09129494538683552
e7bbda58-6ac,0.8555340034156227,-0.09370426546799221
1a28d214-52a,0.5149702351592281,-0.0569058213061045
ea88b46c-43a,0.4167421441385233,0.037348681290923835
595a3b18-961,0.5074325997900626,-0.05893877198015324
9c5031b9-3d1,0.5525406981354163,-0.0924858435253304
09a2189b-8df,0.9789869260208953,-0.10540498061613712
d68ed2d6-92f,0.5419449276183866,-0.08582166269686725
757774cb-8a8,1.5979344947732153,-0.0025416088157083627
383a5def-406,0.8041268342943807,-0.03701758310175207
314de136-a02,0.9774937367049212,-0.08591990610252298
2cbc5765-eb9,0.8451070058340073,-0.08842523216011361
2301d0b4-0b7,0.8122588457437485,0.006351034353671459
35d33915-36e,1.0535190050743226,-0.06882848250689971
069a8bd5-41a,1.0805931114295955,-0.0531355642315956
3c3a0223-1c1,0.7707868706766876,-0.10118562957865379
5dd28733-29b,1.5104928558285724,-0.0330237776863368
54226502-c87,0.764707624032317,-0.08810595168849544
20beae91-c78,1.5276429951813373,0.05958075305829791
a66e53de-c68,0.8609308268095804,-0.030872059797844686
0df9ae0f-857,0.7822946338869378,-0.022167611211007132
3c4f22c3-5cb,0.7407971910407497,-0.093839939556911
941e408f-ad7,1.2480064919239258,-0.018402634345345614
37d049fc-dd5,0.7053500512802664,-0.07833956291009009
598a6e09-353,0.8455463484337986,-0.11362713607587782
5103cdeb-a2f,1.038235571166267,-0.04601651122252409
ce93a414-426,0.7730889891199912,-0.11338919053279822
8c473bae-b51,1.1572344433909048,-0.08204317308609377
3d52ea0a-a49,1.2103081159629703,0.06498592932410996
29dc1056-918,0.7393163733895075,-0.1108246514727883
cf9a6746-bd4,1.0450916796649172,0.023578947679929296
c25c86c2-bcc,0.9757698808922284,-0.08410303038540595
99e9d81b-0ae,0.7784920592695999,-0.02921207588910041
8cd27176-c6b,0.9704857022014709,-0.07944122238349971
331f3633-41e,0.7326021183950213,-0.05924357930285706
7670016a-895,0.9368044651560619,-0.10251051793854432
474f646d-880,1.0950999145201248,-0.05299661713752385
a02c4791-130,0.6421294493408444,-0.10837175102850222
e267a4ea-805,0.7654601693264421,-0.037176551467565266
b1db786e-300,0.729135275863676,-0.11797534942365323
aff2e3f3-050,0.9834878869766559,-0.10129041964162411
a478f5a6-0bd,0.4944916534856557,-0.034350367287178274
38881345-d9a,0.9093971916645958,-0.03838611355848032
482f66ec-f25,1.7918014659344337,-5.9090507147363525e-06
58c0b14b-405,0.8155371388171995,-0.10228718522518077
c76dd140-081,1.237389902370859,-0.06835357238345557
1dd49620-bd8,1.1234297656660588,-0.034451244811297854
9bb5e3ef-17d,0.6959475972336008,-0.09102127447878527
6b29c26d-60e,0.6025000439163617,-0.09815415031977748
618dd61f-668,1.084852426125896,-0.10356143599368284
0123e9a8-740,0.810028233093461,-0.05204450998539867
29aa48e3-4f7,0.5281204470607191,0.0287961208656502
abdc72e8-da0,0.7122782568568231,-0.08872378941486919
61e4a1c0-34a,1.200491331240778,-0.08343528984265436
d8ac4801-ac4,0.6930679513976326,-0.0985924993239517
cb55edc8-4cc,0.5828676271182844,-0.11073279055838375
004a7d4e-85e,2.1532678813323565,0.05232081323188642
f715450b-503,1.191275589258414,-0.09240274275801369
19ae8eb0-6e0,1.1675656582277583,-0.0872883607794297
f3a407aa-2ff,0.975723478332173,-0.08688856461834416
47d44f22-74e,0.8697087974817965,-0.022812986607740005
7fe2d2d9-d67,0.5901383944498526,0.020484418287865624
dca93af2-d41,1.263351937600443,-0.04813280852960916
9ea0b321-85d,0.8804437579357511,-0.07074008690523204
f0e67a83-942,1.124795348887446,-0.09995557138460659
9d153ffa-cd3,0.6239220935811743,-0.05738484486834228
9c124890-3b7,1.2179204392337892,-0.013939528864638173
975847dc-97e,1.1853499540070176,-0.08324178427330436
9d817b55-370,1.305571014738872,-0.0026793046274205534
3ae14dcc-949,1.588721624661428,-0.08721608481323118
591f06a9-20c,1.900347499415318,-0.08972984663638317
515fe10b-77f,1.4994382278606784,-0.04269631013280595
42d2ac0e-1e9,1.028571850620125,-0.09666092920304636
6f2c2939-ae4,0.9240750031980762,-0.09786713430410177
735223d5-a5f,1.113789862417066,-0.07484512578597818
0d225c48-6af,0.7971778157685637,-0.08960518581662269
78914e11-a6c,1.1982942338780216,-0.09789761974913513
adcb598b-c17,0.728780093216244,-0.11180098767826135
2f52dcea-4d9,1.210749249481787,-0.09133484750182219
ef5532e6-4a6,0.7999756603144851,-0.09289032608707559
30323757-f70,1.1783570784123434,-0.09019400992939625
269acd04-a09,1.1386004611316742,-0.1085585121523584
10c238c0-f5d,0.7223649463742695,-0.08809942248652564
ad8215c8-fc1,0.6984844885151777,-0.08218780591268599
7caef846-c56,0.653265337382695,-0.08107772122054613
3e36ee00-6d9,0.9093501359127274,-0.08559778529790357
6a0c0722-515,0.9770312395106437,-0.09703846262930643
407d4093-a7c,1.0404393631404119,-0.08426057562837302
c0f8924e-efe,1.1526503875625835,-0.004707516850814331
447bb04e-902,1.1011951199466519,-0.05524768767076088
9dafce93-fd5,1.2273411222752988,-0.07920118712401181
77cb22ec-212,1.3732238002332702,-0.08129615914086558
c79b5de6-891,0.840044396936482,-0.06173441549034875
a2b90809-216,0.7169597698806977,-0.10008285485868457
b2a7fe4c-163,1.3507217341888351,-0.06155677703524648
f0db5b8f-81f,0.6972179984363783,-0.10305683129437221
c3bb4690-1d6,0.669951369221235,-0.02574981763988421
e3b7f69e-f0d,0.6289212736136758,-0.10982666586374201
9930c86b-502,1.254287574351368,-0.02985891917895339
1cf6beb5-b1d,1.1842638875948563,-0.08959540294246676
69ccb69d-b18,1.1234816187002603,-0.0978430170703049
75543c4e-e31,1.0807007281437129,-0.07296401463143531
39cd6668-0f0,1.2812930244305465,-0.09010137295763426
f9cae9c5-ef6,0.8627704881142645,-0.017775683806622755
fcad19b3-dc1,1.4512294918965307,-0.04046586394306351
dbda0eae-488,1.6773154822449372,0.022562307094945222
8a00ab2c-6e8,0.40716240249285424,0.012469526561465938
ad810265-9b3,1.1427998577662382,-0.09501924375295911
d2a9122b-470,0.7458420450061751,-0.08575685293328822
90f6f0db-fbc,0.7686752916729349,-0.035935998653386314
3147bd6e-2db,0.8391818379045156,-0.09149184161473556
63b3f0f4-905,0.9908495971349996,0.04829383259636977
63bfe04d-e31,1.4107682706978868,-0.019457272859474184
e5c8ffa8-6be,0.9905672855907404,-0.09857867594543057
06533ff3-f41,0.7146059144517093,-0.11512735477110136
8d3e4cfa-c73,1.0978822667243835,-0.09833434200866542
fe947daa-270,0.7324016953513296,-0.09044182739373374
0ed3776a-0f0,0.7726906351455503,-0.08231492357077125
f8e6c107-388,0.6623116296295117,-0.023894542386386497
2690cc29-564,1.6116151401615502,0.015190157874918508
0b44bbb9-3ea,0.7850663973297024,-0.10134154341441026
adf31bac-4b7,1.2227367065244312,-0.04798796317232634
94a3938c-8db,1.750595460587738,-0.017671758198235354
26db972f-ed1,0.7588729981890953,-0.01849214635976082
c5dce529-924,1.3323893646249723,-0.0860021833211716
f1d7e243-5a9,0.47148428240714074,0.005532725815602824
e9564c4a-8c2,0.8602673476929824,-0.07618191390080686
a625881d-bb5,0.7444773110947545,-0.10489658711218725
2e520544-ad3,0.9500231385633214,-0.0987069473039357
5f6d94a8-872,1.2276166439789082,-0.09808684878228113
4f22ee00-807,1.325465480115057,-0.09976942558724566
d23b845d-2fc,1.0013211606197934,-0.036042893773098494
973d153c-147,1.1553595442549418,-0.09769315987407978
8fb35ff2-1b1,0.997618756963278,-0.11739554337926211
491ca6c4-108,1.0150788513326723,-0.04635276198453664
e95d8e0e-d21,0.7743211095959419,-0.09948584318121828
e35d1abd-8d4,1.196504300508582,0.027466507709982935
76fd34be-ce0,1.1874914722792955,-0.022284318034384687
14e7607f-d0c,0.7549450964060863,-0.09428104596586812
4b1477fe-2bf,1.6299980754499965,-0.05122572077034876
e7844430-e31,1.0329187772379917,-0.11669161919007487
74583b87-3a3,1.238718549073741,-0.10414753372038543
0b809536-803,1.2051710444515877,-0.07722632534946788
d43a47ad-d1a,0.7836216429069872,-0.05016257346243169
6c60d477-847,1.1856414602890313,-0.10856205019839282
2227d864-fa5,0.17957041348295258,0.0026900576079912364
f5f8735d-e76,1.0454667577196515,-0.08627967032059275
d3a0d5b3-eb0,1.2868570560888046,-0.0714691485671115
4b49dc7f-1a6,0.7654648037995252,-0.10836612968444131
9adf762f-35f,0.35144964660401784,-0.008914927404841955
452bc86a-946,0.912150876794545,-0.035648266400152395
2b83ff89-4de,1.4412612313540827,-0.011170380377425626
b732b449-eef,0.8304357946107245,-0.06793502515912958
76e292cd-b14,1.1610342370931073,-0.07702250803624822
2cf7b173-303,0.9264524334184234,-0.08959549311104165
9804a06e-2ac,0.9184924917272844,-0.05363832581377914
b8dc3633-c9a,0.25908564666214295,0.004773570955228346
cb87ce3f-22e,1.5536906631757765,-0.08386556046819332
eedce2ea-130,0.8723030107890473,-0.07591207563701696
a3f275c0-995,1.4639676346238,-0.06350427079018417
381c63b2-6b9,1.0465757686351203,-0.0711027716091876
90bff75f-b2a,1.5735373278557672,-0.014139472202847725
e5c95d58-5ae,0.8465932286422815,-0.05661163518890172
fd7a8136-3b6,0.8307515511152974,-0.006070239441682779
01dc4937-2dd,1.3088252317751023,-0.07472692889186605
859362dc-fbc,1.3839265171109507,-0.06833970899315767
e69c9a43-a6d,1.0992111360303363,-0.08270658562684319
053fdf6a-23e,0.8916872346156519,-0.09691966941699826
478fa6fb-c5b,0.9146500551068965,-0.09648992160392783
08d4681b-0d6,0.7968916193643231,-0.09949051909785878
b549a033-722,1.766026374200515,-0.023366065978439876
2e899641-321,2.703594327225146,0.01599276233251834
079a8fa2-4f6,1.314726234607711,-0.030033110833997623
736036d4-09e,1.60594159753875,-0.08042706036221808
e0a4a8e7-6d2,3.3760611150340543,0.05051819504760424
acc5f414-280,0.958019066338097,-0.010120661301648515
731170cb-058,0.905803434365706,-0.10998974595568778
5ca54d01-bbe,1.3603266367157085,-0.08877729267183132
854b189c-235,0.8258320304486596,-0.05681287051188039
c99fe382-5cc,1.0836781472690762,-0.07947511909411037
bed94a58-e9a,1.3420479661947238,-0.033179290603749245
67af7f17-550,2.51364243800552,0.056516524069649465
6da031bb-662,1.3716316863676612,-0.04424676920530435
44bbaf75-e83,1.008456539775871,-0.08619255461557568
8c258147-841,1.2318142768857427,-0.04683587388492766
ff68d2eb-a93,1.158312053641962,-0.04619399178452177
1592afcb-e3f,1.8973113774309482,-0.006887227348595426
3896b639-86d,0.11777275942606111,-0.027984378167501156
44e5ad18-862,1.4050317037077868,-0.02543852845479061
1a8cf105-101,1.3429637986467884,-0.08065119275316196
f0de6551-8c1,1.3645472778449124,-0.07432080467281688
cb4fbc10-f2e,0.7263344682343421,-0.028505125357561556
ea6ffa0d-f44,1.4783672845346723,-0.07342502081186614
9945a8b0-a2a,0.9537279164803383,-0.10346072511893889
5cc15f1a-dcc,1.1603047669765072,-0.04849787560493196
fe94a403-587,1.4888298885963451,-0.04346301028507504
26b86e3e-cbf,0.2922441513914987,0.02380687921082003
ae57b86a-836,1.0559779360590502,-0.07721515977613491
e1fd5d77-4fc,1.8033954005569865,-0.052625205712090006
bec15cdf-275,1.1588720885096162,-0.08328650992438824
ff0e7c95-dfd,1.504677237638849,-0.10448225569674296
a24b34d1-46d,1.0613139969719756,-0.03752167813862589
d7f549c6-082,0.9002057416462141,-0.05483369847396935
37aaf0c6-b4b,1.0822932395472868,-0.007787035688598898
992708bc-c2a,1.0804675551996232,-0.06704504707814463
70c573ec-928,1.0374109025836136,-0.07590031470747699
e0586045-313,1.490968183853154,-0.07709046122549651
aa914d24-2cc,0.7236766772082254,0.007795539572420962
6306261a-af1,1.0409135877061049,-0.08970734890507776
1b9104bc-0b6,0.9732336067670202,-0.06751798233642331
a9b9c148-56f,1.9257143682123816,-0.012699525792213007
404a4eb0-d85,0.2348685559114879,-0.018811417178012435
996b038b-78c,0.9499317942058201,-0.09789436233287896
029323ac-89a,1.7470181260370676,-0.004264037377042118
df132192-252,1.3622170391769222,-0.08504404040891922
197eda6a-397,1.0926245507985644,-0.0981592303916961
d0c7c9ea-6e8,0.9424373310726113,-0.08010745385645596
7c9e1260-88e,1.047003798279435,-0.07469305683908661
a7c0b0c8-22f,1.223380998941618,-0.07573115396325192
5d1df8ad-a88,0.9777852050028336,-0.06647313341267441
6e6c6d50-afb,1.0163053216754239,-0.09678268850339156
c3bb939e-88e,1.2536120639470378,-0.07811080286870137
7162e441-743,1.6507505176115518,-0.09257216357716841
c48c1d10-a16,0.9105950691003237,-0.050123465990718374
777ad767-c04,0.9661339954676814,-0.06895657853359649
7246c870-f6d,1.0000430048536895,-0.050358894804802046
5f587326-37f,1.465610394085708,-0.0645944684035255
8ba94503-6d8,1.3248368557880166,-0.04390489166231487
12599686-552,1.6056040806557745,-0.0465728244985083
e4c47cbc-284,1.5034162241853786,-0.08034714063598908
1c4a60fd-fff,1.1577022305793916,-0.09103647863171921
9128da1a-82d,1.4003117491842547,-0.08379538371307232
6dde6b67-f5c,1.084164276525862,-0.04261734617936802
d3253ea6-96d,1.7315729775830095,-0.03180315367118158
ab63ba6e-b49,1.5715536773345407,-0.08423157117613683
fd1d58be-0fe,1.5538390353183473,-0.034724640422547304
3d8b951d-187,1.1737714724166808,-0.03693317121334311
c8c77664-f6a,1.0306906225888066,-0.0953029560790864
d09d0838-c0a,1.9126908118409178,-0.015300886784922418
485385e9-4e0,1.1696327769559343,-0.09021695712150973
2032493e-2d8,1.3247491498929733,-0.036703088428168995
a2e22e8f-beb,1.5160667389631661,-0.08024918317846114
9e79cb94-b4b,1.6562943516967035,-0.07461081373023748
8acfaf6a-f34,1.990851333418966,-0.019847059434671188
0f015527-7f8,1.4315459055277862,0.013382698104200674
52e13cbe-067,1.1444948356611833,-0.0766901318350206
0be98720-b5e,1.2428825377485884,-0.07724801363179795
3f899daa-2ce,2.0158052220573506,0.08103759678519462
0e23ba51-90a,1.2635631618248275,-0.07536777277470375
d454cda7-ba7,1.6325137025215766,-0.09788109070668405
11128b95-725,2.1662670326658917,-0.05596099009582439
282a8a3a-5c8,1.1554115468652282,-0.08642353128176417
7be72931-5fa,1.1300064402113146,-0.0927281013286782
dc3a16a3-221,1.2774764590660959,-0.015758042615707013
a2f17187-19c,1.6075905615724895,0.026114789570758412
3e7d96d9-b92,1.7059031280495744,-0.06291657614482721
51243bcf-afd,1.340886616963165,-0.06001765509190138
21a55965-76e,1.506999582505473,-0.07607103631549361
b9ff942b-ed2,1.210572076307157,-0.08319429434874848
67f8c2b8-a51,1.2334713196329368,-0.07936360073844545
9a6f7fa9-24f,1.269963115382071,-0.06598161220892923
aaf2a9bd-334,1.7751548416735317,-0.08465485110037357
e1a955df-173,2.1697231419670624,-0.07977581293590258
372ed696-083,1.445485589005802,-0.07429999968995049
65c7f704-a9d,1.3760424955436754,-0.032040197727490394
c1ccde15-ce1,0.8319330543816349,-0.018168035998241294
c180502f-0db,1.9668907879463227,0.004232699311316979
aac3a473-6cb,1.150550151277202,-0.010229256992417446
039bf908-a4a,1.2641646918412777,-0.0716968456893976
5441d30d-07f,1.4159569094196622,-0.0836067501986743
e765a956-6c2,1.1907262758404809,-0.042663420403868724
6162624b-ab7,1.0574266463322102,-0.03777910410827684
51bba1f4-222,1.0812872263930222,-0.08581910617319571
608305c5-c92,1.5677663704505398,-0.0716803817885801
4a88eff8-dbc,1.1426003243801421,-0.03138457960094654
767f4ae5-fc9,1.5234519891585325,-0.015071120164545204
146bd559-76f,1.1326234371649673,-0.08728372341438356
352eafbf-5c1,1.5335500800880375,-0.05924806467955973
4fc8888e-102,1.7491228095596065,-0.028304584712354253
548c61ab-a52,1.2028636491846887,-0.09475783057745463
b8b12b3e-b8b,1.2856683798504087,-0.06812559517978745
19970fd7-7b8,3.2355477086166413,0.07551128568852361
0952afd4-245,1.0967492258744092,-0.03055947006599319
d5fe3ca0-c5c,1.7998523227560206,-0.04958277865930494
59405d09-29d,1.778596716698113,-0.04430832253365591
93b5b73b-85b,1.547516468315465,-0.05519824924738076
5018ade3-f0f,1.123561404374981,-0.05434675864719357
5fe8643b-6d9,2.1332486690544905,-0.06483433044055553
431f8786-15c,1.5968710663884433,-0.05857355347062865
cbf6e47b-3d6,1.1362419725049517,-0.02773527841562967
5cd5a48f-b84,1.2093894553146738,-0.03191599040139714
4803973f-299,1.5293700828544314,-0.07793774882638699
7a31c570-0f4,1.4770511179136092,-0.07507565584905501
71e98f08-acc,1.618169116859799,-0.03804110405370609
bef1bc44-28a,1.5716153326663074,-0.07847077648225087
b1f85dc0-04e,1.643837602182694,-0.06979797610849492
a655d0ba-f4e,1.1176129083974395,-0.0948453264007666
e15f611f-060,1.337186429938788,-0.043805876905010976
95ce017f-041,2.3421244194921793,0.0045598410170749615
af938135-fd4,0.8441351915707518,0.029669913228254186
3edab8d4-e2b,1.983517355425036,-0.06773322076857385
47ffa1d8-d09,1.309866469930285,-0.022495641624394824
d80ac0d2-ffd,1.1506540892352037,-0.08373296300592314
1d2d2bf2-d46,1.1233793432290813,-0.08565640083860981
56335eda-e26,1.6563253543040126,-0.026428930204654644
9288a51a-9b1,1.200435299706977,-0.08247279204426505
4eecff72-4a5,1.5732240750071198,-0.04458218157651761
33f5b40d-610,2.0403438935644953,0.020502771197065894
140c047e-2f3,1.3076806709981763,-0.028009437779276503
2cbd8765-5b1,1.6292017738148463,-0.035653121075572225
856a6cf6-16c,1.343310168972233,-0.023064728867972728
b12ace74-15a,1.495872180594477,-0.08223758372736384
39266992-054,1.3159944753827708,-0.025849073456813754
0723e65e-8c6,1.5307754047739723,-0.0018008362056026184
57fb3e07-352,1.5860808857311175,-0.037170184802068906
a6030ccf-657,1.6583487601027307,-0.020106554311469793
d6103148-3ad,1.373871315491221,-0.007342315009976896
36370ee8-468,1.4495259199969792,-0.046760119674822465
511d128f-cbd,2.2770628997564124,-0.010133981799733571
df5a6385-ab1,1.6730358813924724,-0.036958258998245175
65559126-ba1,1.5491018170622692,-0.005599844250659902
d8dfca78-e2b,1.2359298720023388,-0.049999356621853175
4938913a-d6c,1.4629781167826763,-0.041899218685521156
97cc761d-585,0.9865140621411332,0.020815421519765342
dbbaa1f9-122,1.7852561275859484,-0.057801760953521464
bb48774d-24f,1.414377980588409,-0.009536340634803908
45884f01-2e8,1.6931611289548263,-0.0075321655760046125
0b02b1ec-5b0,1.5141858737158298,0.011523337188454552
ebad3168-dec,2.004946786243927,-0.05656095212132317
48c4aa91-759,1.4447620841568258,-0.028705521350251395
6ce00b6c-a73,1.2067565343319648,-0.039298954856840485
6339a0b4-b5d,1.621993601304374,-0.037706465976949044
f3f84063-9d0,1.251368542827452,-0.06814781047882262
ed303304-520,1.5569739383674657,-0.06217255281448181
7c7d8d79-428,1.3846891684881277,-0.03213068901473265
9f778d00-3e3,2.007826152757767,-0.022020989580774086
7d10a477-4ef,2.1515862120362357,0.024201342691389183
0a97ba69-de8,1.7239312631304218,-0.03693556647671892
d1619a87-b89,1.5854861296374514,-0.0408313096519638
d1ae5cb0-3d4,1.2873884032496752,-0.007335461979168623
0f05fc58-4a5,1.853618589925183,0.003756848819471581
9f8f54fe-94e,1.6681648664876607,-0.050337619576181936
aa3b723a-308,1.6292139328834685,-0.04992316005273134
b48e459a-127,1.6987338921038222,-0.03224043469496768
14eadaa3-6e0,1.6955686661306584,0.0046226871585666185
4476f6e8-282,1.9830436249476842,-0.03654730498662678
ea6965f7-32e,1.4778524050886372,-0.039313937785722286
b19db808-42c,1.5338942915825309,-0.030188454037451184
54cb1c90-575,4.49711974489565,0.10263598133949436
00d6d29d-d27,1.408948961219666,-0.031414128501251914
85defa7d-af6,1.6594963405268908,-0.065240207927376
49f71b89-e10,1.4747655046131678,-0.03913819334193641
cce65c6d-e9e,1.6982269081506896,-0.0458770361614973
dc777414-57b,3.9116092504224254,0.10299644660164686
ff9d5c8e-8d5,1.5986235364252912,-0.025850864125099626
6a52936b-4b5,1.5553230906840476,-0.007204407703728266
84ceb8cc-e1f,1.7597517951968011,-0.023044100627469144
efaf831e-749,1.244269071709513,-0.03349930850673666
85b109c5-3d0,1.6029930468269842,-0.0042159118014870045
c5f93af8-499,1.3918816763240827,-0.06450428106530909
beadce4a-2d9,2.195010715360636,0.020234339172991445
3b2719f3-265,1.6958855660298244,-0.013612546063477338
d33856f1-042,1.7361333214918857,-0.003971474972560063
e760197e-159,1.6180780298768342,-0.038422432384355554
a9e4dff4-204,1.7477149116962991,-0.05569739223493397
3c230279-951,1.7949390916681753,-0.05623480793409258
abe3649a-245,1.5155204984121562,-0.05468053350030061
e13dd483-e21,1.5569458931033042,-0.06177790083526652
0cf07c2f-b38,1.4776663695135361,-0.047987676618082786
13e7f28f-bc1,1.7916684710468396,-0.007322156703133353
09be59b8-8d0,2.0477071100352178,0.018651991510174715
ecb2f65d-2e3,1.777617113502484,-0.0392354016944258
855e112d-8c7,3.9827940945946874,0.06846095177023281
ca7bdf5f-1a8,1.461167868515143,-0.045165009546818125
1eeb8d57-a2d,1.6303802240168228,-0.03022999954082256
3de6742f-f51,2.286721340539093,-0.027691219085629493
74e857aa-cc4,1.4589566079633673,-0.04693386480341394
a3c524b1-1c0,2.112877881331935,-0.025247752488909536
17a664d3-d8d,1.553102840155758,-0.055917480886743975
d1c223bb-f06,1.5256716734066056,-0.004230569979872312
2c39bcfe-08b,1.6589607243395255,-0.04081445584698706
750394b0-059,1.510691575261538,-0.06311346347491809
1a5e70e6-9b7,2.131894493131537,-0.04310603098465421
a5e999d4-28b,1.343264061885986,-0.06151732472161192
7f0aa3d9-ef8,2.416436532421554,0.0497176019772988
259a69bc-44f,1.4606278466154419,-0.030907697292643976
9907af5b-b5a,2.229159194455075,-0.014830712513935473
8ea2cf3a-dc9,5.264013949140757,0.10393728196103624
279b2587-8be,1.3384770529008239,-0.02839608652101816
df649e7b-d15,1.4307492327858713,-0.04091818545605064
f32f81e5-44d,1.640752822709982,0.0043408245456501016
2cae89ce-16b,1.7400273397053487,-0.02161909774171411
a07fecaf-352,1.7572715752007095,-0.05434898149208095
3d3d3da7-1e7,1.3710666596639065,-0.041660620347133026
e2ec7327-daa,1.373853965961913,-0.032016630610448404
95b3ee8c-cb8,2.116520987771909,-0.028219242266896427
89b0649e-ab4,1.3732744955246814,-0.042702447472545924
b0759838-312,1.6266759543292015,-0.03867214753830778
bb56f2cb-e94,2.3348771475217465,0.015810637844760334
c8570111-21c,1.6821488069429877,0.012087059629172892
60cef6e1-a31,1.6075829709683869,0.00642272579801173
199c9f82-913,1.5367914762131742,-0.0049340436251229525
cba32136-d03,1.8083889408215414,-0.06385841492226518
be04e890-5a5,1.458388596084241,-0.02148635519459996
c059e9b0-e3a,1.471527663272166,-0.0029168632382242654
ef839a23-534,1.520469196840291,-0.004758264114046062
42cfbe1a-0c5,1.4984851731141768,0.0019944115447879662
7a34380b-b9b,2.0333985125202307,-0.026269969181532238
9a242dc6-048,1.8409935544276412,-0.014063204012113029
124e9dec-ba8,2.0620467324153973,-0.028222175387871418
8c0dd8cd-18d,1.7970219032695285,-0.0375773590084868
7e23c9c1-578,1.6631866338180077,-0.037385650389095526
f64356b7-d11,1.49164121344282,0.006317609582530803
71c926a4-f87,1.4390449513676036,-0.03712428666137524
524e773f-8cb,1.7540669439251,-0.02521347680147845
dabc02df-2df,1.5411444344683745,0.03301206125019984
71a41830-42b,2.0495713316620288,0.003383184700885278
49870091-a4e,1.7696917575907714,0.036662916837945425
a2d83951-ed4,2.033213587975846,-0.013560590331036959
4f27f36e-b4e,1.4523531235633313,-0.03024040105837167
e8d240c9-d75,1.867470405544868,0.03621947039328921
4c6cc2d9-959,1.5650199188411071,-0.03905398258329418
571dceed-009,1.3884670046543808,-0.02676739631521996
9a43408a-e93,1.4521850930518831,0.0020032312005953123
70afbaaf-6b7,1.500657765509562,-0.02868195589924949
e384298b-0f6,2.0204084289524022,0.036939278691848765
e06b870b-81c,1.8452972408155452,-0.05411660886726172
e3e0ba1e-4a4,1.3145425512254372,0.06814882304800052
c0afab61-6fe,1.5841422599299668,-0.000598843944610461
a3e5309e-ebf,0.870747683401226,0.01570073811096151
e377a757-abd,2.041975812067782,-0.003303941324995896
25b4059e-258,1.8384667070327692,0.0352828950794255
4e739b25-6e9,1.602405867947176,-0.06251571065089362
4339887c-ff7,1.7701250163930211,-0.014936771408628702
134eb1f1-b83,1.7453813088474177,0.030759445508061978
9a1909f8-8d0,1.8397078383850416,-0.050364092008357175
a2cf8cfc-1a9,1.4284605684711418,-0.008949310568857005
4b8ade2a-7b4,1.798709674605146,-0.03338985909544695
7eb7b890-8f0,2.3912985959289346,-0.04472207801915029
87b44c7a-918,1.4993837334339584,-0.052385119688745374
d6df2199-be0,1.7012727970252255,-0.021401739486983373
64e78656-eff,1.4520258925000213,-0.06885486979753214
8b842afa-b06,1.7147812766806645,-0.0031906415470404625
65042b92-39e,1.938767697808521,-0.05807965835118145
f5cbacd2-096,1.7903639188419573,0.02923360026109012
1903ab39-31e,1.945107365656246,-0.022227222329352203
4a313199-e27,1.6277309239573527,-0.024842925041289154
f717c6d4-9c7,1.435386198195957,-0.07105086679127282
ef81688f-0db,1.392197548503422,0.021888996537709815
da623cb9-863,1.3306800120540945,-0.06527020793103921
31ae04d2-fd6,1.3683868911702861,-0.046808234486784006
c876f517-b48,1.4317525772070379,-0.01610428543805159
dda9d599-238,2.0834059049611633,-0.04755891653952521
b55098c4-140,1.9442188545991446,-0.04983899751746845
c02a735d-302,1.2163664467248358,0.042483111256377604
bf2c6d02-00f,1.6711243832586704,-0.041947089098363755
70af24c1-59e,1.3480680534356377,-0.04932919167289257
13973b92-a7b,10.411061027908563,0.0913843145952915
a10489cc-e22,1.2855550410876149,-0.04842542954308143
1d8ce7d3-3f3,1.7827478396855545,-0.057155538915701964
0f8fb240-793,7.352637474344702,0.1140311711248585
d3a56073-59b,1.4659149827321536,-0.03622131549090246
5990a931-149,1.3591739453544704,-0.05023871873130309
1ed4336a-f11,1.3873696392945818,-0.016413812850603116
c9e850db-746,1.6873319690597965,-0.0530679332512729
1d27640e-a90,1.450122190418208,-0.03875361354745216
5bc95781-1be,1.547541609014671,-0.04739325977722003
46c3c7d3-54e,1.303389770101977,-0.040744715566846834
37d00315-ea4,7.300005614071338,0.10974368572431559
599930de-462,1.3398669140865227,0.0064278149214171965
564b1591-083,1.2928656533913205,-0.053001955056860506
f552aa70-51c,2.607784277060081,0.07450369426113779
b74db1e8-b31,0.9767883594489873,0.0226787360601175
7ded7d93-92e,1.6135273610065706,-0.05199595779158844
28496b67-4af,1.6743511404151812,0.0031466992091394586
31718624-524,1.6154061780260915,-0.03142493058499213
88e0f063-47a,1.410971745848301,-0.030348406011011186
a04b7bf5-49e,1.7344466715674043,-0.056695526853043854
a23f7f0d-85b,1.714775833552131,0.003916542736525752
1fed2a0d-205,1.1832596368916704,-0.03530849066480779
de70d527-e1a,1.8713632613333302,-0.02913438092790699
553755ec-c1d,1.7311292556771427,-0.057115304881783346
c3466e65-a9f,1.310102890451694,-0.05566591249388503
a966e6b1-f72,1.48932503277105,-0.04200949412904065
19b9cf7a-318,1.6722671347232256,0.09416731047901428
e89bdc1a-9ae,1.3909780890576244,-0.034060862434750094
57390e8a-96a,1.203086883217348,-0.052868410024416224
7bd291c2-9e2,1.9681921823640653,-0.011947862861809322
48a14639-396,1.831279437983524,0.1039366223850765
207533af-03f,1.251961778891301,0.013013666048645955
6c6756f7-942,1.1966112897148424,-0.06535536394705799
ec3d998c-6fb,1.5255189438437233,0.10492042196252671
fbe83c84-277,1.8033135690787305,-0.04499078025190856
6e69e4ae-3e7,1.2711339951674359,-0.05374888021800878
ffa9230a-6b6,1.4668040591017124,-0.06666500845456852
80fb3d45-141,7.129993634937263,0.08895279965194136
ecdf028b-ce1,1.4767500843256671,-0.07532766815897085
6d1e5191-429,1.7790983438620045,-0.03901670846740252
0042f47c-728,2.4809541990646014,-0.0008174960967641254
2695754d-7e5,1.757573397136325,-0.01324899821543557
562105ce-936,1.4892089963054236,-0.04723211971570079
7a02f79d-7d3,2.0156798965036478,-0.04083457578097294
33a3eb66-c9d,1.5028455405701697,0.00865248165111332
b441ed68-cab,1.967628127623128,-0.04330492675015374
f1bc2528-88e,0.9389556667112147,0.061148410548936605
88aec4c4-5b4,1.2944748543802422,-0.0501249283270217
f7012aa9-06f,1.6369345652230245,-0.03592410439685084
ce2a1e4e-78f,1.1515659108686176,0.04190424362777756
c9c340ae-d4c,1.2165694932117601,-0.0627974287682651
8e3ec937-d44,1.022552797179476,0.07181210505141633
8ec8ad4a-20f,0.8005799667181337,0.06543750433918605
d3b6f589-536,1.3970891372316185,-0.049919270060397536
e73f6918-ca2,1.7764424568334578,-0.057664655576074864
3d3dc96b-80a,1.347787891225813,-0.07918117116514461
9b4f625e-949,2.0944627939946874,0.0008994027220807777
0990bc7b-d1f,0.7252414457791894,0.08058647493750537
1e5353b5-295,1.305573088191152,-0.04534408708556492
58c5ac62-4dd,1.2942267436377786,-0.04145635241792689
259c1902-82a,0.5690604529857943,0.04328600863396803
00527263-ebd,1.7793097099056399,-0.04963473754968417
c2502542-795,0.975958063447999,0.04095007283459806
fe3d676a-f4e,2.0246302089726402,0.10245667773622791
8bea351a-183,0.42958685060141577,0.035026304382894
087f7320-9b2,1.038872020138781,0.043144501233656984
1a8173b6-66f,1.6920925183969815,-0.059387494533456375
ee9210e4-963,0.49644146219080115,0.04333147043389629
d33efa64-242,0.638255607585428,0.0780284642819753
9b1d9bc7-a43,1.54554371701573,-0.023965601586948104
4859f613-8d0,2.285674447040314,-0.046886119931605685
9bb2c02e-79d,1.615872671928723,-0.007553894208969403
22071df0-0df,1.2694393041228524,-0.02232887099166153
993cc522-e0b,1.2867288767890694,-0.05665663253666975
71bd931e-0fb,1.3460625898700191,-0.009590988826879587
bcdf3271-d6a,1.781150181725312,0.07059390893565487
0fceeea6-aa7,1.581985283706035,0.05447288380737103
10076bc8-540,1.0562134766693267,0.04017830297486635
f1f74416-2ff,0.15942249776992515,0.07763282911873415
403257a7-e59,1.1441382490044665,0.05799626088637977
8fc742d7-6ca,1.5758514805639878,-0.07729914129245652
400e81a8-d14,1.7111900288238189,-0.06045809915842232
e02a111b-976,1.8157078255713661,-0.066333926823475
3456d9ea-825,0.8365914263424203,0.05647084923884671
a755c403-71b,1.384196116548167,-0.058388638567407336
274ecdbd-add,1.4560629706140986,-0.052964825825937145
b3c52675-25a,1.4168920525585111,-0.02249375113817703
6d2bac1b-1e2,0.40023614020700715,0.04027769207956711
38a7fa5b-2d8,1.9805217811346523,-0.047409269177245694
e5482b49-f92,0.0809068765785766,0.05598775016112878
0d5a66fd-400,0.25587058442131416,0.05506709365911011
73e82fba-55c,0.3133235109742504,0.05251311023171623
b42d8eb5-a84,0.09915299643268602,0.0391236119896049
35e07c00-156,1.2382132079988633,-0.07465693669199225
27ec23a2-389,1.8175798340125677,-0.014628814806768253
35bad979-eca,0.30272241472328065,0.0515242153496448
bcfa28b3-bbc,0.38092971936033215,0.04790286214367956
54c7b2ca-5ad,1.1399997177905687,-0.02032288285443179
5814751c-17e,0.518312351678703,0.05133765167011062
235578ff-a3f,1.0737652581184451,-0.04252756339284297
b8d19555-753,1.2111326568634067,-0.02756407652971893
c9fe09d1-4b3,2.0072293611979326,-0.03608373692582978
235791d5-0f3,1.1605575796072203,-0.05187607469590272
36d78d91-2c9,2.350143474810544,-0.012745001448392912
76e709c9-16e,0.9412546440112187,0.02435230255522447
76a0bb27-bc9,1.1523134749009265,0.09854236228333313
f2607042-772,1.3408262064222627,-0.03050160272907404
8df5db97-c36,1.177452555883089,-0.02751280449016602
fc3dcade-4fe,1.5643108632704719,-0.03187071274713105
803d12f6-09f,0.9972349716231185,0.04987134620470224
ce7198cd-3a0,5.093953901158092,0.060223259813957486
b55b5b2d-1fd,1.2418352649404258,-0.012003940956876569
3ed014ec-b9d,0.6576582619097967,0.07438296180882198
fde688fd-ea5,1.1634432092012499,-0.02625398522628397
061d831b-aab,1.137814552813664,-0.08064059109048555
0c25f0a9-0bf,2.1843642412790505,0.08760817053769399
e1858ac5-fb6,1.0910126158096718,0.05384361832862372
e6d1d4b7-402,1.998229389305394,-0.027306136840647366
428585cd-9c4,1.3847978187712588,0.05359601207099063
d02a06e4-97a,1.6609574443270132,0.047705748178245244
187d970e-db1,1.5900979068417094,-0.025159192699197364
28af2ef5-63f,0.44529559957266945,0.03785564951304765
f147fec9-ad5,1.0878150302417273,0.0322567396985044
11c845d1-03e,1.0552149269764974,-0.040832331724632964
5fffca98-6a6,1.0616915820737711,-0.05046278729151743
7207f3d5-3f6,0.48715661614623545,0.03850526282361866
1e4e1728-b67,1.0850787282952872,-0.07666224673844363
6ee9c320-ef4,1.0609106171255764,-0.07813607598630246
1a60d178-443,0.9953535608460713,0.043909495752609384
a0329457-e28,1.5224785063569897,-0.08304749447599719
a422f551-a6f,1.530368303513724,0.032259291196079065
312dc331-88b,1.159207997061315,0.029308692757427757
b3693efd-e11,1.7037813881703432,-0.06563859587107634
0ac9a342-292,1.1273875665230275,0.04653136799710533
76c6c4d1-a29,1.0962172187936754,0.061949614360530036
eb9a2d88-d22,1.1968265564317817,-0.061528847475973036
630521b9-ca0,1.4777063043127328,-0.052041058464375234
62e059f0-735,1.3006081352624372,-0.06719315810609355
e07e6564-fdc,1.1678635290197636,0.03227951502985249
ccbee59f-267,1.3729352891985456,-0.02444957324860897
252154ed-777,1.2405682065262909,-0.013790311996624505
e65e7a26-7d9,1.6588025672656663,0.06062799468077251
63fcaec8-f1a,2.028324433527826,0.06666641449408417
75a7eba8-a81,1.6284832838320278,-0.023842595402148392
37cab556-0c0,0.6001854743265962,0.038257769736590896
fa4f8733-406,1.512205096248791,0.0464535584082284
b7ebe3ca-37d,1.8834149420987563,-0.04705678041275407
57ab3216-b31,1.6173502392871564,-0.06505294546825757
b1c666dc-13d,1.4977201591160119,-0.05844583628735067
6e128232-fc2,0.7040244338354149,0.03743750763241427
deccb232-7e5,1.8063179975495185,-0.039396813793037944
794942a0-e62,1.4100552361269334,-0.059042311933759806
c92ea184-825,1.5134641510906506,-0.05108619748414239
3570f55f-77d,1.1794691319178998,-0.020581559248110948
3ed85acc-6ac,1.1000240524791625,0.046372684756812776
99d2d14d-34e,0.49390851501484134,0.060990841726645595
a3c7bfff-e82,0.7856430581874572,0.0774848499772387
c548a478-348,1.4441748272151256,-0.017062118198036103
60a3e0af-81a,0.3210344105358434,0.08318977318699705
88fb8557-7fc,1.6114591413344574,-0.07141813942621367
db8540dd-d4b,1.4662465060855885,-0.024834948741885854
1ac7481b-873,1.431716606206432,-0.06752750950311498
ac3b7471-663,1.7990449938724755,0.08840300383840527
000b26c2-f71,1.05194598894995,-0.06275942349270369
e1c2a1e7-b1f,1.0504658330905128,-0.07627490720958763
1a53473e-cc3,1.359993912788706,-0.06039106478091122
7ac766ba-9cb,1.3851470497073295,-0.07060536459090772
80ac6d20-322,1.9526366418270555,0.05737044591759266
c78c31d3-acb,1.3217786228032637,-0.0626843834908698
d827ae9e-b13,1.479293386472171,-0.08550122552721745
1b49e163-df0,2.0686804694184073,0.058601716878475374
37ca9a56-1a6,1.2791298000838869,-0.05159838560512098
2f03e983-ecc,2.1743719611552175,0.06549113417147945
4ad56fcd-54b,1.2326497381507666,-0.026331089230174354
37fb59cc-1ee,1.4097136922550806,0.043248277162922455
485628cd-eac,1.2185658257205199,-0.08282437717903668
0dc17644-84a,1.0552927937058103,-0.07664068810837238
d880a05c-661,0.47180567695584746,0.025444112912126338
52dde2ef-ab8,2.0981924083851706,0.060359960650234634
28933868-c4a,1.392038064007834,0.06612930943192041
ce729e00-46a,2.93066292513838,0.09146061966015673
c6ed627e-8b9,0.7020545594930462,0.03521133401347398
359be512-30b,1.0875085942974883,-0.03193437069970506
76cb605b-ff5,1.137405178303842,-0.0753473077308644
9e681ad0-3b1,1.097196591945696,-0.07482479029811312
8abe972c-ab9,1.151556094277021,-0.0834101229399482
e2bc087b-572,1.0975296029255297,-0.02651039002319827
122e3aa9-c8c,1.2707035138564435,0.04018622344931788
0ecaefc5-9ea,1.995838107563502,0.06738096349971001
911eb2ea-ddb,1.20298260284732,-0.042310764792890976
be3e175e-fe1,0.9289809565438755,-0.05884824455586629
7d0fe79a-f28,1.201203808511449,-0.04816622492317657
0ac423cd-050,1.9718080255720456,0.04786949480482561
46515771-b1c,1.3893731289467175,-0.02441306731620191
249cecd0-a21,0.9070192084128694,0.030854681755907554
b4166262-cad,0.8384330492227432,0.06521645978448476
c0535e75-d3e,0.963067859465407,0.07957388787156683
6cf4a0a8-bb0,0.9469014538876375,0.03174607415332831
c50f00bf-2d0,1.403830982887487,-0.06756182140077671
f5e9690d-fb0,0.715177930300319,0.027767199369804096
9cfba994-ac2,1.8507984599576308,-0.04281127137375107
1a79992b-72d,0.9921352328796564,-0.0894636487710293
c5e37ac0-71b,1.1654634951447655,-0.055584877306599945
2a92c8a2-4f5,1.1855657309255248,0.029442369260815116
9697f8a7-060,0.9560600376153571,-0.029053746746885156
790b5b08-bf0,1.1662398632511124,0.029806092857204036
4ae63f7d-dfe,0.9365776166357881,-0.05227788616903728
bab92b3a-19e,1.739009570567879,-0.06252120263483707
b8df2dd3-216,1.5154485318416864,0.03167327821181021
dbfdcb0c-4fc,1.0135365236847742,-0.0912365584496474
c8230b66-624,1.4730405960907214,-0.06694907749330642
306e6a9e-98e,1.6195949976068635,0.04210244711129041
306ab6d0-57a,1.2420573501135073,0.03924569323699101
9a9e536d-26d,1.0867206878302424,-0.07937842277547869
b01beb81-bed,1.147795244296536,0.052170665631240176
d0042838-ef8,1.3047642885440416,0.029358496986748084
ccc522b1-f1a,0.2212287379676514,0.02242774610117204
9beb5a2f-aca,0.541271422363219,0.02924351220068966
65df5e1f-498,1.2683252487893022,-0.06819330251883587
e55626f3-882,1.3745774977386802,-0.02076414829697626
a942f878-c39,1.0123270081472804,-0.03154757921403245
cce39531-032,0.4042732525512348,0.06667583739758964
50c89701-3cc,1.4308277221134174,-0.07830808516741145
52f2fb4c-e9e,0.44563232980766687,0.046468355148886586
0ffafcff-204,1.602608771999043,-0.018710294677324657
d85b1813-4d8,0.8298889303950503,0.03982802791187656
9ccd89a1-e36,0.1144461145547116,0.04512832067605976
ed402c75-a76,0.925026192422078,-0.07051963716068521
88895f62-933,1.0960589378054235,0.0318710457390754
4c80817e-2cd,1.5452917895866785,-0.0312274907611384
2945c42d-be6,0.8838379872075995,0.040466478145197216
43b8416c-4a3,0.45051794335298584,0.04764894671553033
6d4c4e10-2aa,0.9988719330598078,-0.03106884458397735
5b1526b8-f3a,1.1015300354500686,-0.02947658975759171
bf44fe71-d3f,0.6315532322279871,0.053120109594582576
85d8c061-2b7,1.3805373621594461,-0.08794888373265997
f018dfd5-720,1.5228808792519337,-0.0592169022444618
df801316-2a5,1.0745465649437613,-0.07896721418760039
0c262c33-335,1.2176007423286317,-0.027304439718060236
abb2a09d-1e3,0.6402129653017398,0.04494229312478404
b4f2fcf0-0b7,1.0308445620690152,-0.07605719087582968
5ebbca59-83b,1.240658438749792,-0.06241231070653386
37b28067-052,1.247861736518923,-0.024548854332664127
57aa37e7-56f,1.404083137827082,-0.0582992743301316
01543684-d62,0.8323029009580105,-0.05486713997566961
8807f9fd-067,2.313910743866173,0.048093317278618986
65a1f914-edb,1.3093679097557154,-0.017777784689384735
16991b10-885,0.9420690735371935,-0.02770373956480149
591b37bb-5dd,1.3891574238641695,-0.014030019856852927
1b8ca520-568,1.0773815141273757,-0.04555646519614748
72b1a2c9-090,0.8153379867426239,-0.046775276721284786
2eb3a1c0-2ab,0.9981381698666312,-0.07294046283351496
6a2f6892-6e0,1.8278765496437197,0.012629093138470493
c4f0de01-b5c,1.102476590829386,-0.027281510876955184
3b898fa7-b36,1.3918745985217504,-0.044427497362078294
186d42c8-c95,1.0309850736537307,-0.08015633946025347
ab55cd3e-597,1.0073944606752752,-0.07211109416665068
f64c1bc1-75d,0.9453067677496753,-0.06892061930994697
1c98b5cc-3c3,1.363783907282671,-0.04446312810552261
9d76018f-512,1.013603960574345,-0.07605891146469373
b900eb88-0d1,1.1290606091527051,-0.04465658909819287
6e2d8fbb-865,0.9634909450372356,-0.08004307681955847
c2df599d-c66,1.772435428390538,-0.04973993944259458
a60fc720-0e3,1.4415453888370968,-0.05156945671951707
1ba003b0-9df,1.8226129410162677,0.05475206302027458
2d18cbfe-970,1.387975000754196,0.04244924949032003
952663ac-5c9,0.8845128583578259,-0.028646424305556806
c170e3ca-556,0.7983472931608406,-0.09154816059868232
e602a1cb-37d,1.3980251392782477,0.019788284842301218
65c2792b-588,1.5235681830101908,0.0708718266378966
6308f8b1-45c,1.1459961089780832,-0.048728587878443086
5ac50dd4-9d5,0.7912396413082768,-0.08329388194871123
c92d999f-986,1.4966572846864343,-0.05623841644529887
4985aaf3-d00,1.0776129327949573,-0.07639655938679912
842a2bb6-b58,0.7604784795349043,-0.08698158504931097
b5e98e97-51a,2.1050813500757775,0.012075921095411557
a16eb6a0-bfe,1.3321906819120883,-0.030000496598628856
e101c143-916,1.0578465889994595,-0.06601768355619309
3866fefe-ea2,1.576739377507038,-0.020893926787568795
1286c683-563,0.7801152947489817,-0.05347890924952253
4c30d0bf-ed0,1.293977621320462,-0.08956434106866817
1d0c7dac-c46,1.0980862929661352,-0.024148202197381174
9964d6b0-9d4,1.374753602597881,-0.07060156734450046
2ee848df-6f2,1.1279806622155653,-0.07398208286858576
b10fac48-922,1.210463195738114,-0.04449541784351957
e5fc4551-5ed,1.4360221319240642,-0.0061620214552184915
8335919d-f85,2.6586770086811917,0.01227138739181255
7b7519ed-961,1.105299936913976,-0.08510395653366853
65ee052b-f8b,1.2033423618784251,-0.018741989156708105
472ad666-0ad,1.615572205340629,0.09200368745661991
21c0d898-718,1.2284626225579693,-0.05622857131825493
c059f9ec-6e8,1.076911634650019,-0.023677382307495998
5a3d449b-c25,1.2857866666996856,-0.04295470711365612
494e04f7-e9f,0.941336670703768,-0.02778730895532483
77ab03a2-937,1.2924369936674829,-0.045901240865875326
8a88e155-b50,2.9520893901284806,0.07209833747950378
f234e3ff-d51,1.0946792454270742,-0.023019122887962873
45929531-f61,1.0050979686583525,-0.04485289700338274
80126a5c-f7c,1.044343929853178,-0.06930627975878595
e95d5d57-a43,0.86791094291518,-0.024875356115762193
101b4db8-79e,1.5029101622398628,-0.035442644993433525
c3554d6b-1c2,1.3282057471704125,-0.08580713291514347
7358098e-9b6,1.172639161216824,-0.042318699637555024
49d1cd20-c63,1.5155962283950852,-0.04851533052926499
6422b72a-403,1.0931496549304793,-0.06745508275154577
836573c8-243,0.8151307973263399,-0.07614064463807163
b722a43c-fe8,0.7574346984389622,-0.048805836619633725
4a16c04d-827,1.6047464692715585,-0.045357557947957095
3c071d02-cb7,1.165835505909305,-0.057725987838963155
e59655ce-243,1.230002732638452,-0.0959834633109573
b81ff632-ab7,0.8377580844479675,-0.05110685382917357
a3fbcb7c-f81,1.3369864248819827,-0.0828239788397237
00337685-5aa,0.7426059546189359,-0.049590821959206444
3be2341e-314,1.169506989608455,-0.09783839634529573
f785be22-de6,1.1454110041143963,-0.08910979585456785
88fe1b2d-dbe,1.6776586808688938,-0.07658472457375765
95ecfe90-d2c,1.1469553414040836,0.036523494435537596
e66d8728-c0a,0.7091569408070767,-0.1006700266529536
7c4a12e8-f30,0.9562945523067956,-0.041888739418932563
1cf26829-bce,1.1589750732180746,-0.03995610205811223
42fc76db-fc6,1.4415631366142225,0.04564369234413346
12be6cc7-078,0.982839637890604,-0.06527794862468633
6d0a7503-6bd,1.2478499819310842,-0.013197894958355938
17a7f86c-c74,0.7629700462026147,-0.06740305797186613
d5b28b41-744,0.7591827278296266,-0.10168702196546403
1d95bc5e-3c7,0.6705827024902512,-0.09613371728609665
c6a39746-f1e,1.154926830101546,-0.0940903470874142
23b8fa5d-36b,0.7209988317425671,-0.08677210263499191
fa35b1fb-a4d,0.9893206519201518,-0.07565573207427506
ed379c0f-7d0,1.145624366590632,-0.09817078289546749
dd85fc7f-193,0.9934070776441234,-0.07179887858766382
f0007f82-e97,0.7680790291272579,-0.10270223547468232
6edd31fb-fcc,0.7343814481392712,-0.0873004210092777
f975bca5-c44,1.0961762889412827,-0.09765999809021642
a62c192b-e70,1.2120077681390602,-0.0990925216852328
427a9397-890,0.9116252240359115,-0.07878040040378143
6e422167-9a8,0.9702786617375483,-0.09092867252188108
50145241-b03,1.130694094712633,-0.09890351186114937
1d24f5bb-d85,0.6681787570160023,-0.04868947477334912
833aa559-6af,0.8115658200358018,-0.07710982681133016
cd97bc84-7b9,1.0123492153058626,-0.07168080540766625
11e36eb2-edc,1.2163641650239043,-0.08977624787208155
4abd4a0a-1f6,0.911974557302796,-0.09175456288601896
6ef71a37-ee7,0.8036253041430684,-0.04662076328860093
d9e65d7b-452,1.259016781947902,-0.06427138758281092
8b121b04-1d0,0.9540333078091777,-0.07897772622792554
dca4932c-50c,1.1832594488617354,-0.09039136406664078
3cfae013-077,0.8333016493321158,-0.09170522102339906
92349284-fc6,0.9929954578351641,-0.08971354308325724
ef4ca42b-a35,1.1807823639704198,-0.09827902311683812
c91260d3-346,0.9589227308024034,-0.0884951528507012
0bc6b33b-7c8,1.0903853455278596,-0.10083615763835457
f93bbb60-aab,0.6080722566894877,-0.09531265112287335
07bb605d-b1c,0.764359611689828,-0.09083905532125985
3d8cbe80-e09,1.0101853251709172,-0.08932358049338318
f40fd4fe-cb0,1.0711712842429186,-0.04225144903127165
60a75fae-fcf,0.7833604131104503,-0.07423906712745892
bd31e024-52b,1.4718051072339435,-0.0056920020888385214
40ea61ee-e75,0.5937539594327336,-0.03358408883904729
4da37aad-501,0.8342415359830075,-0.09959392843574433
aa377336-ef1,1.0246851907394672,-0.0827070726734001
ebb4ce75-544,2.012373054003201,0.03395359723628699
0d68a7cf-fea,0.7099113045532682,-0.09154441900375881
27ba1599-b16,1.1512189337388525,-0.0338140690602739
4133b603-7a5,0.5764570395155424,-0.0941727439888691
4f1c5a7f-728,1.4116594485857363,0.015516405478356532
327b95a3-90f,0.8107237397877771,-0.08029941526161727
d025e86c-e59,1.32823335594918,-0.035553118638132375
c874d1fc-45f,0.8606347850645403,-0.07254991185762799
63d207f2-905,0.7777466457569594,-0.07764455602122478
b229f24a-237,0.6196735895029073,-0.10113285063183747
2a33a05f-e37,0.9416957735358631,-0.10258316186766542
5765a402-859,0.5561343658082868,-0.07305515265662083
d6b8b5f0-89a,1.0243017373297088,-0.07036267419186892
0ffe309f-04c,0.6619858317981814,-0.0751664954332526
6550c220-e35,1.2687856181741362,-0.06580043661152951
b147b601-eb0,0.8423150792444017,-0.056345544059987374
d79d908f-c0a,0.5823000488095824,-0.10962415095697148
e4585d68-e7f,0.8546227189531792,-0.08450517050784129
56532afc-65f,1.2979326499438488,-0.03465886921828182
9c6fe60c-8a5,3.3306054656664448,-0.008847703108539773
cbf455a5-3ba,0.9432203630129727,-0.09786912035113005
df55f830-649,0.5542072145947416,-0.05009311813157524
b52b8df5-9c5,0.7010956418492279,-0.06929969077002768
beed3203-e11,0.5412750217484505,-0.07297575818276092
ea9590da-892,1.0676306388685186,-0.07499415012442029
038a9117-c47,1.0415345618748866,0.03357863895013202
e7f94948-01a,0.6180167190886139,-0.0765921702960653
0b45838a-0c5,1.0567282909519924,-0.06225880364134795
7324c356-2b2,0.699272072890006,-0.09616466916608835
fe075da5-798,0.5971262288500274,-0.049356490524603724
3cfaed5e-a0c,1.0673560738329209,-0.05720596066255196
1fa422d3-e8e,0.6533567472413646,-0.04900884462438776
4256e720-821,1.031223218443202,-0.08010090818121657
05461b4a-33a,0.6956504434330981,-0.08492502860602935
ca947e16-fdb,0.9947872242148843,-0.04714629302067652
64364f15-3aa,1.5161873111459987,-0.007591623559140337
27dfadf1-269,0.6069473897889681,-0.0982371064515668
972f1b9a-697,0.600987499068529,-0.09818252590021492
cca22f56-f6e,0.5075505042146911,-0.0969382187824534
e8e969d6-982,0.47782309450762994,-0.0206661553973555
b57d1b3f-d13,0.5637229728982802,-0.09052502643346744
3bfd8eb8-7a6,1.197379133837192,-0.08878383532154738
1a318095-361,0.5682071673742878,-0.055587639368052
aa4110bd-d24,0.5548784031399896,-0.10111455934675145
bd772e25-a57,0.8427767592148706,-0.07724625629142329
1c02afa9-077,1.1208471575725816,-0.08924341092722604
e6d07b04-188,1.5649521705792466,0.024711441759274977
a91d7a7e-811,1.719427170609137,0.010205527227716948
3b38b823-fe2,0.6041711123020573,-0.10851018240113458
2c420013-b10,1.0202181944528992,-0.04330567341329988
0c19edf0-eb4,0.7336591976804714,-0.10053385177480434
bf93d297-e7f,0.9694265119293036,-0.03094140984945326
9634b1ff-030,0.8793391092484041,-0.07838040605234992
ce0c7348-597,2.037964675960842,0.10372176957406787
9c0dc6b0-2c2,1.0645902029007317,-0.08689917928565244
f48a9796-d6b,0.8287869736223783,-0.045394750117957905
bb5cf6d5-06d,1.3838818802590591,-0.02900261837326673
21607f72-c4a,0.9005389497892033,-0.08947176958242181
5d72359d-917,0.5517046047672725,-0.09027916885455284
bfd2329b-a78,0.5326796430388362,-0.10365403163831649
adb8e567-45b,1.021416744112059,-0.07560331196039866
38167d9b-295,0.7962348418428798,-0.04761837527199703
dd9d64b8-50b,0.9024072002567722,-0.03157720065010372
3322c842-e03,2.1299009928355943,-0.00502079607861855
8554a51e-652,0.46476869893957984,-0.09529849655913925
0580e6d4-ca5,0.9334609936205305,-0.09040013927663543
d081f823-4fc,0.5908438645405965,-0.0890235511938321
945cf1a7-f4c,1.001920771626338,-0.06465350256244085
e4f4cb34-8b4,1.1582419518132312,-0.06674259728712906
84a8d9e5-79e,0.8280060248712748,-0.07450518057976452
c50388b1-479,0.49563765825719314,-0.08595941653252798
798e5b50-a7f,0.46550269621890933,-0.046473393824522036
72534535-927,0.43676122469856027,-0.07523298854603205
e4c4c7ca-649,1.4213867384376853,0.04344216846118032
7593bbb9-1b7,1.4344906567580846,-0.030715864807780657
4dd5a550-889,0.29606388185371496,-0.02086827701812577
50b9ec3c-c83,0.45934963884638536,-0.07548865061858856
54ca5cf8-0d5,1.1412425737894836,-0.06781143721618399
e66a71a7-4cc,0.39758495141660566,-0.07063492170353014
d6ee3a4a-940,0.4600098847817302,-0.05633242031395541
b5a5564d-ffd,0.6984488236484248,-0.034269132883775255
5e526a0b-bcc,0.7636702558370662,-0.046825480651783824
00fe6d55-a18,0.4109824285568466,-0.0873198406391355
02f5f153-6b2,1.5321516654238208,0.008720832042290794
b7c99283-cb8,0.7240857292821583,-0.07619213708689232
432cc771-cce,1.0150948789999303,-0.033996903946940604
38f351d6-a0a,0.9790435347347566,-0.09741561621593298
c47bb2d5-8dc,0.7228755627374274,0.06836765158102165
87bcba8d-ec8,0.6452554336982654,-0.07448460818311264
cbae28ae-bf4,0.9126958291597689,-0.07038174342905795
2cff9f63-8c3,2.149296912936545,0.005479224224208767
a153eec8-282,0.6341692387523737,-0.09570904266973979
358a850e-92f,0.7959185210244071,-0.05096206657203073
73ef1f9c-73a,0.9159408409554775,-0.10266654298630273
42400924-390,1.0520349466554713,-0.05620654996893276
fba3c43f-298,0.510648426309252,-0.0886227103753775
347bf977-6d9,0.940821394877396,-0.08178777196221132
480426c3-45c,0.9858685033254273,-0.09253128558540341
0713800c-75d,1.6638945550998734,-0.07526535453570787
be0f6a87-a88,1.479019372815216,-0.06045010351610869
11debfb9-3ac,1.3072136427910206,-0.03748289436312824
bff678fb-5fd,0.9816514564602233,-0.09499839108799402
7ed30777-cd6,1.1117966652575417,-0.07533886224362962
d0ccadc6-87c,0.6236691570971367,-0.09184214298029925
def6b5db-e76,1.382433617292089,-0.056673184660978315
d833ad75-c10,0.5136597325344816,-0.08995226541873574
89ae7f0a-929,0.49307107043464427,0.0542508287122927
043e01c4-431,0.7107472126898433,0.022444386147657314
10334cef-6e6,0.40856191912532513,-0.0832280188001932
d379ff67-26c,1.2506140559558847,-0.08515073973780485
2f7d3c8b-e4a,0.8828096278932134,-0.07347358466375609
12bfc6da-244,2.1590721984302492,0.016303199793038736
bf589c8e-f43,0.6980389427117151,-0.07376219040359477
cb7edf4b-644,0.5432610331363792,-0.08141064503365003
a6dd85a6-7a8,0.330820480432677,-0.10691569311683558
bfb19c98-62d,0.9968431930404589,-0.08164427223219517
a5573e2f-2e2,0.33054309317736885,-0.058344454153389125
14150565-591,1.3449341269205048,-0.0692219770468877
035dba47-e69,0.5019642142314629,-0.1027834321663626
d5595f78-8d7,0.37481706338880244,-0.056088294481881296
686e2ce3-529,0.8225102803557351,-0.04993636547007202
73757b96-73e,0.21505261719689284,-0.005843881842017118
b4779466-12a,0.9518346636861575,-0.05343937088624795
82cc1473-f3e,0.37242085764052535,-0.054554262591212266
f28c66f0-b17,0.6416704298919981,-0.044662450615139404
a25519f6-b7b,0.513517031652621,-0.04257347191958455
bfe0dc24-759,0.5058504835173283,-0.03921306790199974
2427b07f-758,0.3195582558124507,-0.09247017929763646
f59f8a62-113,0.36208019724884116,-0.10181671600750392
51db0884-60e,0.4560379532661175,-0.05077162117211764
f464fd35-e10,0.5229461472515949,-0.0469697801199066
21141d94-ddd,0.924570679713892,-0.08257395404103218
76858b1a-28d,0.30919165864414905,-0.09018247631293325
ecc1e67e-5ac,0.29820857226298536,-0.040047821261010585
b4f96ad8-6e5,1.109714623296798,-0.02668146189356746
ee6bac05-75e,0.5164719534560254,-0.051870795048447826
e2429b89-f93,0.48325860461959014,-0.04263028540693187
80f3af48-4ed,0.26481447048024975,-0.10446054047145187
3d8d4c69-2e4,0.653597097557538,-0.07739542523107357
0b97f5a1-8da,1.102811068637182,0.03160124899917882
9e02f3f8-a3d,0.41164268506281476,-0.051606738472565694
0811abe8-2cb,0.4995757055420638,-0.10578527114400965
ee03df15-def,1.2656604338304416,-0.025005347926406962
ff0c7519-d99,0.8980684381287738,-0.04982841010281225
55d59c72-cf7,0.7145297145764377,-0.10146655693655565
6ee68899-c76,0.4463230528325627,-0.07365763666941327
887ae5ee-38a,0.5916943223052304,-0.04232807834654556
27f9a953-aa6,0.9185020978995284,-0.012244000748304784
91836d91-a6f,1.9771483404493317,0.013069893756613382
9902f24b-105,0.3855071179121324,-0.0904699143519172
14d8c2b6-0d6,0.9214835037635518,-0.0606384259352053
055c1a30-ece,0.3395630864564496,-0.08564259739135827
7128d5dd-17a,1.349261144064167,-0.08301394923780336
4e1c55e3-aa0,0.7995377759095021,-0.08035924876477396
820bb38a-c5f,0.9799097013220501,-0.010214880573588159
1f6f3fce-b6e,0.5800735272548952,0.021883733472032096
905fa6ca-9b7,0.8899071134856572,0.07882657588909514
9ceda3a0-3c4,0.2954263900234527,-0.06243906829836654
fdf88ac3-a33,0.5128299131446735,-0.0658259384464141
76396d31-506,0.38267911977064617,-0.07926731343605459
bb9395a8-073,0.5176417731592939,-0.10947419577308498
8596a9a1-e0d,1.7795344657131649,-0.012225133784262876
4cdfda28-ddd,0.6647152742929605,-0.09544633055626772
a7eeb42b-7ad,0.878786468828237,-0.08784961883095155
900995c0-fd4,0.6639607361760835,-0.09232330486657547
feaae6c0-c7e,0.9139888303050544,-0.01293867877037752
df593bd6-02a,0.49774725274545184,-0.03805840397749821
ea5fee60-369,0.6224874049696425,-0.045898060013067676
1e585028-545,0.46087607318756274,-0.07141500516713384
81608c21-0e7,1.6914065826935636,-0.02709669722629915
5e3cc134-676,1.3128078530044514,0.0020064874235994345
bee103d1-802,0.553356614898726,-0.07430034149376707
a52d196c-942,0.2897002619460395,-0.0753764633730643
d9cefafc-4f0,0.5716175021476041,-0.048912542369483
4709b466-cf8,0.18308508808803972,-0.08539600000585895
45fe384e-59e,2.2643962935424526,-0.005600742200295494
87d37f66-0c9,1.5011533894947091,-0.01715353631662181
1b62c755-3ec,0.291384653106768,-0.051353916403820365
02d87d1a-969,0.18236579097027947,-0.05224244221241814
46c0d282-c36,1.3468511384228399,0.006685225377893511
b51454d6-c39,1.1891030022877442,-0.03804860176783753
42783244-4da,0.25515437813201786,-0.10101008085769686
6ab904cb-d8c,0.9603524753579957,-0.048009429025073325
91849f5b-465,0.6390816860125093,-0.07734467331043338
73edf4a7-724,0.29959372196803713,-0.0520288344902044
6b5f0fe2-534,0.4471293827381172,-0.09468483773525588
4c158e56-369,0.7810692734170724,-0.08948572710050495
f7f4af5e-765,0.2036365852309556,-0.0839009343520461
7c5cbc28-dd6,0.4922421966017031,-0.09610892040957864
3804ce36-9f2,0.24757165249417476,-0.048878874912554326
8103ef6a-7d2,1.695335417754161,0.02131017072818464
2a422fa1-024,1.1289110828584745,0.009478859643406001
849f2d1a-d74,0.21732844247170713,-0.061684686813105793
120b3a0b-6ab,0.18328400677003223,-0.1079425936970872
47ae8a29-1ab,0.6924800548119213,-0.028614565719738083
f574ef5e-c10,0.2246866989089428,-0.05479845967753638
495aeb6e-1ac,0.278269225730972,-0.09798667421858537
dfdcbf2f-c01,0.11755497686296464,-0.10629534666195012
81f05546-b37,2.019686840005815,-0.05027058036751231
9766761d-929,0.20895462416372873,-0.0958905220713786
5ea2bd5d-ccc,0.25196631545182724,-0.10442421533238677
526f9731-179,0.5019096832641594,-0.029350737354036205
0fec1f99-d45,0.4476980697271946,-0.0674370168236228
7335db61-c35,0.16044200425135904,-0.0789299986672804
fe036e9d-cb4,0.6703071818939066,-0.037694908090174284
f3913794-bcb,0.3810764098217734,-0.06855771462873411
6ed59ab8-d53,0.554566988086214,0.01112371743696583
3bb05320-ad0,0.5363121149064025,-0.07122765385599306
a054e3a7-474,1.8469294364243338,-0.021039310675637357
6efe5c65-c12,0.20644526715835676,-0.0465174289977236
ec563473-e03,0.4386543267082824,-0.07098952209548082
d8093638-c77,0.19000561351778109,-0.1044111670836888
7f36bd44-d8b,0.513280334044315,-0.0331380589523359
b7d0cd97-573,0.796535314277292,-0.03356440328141158
4aef4bc2-16a,1.0196348321817847,-0.021881971158371594
ec77da96-741,1.2865129783998155,-0.014722795515142606
41bbb584-257,1.7340358573653138,0.013029715925607088
85b8e5c6-621,0.3392318003490258,-0.057800478978160985
e56186d1-254,0.7673707280648394,-0.07506683598732616
d3de4b2f-099,1.1331039911154939,-0.031209671494212665
44a9af1a-63a,0.42658269292953344,-0.07990586409776362
a1ea0ca8-2f1,0.5504325556079714,-0.07454206962191179
e693aae4-4e9,0.5546739394610307,-0.08943446532897154
e1f8cb82-277,0.5040005004052426,-0.08518966674255352
f79912ef-27c,0.36405153197988066,-0.07889229382216822
dfcf96df-ff1,1.0008903236375755,-0.03361420016632749
8b709093-8f7,0.6463303806940516,0.17040814789588865
31fbbcdd-225,1.6874672010757787,-0.038694477539140903
ffd2222c-8de,0.4513928509748278,-0.06839712255142633
4c5a8fef-2f5,0.6187740920070399,-0.040808708710363684
cdd438d5-d04,0.30577196928270817,-0.07165689812564219
f4927b8f-ee2,0.3785088273882461,-0.10850013489965171
3045e3cc-c6f,0.4571617396230676,-0.07650012444938459
33326f68-350,0.1559575001074221,-0.055193830931429155
faf757d5-ba1,0.5749193511872606,-0.08755707891998171
67dd3558-27f,0.19359854631451728,-0.044883436010587696
bd50e647-d4f,0.807993146851564,-0.031195871941145925
719ba7f4-cf8,0.24226152357228348,-0.07003924611273155
1c833f6f-797,0.4155297924348959,-0.07992009380603948
5486d7fd-bf0,0.3177781843572368,-0.038617093389748
66f1c3a0-df8,1.839463130590337,-0.013480255333018498
3ceddf69-698,0.09432019247322597,-0.06824761284610015
050044be-699,0.5570335830884018,-0.07391278154213993
683dffde-251,0.622046456339338,-0.0856252737687282
2f61c776-4cb,0.6848782828654046,-0.04940206069287073
8fcf77a9-6e8,1.0206937312946602,0.009496381851446523
6923a3cf-57c,0.39598580832358105,-0.027629321256622152
f3447681-8f1,0.49126818697582897,-0.05790599046498002
80357d9d-1c1,0.14355567626522495,-0.061339602472792076
134033d1-cd1,0.8266206700930587,-0.06888366304290672
a9a1e291-640,1.3875622159937844,0.042439307205843435
31a89040-816,1.6408551601709611,0.00017229404758900557
a99fa9d7-402,0.65576003066404,-0.09209071463721596
28aadc20-a9e,0.1645619679069578,-0.10630646240550357
b1d035dd-3e4,0.09416782185970003,-0.09858871310986539
21b0ef8c-f95,0.30985680616905037,-0.08349958280733322
e3e84c16-005,0.8032025934825755,-0.057733824245171594
bc2586a0-748,0.1656927866064057,-0.052225331126084684
53fcecdc-8dd,0.2238753609914858,-0.003706190597754011
79ab5288-905,0.1715381448663128,-0.062198125075730804
c69cee7f-341,0.5629041359287343,-0.037215917646198415
7fffa8d2-65c,0.4362885913054563,-0.09221081045946072
4cf3bb03-e9d,0.46907931582467943,-0.08192648745852898
98782242-33a,0.3959922225154309,-0.03213654651570391
8c7c6596-67a,0.42444019117714843,-0.04288978876353833
64aaa29c-7d6,1.0847804805774108,0.04046050293020664
2e152556-149,0.33239793274300833,-0.04688957941912375
24fc15f9-baa,0.034650501751915856,-0.1000175753028148
ac0e825a-f6e,0.2351097036858458,-0.0986329584635261
099358a6-fee,0.5772601628480045,-0.06152010868042612
45b569aa-360,1.4941278453570304,0.06259788035382796
d981744a-06d,0.445196335414848,-0.08363542788093109
efe2650a-6fe,0.22585418678385788,-0.05415233805763231
ed55af18-144,0.30622823708901165,-0.04092032827412756
8c418267-83c,0.22674837217138605,-0.08909792101389102
63589895-2f8,0.7268766288225992,-0.07328151125286486
16097dac-bb0,1.0852166210450163,-0.035767463150207957
7e8fc9c1-b8f,0.34979706607000044,-0.040096906108543606
ca9e4450-e70,0.41138759591858465,-0.08635607974513815
19e57c2b-286,0.8892047748804902,-0.06482916652829157
d5ca98ff-572,0.48979566106215133,-0.009446451738690131
07214982-fe8,0.27951365204913203,-0.04651028767474091
4fe8b6b3-156,0.467773669511486,-0.04247296034275938
cf9f691c-381,1.601623658160841,-0.008200360070992063
e61e513d-da0,0.16962892752686443,-0.09137391952541984
d54d4de9-e99,1.5332355542504743,0.01888843092309922
2cf29788-db4,0.4590710874455256,-0.07661999865554991
e54e42b0-109,0.12873822786609004,-0.09420777081475235
52effa45-212,0.5613447038970986,-0.08497300238962491
2bebc57f-afd,0.8007336611238592,0.08890270376562892
6f832523-cb2,0.3118361628769787,-0.09302129527350922
4d696fbb-511,0.34006896788205543,-0.10276949202594671
558e2119-350,0.10285919251689633,-0.049270994123491896
684c47ea-e66,0.5188733060227952,-0.09569265659405302
9af87be7-401,0.2324216219105918,-0.08256985292913632
466235fe-8a7,1.4257680351546262,0.0014331929371043106
6ea6b6ae-089,0.4557524421100342,-0.09300657609848006
1ea0f4b3-632,0.14215881982449047,-0.08183069954717614
412762e6-724,0.9109931969271964,-0.06564097470286001
21200e1c-44e,0.3400176886220479,-0.09599728290005677
cde2fd8f-cbd,0.13795125549073317,-0.07238802646408571
b66da3cf-a88,0.47037428215693255,-0.050460037549089565
c4ad8fd1-f4b,0.2913848248727055,-0.09429902773290294
0b9bb7af-5df,0.4921306489056527,-0.032840596576745984
f05a596b-0b0,0.47703516990928313,-0.0748551342655715
00da61f4-f71,0.22936916562644133,-0.00018382139409184317
e41733fc-310,0.16904904774066795,-0.08764500571378703
fd47364c-01c,0.6739434823788241,-0.04289791792602904
3b8cb340-036,0.12275980753756074,0.0431160899203159
cbe8a62c-546,0.7611900237155074,-0.07707715171330198
a7bf2bff-68b,0.3192372003353905,-0.05637483938475907
2131e31b-d44,1.0610826220906757,-0.0822004283313148
36b06152-349,0.45947371245724933,0.0536352713306244
2bc13fb8-cda,0.21075102108856025,-0.0495123517888168
48fb4446-2c6,0.28716753643858417,-0.048069851104666717
e6d7758a-a83,0.280518271516681,-0.0690361148628289
7b8ffbb4-04a,0.5342992646753354,0.057657542429874864
92d629a9-0c1,0.5485979691822206,-0.010230713271716985
ab41c621-2e9,0.14062463723485563,-0.08630533383661454
b51b2837-2eb,1.4375312624296817,-0.0046237262791219425
db3e6d50-603,0.3490585542747139,0.06742329396041091
d57e2d06-09a,0.7389639594341646,-0.014212792084105919
d6ab90f6-315,0.1173890980608752,-0.0781762663490399
b9f21915-40b,2.682270390246739,0.016462757387285087
dd6a1eaf-396,0.5546441972092961,-0.08763976690675024
4d70f127-30e,0.5668552856648992,-0.09830780666166278
a4d520f6-884,0.5927466140989232,-0.012176089347687158
a745882c-ce8,0.6934239029524767,-0.03553537327813033
7a59b7fa-a89,0.4405476729780197,-0.09157498432080169
d285ba64-853,0.7911207849792625,-0.07838300388464814
a2572a60-b99,0.2056621997267778,-0.09111785600310252
e45aba0b-6ca,0.35709053486347453,-0.021088603390034988
bc2cd473-d3d,0.6468971623874995,-0.050578197199527886
b21274de-a9f,0.918920087222298,-0.024227696907565655
1858d173-b97,1.445987350306115,0.06256838554329058
07b0d628-073,1.291622344642845,0.030092772418608527
f9509443-8d2,0.6535733785255795,-0.06778868475278343
82bbb350-b14,1.0578069844475841,-0.029615869333303513
4d8bc14b-3ec,1.5878102750038596,0.07884088751209817
5f586665-519,0.26863695034323737,-0.0432306404316436
86298c1e-f30,1.1246690990096726,-0.06735766273921318
2a6941ef-ca1,1.0529957148880857,-0.060730004686254835
b9466936-958,0.36526426599570516,-0.07941491256273431
5f954cd8-2c4,0.6053734016659302,-0.04696930451765968
9113e5c2-9de,0.7602486076690094,-0.10450889607415942
c571305e-be7,0.774927608821193,-0.06731958803720339
0ea63e06-c7f,0.46355951766325265,-0.1082183484066857
fa2d3c0e-684,0.5155241985675525,-0.10670533613971883
e67e989a-0a2,1.5721824633395753,-0.019935157213763544
df364637-13e,1.0351862327584103,-0.04396836426780648
f0945621-c14,0.5845126329615806,-0.09310171492984315
f115452c-5ae,0.2650281257712573,-0.01933185087783268
c54e4771-9ec,0.6201509014501385,0.00856372667550942
0ad9255e-afc,0.6166214780461049,0.13794800845433175
f4516b19-b65,1.8885459214827862,0.07373343218071582
49724e66-4af,1.2183285319486814,0.03218346056363652
d06400f3-ec1,1.3385704707079096,-0.08243952400642962
8602c7ff-c6c,0.8112163974646824,-0.09222590889614712
5c76a6be-3ce,0.7134965370919442,-0.06869598480850952
b06aab1c-81d,1.0195243285618925,-0.08365390188828759
3b6dbcd1-980,0.383688929715434,-0.09879994653014007
2e0f5876-af9,0.5028374518412804,-0.04613795618338412
b90ab6ec-f68,0.2937098600497068,-0.07630540884191972
f1c35239-900,1.1658418212793018,0.056382540538742365
b16bd0dd-40a,0.23001647694066918,-0.08296518657709673
9dc44a2f-414,0.3371223686522786,-0.07202153879685541
25ac6e03-7b6,0.09066932168949539,-0.02405309019947216
43fa3581-f48,0.2056322648428655,-0.06785540496766546
b7cffe53-955,0.7431802955358646,-0.09277592815679164
daa251b8-e8a,1.015494556892095,-0.0434120333333885
2e204d11-2c6,0.7591395028916318,-0.01902394138667357
d2d60c9a-1c8,0.2803401059541192,-0.09090614808970482
42d91d87-ed6,2.2579181831399593,-0.027210789333083185
4045f902-6f2,0.8024818751056786,0.02470544626488891
a257eeb7-00b,0.32322117524705857,-0.09061464166235833
02a25c8b-c97,0.5595108209108501,-0.07519869722789285
a4dc2210-613,0.5168358194223736,-0.06756084282663166
0daa00d5-bea,0.7670750952639251,-0.028554421111058326
c3ebc052-121,0.7290961957232629,-0.028699366129879444
3c6e551e-e27,0.42262903884874015,-0.09252571380797436
af135bbf-694,0.5576485595377106,-0.06875540756432325
7781df25-466,0.6298213693583546,-0.012508872790818137
68fcaa80-69e,0.41149187009065546,-0.05171052597263737
3b5e3841-c00,0.5230820771970832,-0.07987005025175542
be1cf89f-52f,0.6051587606864646,-0.07523405103729586
631521e1-05d,0.32356063783615796,-0.049016398654759874
4e942518-a98,1.458485613017686,-0.012407230640090139
614c1444-06a,0.9648547129820817,-0.026815964625386934
7bfcf689-d86,1.2435142469643878,0.0053939891581846755
b2808270-2c7,0.5493173955043866,-0.08911792870357432
42522c9f-94f,0.7182776098727067,-0.07099427863883362
04e65566-4fe,0.6079207894549832,-0.09334273725999492
bc681c71-cd7,0.9822933607747555,0.02418085835855721
681fa629-600,0.33078201595287415,-0.07922917533159252
d8d87e8f-dc5,0.3179255814322594,-0.08728487112322347
21e34389-8a8,1.4430359116821032,-0.01010322037101763
f8c0cb19-8bd,0.895210214827748,0.03841095401370065
dab42cf0-679,0.8062992394114681,0.07109326711413155
4814836e-587,0.523446272049148,-0.10290559005820649
48e02e56-5a1,1.2126534590954186,0.006338376062071216
d1e1c6d8-8c6,0.3554281600918306,-0.09496891272651764
5adf0c04-6b8,0.6473049402169244,-0.09003723561287835
fdd98968-5f1,1.0771915269145418,-0.002031855638089164
a6d24ce8-511,0.5706654288861678,0.03835340997861714
eee62c26-c32,0.3249925198472975,-0.10846292933351442
70362325-dd4,0.6172495557028674,-0.09527657543453721
15a555a6-950,1.0071833312724336,-0.08265456269138494
3e1bb450-6b9,1.3303103187297662,-0.003835804154366962
51a0b782-87e,0.5943810598754424,-0.09954173621388718
c283f7ef-17c,0.45094470156567057,-0.0714620198517244
e8d6aa5e-522,0.23560470510919093,0.024088756324137428
3207fff8-946,0.745979671555141,-0.0970623819724481
aacf580e-f91,1.7497483603634223,0.07553784198436564
4597fe90-187,0.07700054096298518,0.04189176099651515
e750fab5-584,0.673957186251174,-0.10458797882395404
adf3af7a-12b,0.6400360155736118,-0.08750267690416025
1245498d-312,0.6178162183774776,-0.08625150613671828
27a56679-f49,0.762952486175193,-0.035719225760437345
dde5e864-d07,0.7011731650663717,-0.028845888444094747
7c6d95dc-f14,0.1640687124964788,0.04304743450109283
2c3b0be5-1f8,0.8304116409777165,-0.07487428697722104
6c977714-567,0.22775848335043442,0.029805593328942614
99344e33-96d,0.6054888710563542,-0.09883512591751137
65e236c1-094,0.3719859015970237,-0.10126211315159639
fad14057-dd8,0.7342261185347616,-0.08872000264809365
3dcb1695-c07,1.150090523581834,-0.030748555445058723
796bb38b-553,0.568511854894812,0.039872211098460175
35e45e7e-01b,0.500457650213411,0.03008868756014016
8205616c-bde,0.48473702293670207,-0.08466117237579468
949de6aa-fe7,0.07480927735515581,0.004531118538737111
754dc829-c36,0.756767144414497,-0.10596056378584512
55725d52-1df,0.28826464858377193,0.10325608820425336
c63f10f5-353,1.7307868930302537,-0.03602842104522297
5b1271bb-665,1.1773843253016911,0.07403794851748724
ba465eb8-809,0.8019524578028929,0.06667419127812069
ccf69652-04e,0.6658403428469227,-0.05006701129996238
ab226fdf-d49,2.0118190513876235,0.0812921822662378
e533200f-69c,0.911298649743498,-0.06416139898080542
e673b999-384,0.9119248181514845,-0.02428594898761155
24a6462e-aae,0.4929148272059762,0.03230425815675486
8008ffcf-19d,0.9713905013537403,0.0370969889872691
a46452d1-228,1.1440459658841884,0.06652760331494367
0f70171c-0e2,0.5400524318716111,-0.0788893608630668
eaaa0571-188,1.8578511904032622,0.05907927005739666
efba5502-2a0,2.5861505953251798,0.015666107181546263
9933bbf0-50d,0.5964117475532845,-0.06959377518120041
ab2d95a8-f02,0.826374898044701,0.030413169141359275
a01a5269-194,0.48666713626234837,-0.10726734846807173
58f5ca9e-f0a,0.5128382612486115,-0.033424074659454905
8cd31405-b7a,0.6910637272201297,0.004739339320823932
7115c8db-351,0.40614554184764506,-0.10346805774718482
4f0f386b-388,0.42130629091127164,-0.10264529519820864
c7fd0a88-138,0.6762236128574793,0.03215182620195922
a422a084-f37,0.6117268111317189,-0.02458095866167148
a631c2d3-fac,0.6553520798626,-0.09968782786886737
25d53703-d25,0.9431846526953604,0.028572369566299716
ea031710-4ce,0.738246038168588,-0.04172076623478804
d044c36f-f4d,0.39250348124531276,-0.09235995111937129
b3650b1c-44b,0.5489665986471473,-0.07403419127753019
2b63712a-8bc,1.6679966325894555,-0.022778487364856215
d343f723-ab8,0.4401609453593119,-0.07674507931186825
9bc9f6f5-715,1.235234388717036,0.02709756590373802
3f047ac8-2dc,0.8151379027801342,-0.10884378139655565
11b32233-f72,0.9488071616554491,0.047766598575283536
98a252dd-fb9,0.42926468031615234,-0.0006981468139294345
95b4f280-76b,0.9440631248969484,-0.0653442965552728
2ffa7af9-f38,0.9257807478801852,0.027106601049919243
26a5fd3d-e63,0.66721086191343,0.07148512413135821
a8c4bd7d-c0f,1.169964051755422,0.06455532497586547
7b1f6242-3b3,0.31805237179210877,-0.03317155885052964
99b55639-1dd,0.5983101070173625,-0.010530341927925513
b6298b2c-ed1,0.9467949372895621,-0.07057146820356408
d19fc841-659,1.410266519130075,0.014049928831940783
82444147-b82,1.0658961412314405,0.020517633668005963
73aeb82a-801,1.0466736701643509,-0.05740262387241263
d6065588-df5,1.3693364789558442,-0.0699464413503833
5a709fad-bf4,1.1135127506616265,0.008891505387469412
710651c5-dc2,0.9259025801390266,-0.030935279520151127
d26e6b56-f23,0.4613991234176582,-0.0073102966202206465
7fdbd00d-e91,0.6616808118745838,-0.09172144241984181
eaef06e2-dde,1.0217039493449251,0.035886635617503826
0d6933d0-231,1.0671405237872404,-0.02686589770356773
5d7aa8f5-730,1.5492373495679406,0.02192892819861747
be3564e7-b1d,0.36115203529935946,-0.05390823958672547
039c7a31-568,1.0819035454532306,-0.03707565192852652
bdf2cf34-6aa,0.6395892227481084,-0.008473786897634061
9015d7be-827,1.14114304740841,-0.026591473358525797
05c82c24-f8f,0.965016021867477,0.014862663382621766
97561c23-715,0.9809824555905525,0.11719598606706816
b8eb5574-26f,0.4369709321384668,-0.09692487379674852
7e4f1137-fef,1.2057360747437547,-0.09513993614387051
fb2d987b-6fe,1.2518997058828916,-0.026349895073026708
cad92b32-737,0.4321667131990097,-0.07128703231647421
85a6e79f-541,1.1732482590116964,-0.06430720904904463
871dfc79-a76,2.0636684182979823,0.05375613888258013
54cdc946-898,0.46447162225817196,-0.07912111332151506
ab5a50ea-2b9,1.2504847723376682,0.0140570071842403
0ccdf2ff-e3d,0.3941720995475391,-0.05028782204277871
9d920227-659,0.5574249204865153,-0.04967755701153148
7e1a5a6c-a20,0.4572013504694676,-0.0758419865938531
a0076fc7-a79,0.6712262851514489,-0.009660146016270688
a9954a27-918,1.1188609191394818,-0.0734120343943021
daafbe73-e4f,0.19792074006817148,0.04249443903616967
f8e7d8a3-a85,0.4841910929030977,-0.09471056275807488
bca9e9d9-e04,0.8445899952141389,-0.09793812704885618
6ba4efc7-c17,0.35365800031322364,-0.014316895604883306
57c4c289-ea4,0.2231051202170279,-0.03464672179827055
150d1230-f1e,0.19880650417675166,0.00869281903744401
f45234d2-940,0.4454788224122531,-0.07840270997147142
8a79d8a2-a65,1.545805870291058,0.04559923093574558
6632279f-911,1.139247617010932,0.11525389908602868
07903c51-b4a,0.9479182350560017,-0.06574207103155583
2009a863-ee7,0.6674343490188522,0.012895318407305734
cd269821-c52,0.9914481473231335,0.08148313588642175
9f9cac25-9ad,0.9891913539788946,-0.027215638494208216
1064e9e2-667,1.2223512422704321,-0.007752244301441669
058bd918-d60,0.6316073332169528,-0.09648892820003724
9cbccba3-bf8,1.1621446399850202,-0.026322791302030912
64d4afbf-b6e,0.9601598866078307,-0.04891695422447939
67e818ac-eb2,1.1059264199662038,-0.019359739451883795
7f5ec9bb-20b,0.20036566643777914,0.04045861159686426
d6a1febe-81c,0.46959589781100175,-0.005180759343802521
1aedd42c-b1e,0.6108408921415841,-0.07639744664288112
c6b7e87b-c7b,0.7467411650534412,-0.08828457746715063
b426d752-a76,0.5263918677989569,-0.10170301954741107
faf43c1c-db3,0.8063756444393676,-0.09994969294648931
ff428884-619,0.9757498215035416,-0.09526604216000362
e8709697-85a,1.0873838646538412,0.01075305917358127
15cb71c9-eb9,0.7921717246385872,-0.08433217666705844
03406eac-951,1.6472400232351458,0.03655734545024525
f612e8ae-e11,0.8555898288052433,-0.017636937014602005
e5d88b9a-9ca,1.1611173836696451,-0.08239653612155279
6bd56966-a19,0.7836974395515652,-0.10570031066196234
c9a27bcc-19a,0.6419541570999079,0.039899638570196294
2711277e-608,0.9132884405323198,-0.0452993220841621
8b13f2b3-b59,1.4263449160658335,0.025722434667584504
41892b1a-f32,1.424170957392148,-0.002752660667649842
7a6a8dd9-ce8,0.33184910944503887,-0.015437232833683867
e3e2eeba-327,0.8914452473605354,0.03097520266179188
b480040c-de7,0.2509834536475224,-0.01549699220337325
ece092c1-101,2.500098005612637,0.013220376753421248
f5a4480c-264,1.2498839289625105,-0.08563910562333032
5b345f50-5b2,0.9786603955916966,-0.10589289867356338
20640e9a-2b7,1.0916756051934091,-0.10399980725639152
4b3b411e-a0a,0.6322671559679516,0.052530876477717925
2c7a2eb9-43b,0.5630859799475555,0.04001652797242694
2b753b4a-4d3,1.9336061131465572,-0.004550585437580523
fe090d74-93f,0.7793379045897434,0.0034010916900070187
90efd116-741,1.4676489220654583,-0.07522335564462312
6be813ae-da7,0.9012679358201467,-0.011537916299952378
053d2282-011,0.8845391459462093,-0.08040790926518299
de32d7c7-298,1.0723662850734574,-0.0024250951215840644
86fa49b0-f96,0.2571867354644927,-0.029934310503512973
7c0814a4-d04,1.7975569460506768,0.005733931308061546
65e0467f-403,0.5215317227037229,-0.10722764777828464
3a3c8960-98a,2.4203863358164908,-0.006442359447092816
b2885b58-392,1.2253723203622922,-0.03000570863343388
d077c9cc-4fa,0.7875420074732961,0.03198344419935206
7cadd829-967,0.6163131753455007,-0.08831908484773321
07e9b2da-d94,0.8362070285198462,0.06222449671364361
32d7f5bd-766,0.8124825954861268,-0.084570627885872
d998ac5d-5ad,1.0115045352344985,-0.03735785404747255
f38847e1-311,0.8479219240466289,-0.03908499544741134
5d19c5ba-42a,0.9074110534060811,-0.006037432082811045
bba47e40-27f,0.7177860351583334,-0.035811652874041366
c1e589bc-14c,0.5059900107254355,-0.09347834308077996
73220f14-b81,1.7155493250800153,0.04531968822754795
fd6f5e5a-af6,0.6728578469950021,0.0026764074096540247
e37a303f-b3d,0.6671756208827664,-0.07847441232484675
dc313ecf-ac2,1.9016593919648308,0.019446641828988476
64775f78-c59,0.99325232808332,-0.01049464084512125
a554f36f-48b,0.9111426637686852,-0.1025910892236086
e49023e5-454,0.8789696480576962,-0.01936708969635831
bbbb2640-04f,1.2327755314568418,-0.01030103313951114
7de9c4dc-b2e,4.215019380439548,0.04367358957957168
09fee231-3e3,0.3528368535336513,-0.02981139883156053
293f48c2-eb3,1.1818667991442566,-0.007168730479168939
f6c876d6-f19,1.2693720947236689,-0.08577853333473645
5a5c3486-c50,0.969434385820311,-0.007621113215485864
86002300-9ba,0.9876943966821944,-0.08278926094517047
f3808db7-fb4,0.6184287327837802,-0.04337356312958357
0653e7da-29d,1.0873491485779099,-0.10733423277356502
8e94ec6a-54f,0.6452064844569868,-0.07202199947855559
adc86b5e-ec9,0.5882234146598282,0.0008167007235465595
b17ebc41-068,0.6290491506649039,-0.09776051245432227
69d8b76a-af2,0.8487725508210293,0.17252916512988892
e5144014-71b,1.4933806088161656,-0.07212851564635714
4e6b8e9c-fdd,0.7849877671718242,-0.08648427778265355
5059980e-57a,0.7336218454992521,-0.08358439327823175
1de9a4a0-e43,1.240113072202137,0.031027130504639455
1d2328c5-f65,0.6051643500830894,-0.04952125414496655
e0393b17-bd4,0.704234029616183,-0.10018277425186983
2bb7e188-928,0.14673032107816605,0.027728941405649743
abd418b2-123,1.6671254034045992,0.004676125012351151
f1ece2ae-32c,0.37375059341243805,-0.009928237916254024
5a31a8c5-225,1.1389446505493637,-0.03269887809313726
560c9bc4-bed,0.791976208054474,-0.07492624794299174
691d0413-867,0.5826843007428796,-0.09424677273449306
a2be16b0-ff8,1.312717181766554,0.05265261575234581
5e04e105-fe9,0.7780247639299082,-0.10300169471796844
6057ded4-3aa,1.9544011077589643,-0.021524816302739558
ff94617f-9f5,0.952371006724963,-0.09449602925370726
96df40c0-a44,0.6298714749113485,0.003547295624451441
ddfe1f07-02e,0.9587882155643144,-0.09911986686994884
350deadf-b04,1.1612825428093183,0.020464605350888565
cd5db0bb-771,0.8803890390879658,-0.0943156408577176
9e50dc2c-b42,1.0686110031775156,0.07960209173005361
1e33f8e8-78f,1.015879921031993,-0.01697456442545453
8e216e7a-3f5,1.0786731656800836,-0.06512485138579988
de9419ae-49e,0.8816004231802785,-0.044425214040426875
76d55106-509,1.2462564332470598,-0.0070642961684815875
3f86bc9f-be7,0.9379323668090476,-0.08318967871627492
9ed06a8b-ee3,0.7133180698966225,-0.03488142843549358
061a3995-813,0.6828815420585389,-0.10589552697417193
59632ee6-c1c,0.792931326775934,0.1329251005368287
2b920ffc-99f,0.5882941299529172,-0.09022743554910734
da8d3ec6-040,1.1094235186431565,-0.0919283787289476
38a955b1-5cc,0.715039633385585,-0.06832561761173012
0a34bb4f-9b3,1.1023159927205861,-0.07038248670817876
75219147-f67,2.590200039581214,0.05049223251769763
df97162c-9f0,0.24264499514319293,-0.02755948786131096
f57f52f5-6e1,0.8018488853815161,-0.07679491870219884
62c450cf-993,0.9155183944637653,-0.005677349021109168
6d1e8cb2-1b3,1.5448493152858023,-0.06380896635385036
f624b6ae-358,1.255820148997411,0.025243424062232567
40fed90c-0bc,0.475609233037299,-0.0165389809369883
3a84745a-f1b,0.6288401538613864,-0.04448953733477018
10b25347-8fc,1.6327704832447125,-0.07133612419326324
1fca6929-e5a,1.383316340120195,0.032001825878579804
d6fa2620-325,1.721822431950236,-0.0591699905297553
ea69245b-a5f,0.6561077147934462,-0.10118784349124377
9292bb03-2b2,0.6893608375400794,0.03471168423716575
d26b4647-e2b,0.9555492442569111,-0.04107822138787387
0afedae8-a89,0.8459147849740742,-0.1000102759763552
072475b3-ce9,0.8620632370838475,0.05102272116318585
30970182-853,1.299035907697907,-0.09395608176436449
59e0fe8d-ef1,2.2398797174455476,0.1350368548227313
f241ad4f-2bd,0.8883045145121181,-0.0925481060154631
e9063936-4d8,0.949014713772159,-0.08913454485762268
7a856b0f-82b,0.8989838279842199,-0.03349357453378293
69d84c78-297,0.6681644274493628,-0.04262612703221952
bd089421-70c,1.2554291169525744,0.025973941038277992
ccdc47e7-1d5,0.6829769506183349,-0.07708832021764034
a7e54772-2cb,0.848367146658157,-0.10249412618766585
01aaf52f-e04,1.1061090832516691,-0.09838908727516804
1e5cb794-3f7,1.0207835229280051,-0.030458234960858477
d841eada-668,1.289513080981802,0.0811292605709818
86ba2cd8-c08,1.1111483937770676,-0.07795829026451956
5d3d3ca2-77d,0.8871261945808897,-0.043325099477489915
6b10dbb1-bf8,1.0525423606682032,-0.09865513318026198
47ee4cc8-7f9,1.5578763177302661,-0.0341790803296258
8ba126cb-1d8,0.9551930536262206,-0.044772019457052004
51465181-552,0.7279328564912192,-0.010172235262825569
97126e09-29f,1.12461415431613,-0.09453743848504664
158ca8a6-bd3,0.7536816303594454,-0.0734986163174704
fee52bb6-df9,1.39776998924174,0.01563495627914846
e6b27a78-e15,0.9526073223627289,-0.09056113565663076
6cbc477c-a45,1.0627966139390166,-0.09745495909710628
399fa344-4f4,1.0305573515726247,-0.10570479928521942
9790eb5d-272,0.936515508424165,-0.06956708748036827
6cd15d44-684,1.7906036013411084,-0.05897926811402088
6938d9b7-992,1.1770163638352833,-0.10691744081020277
342440a9-4f0,1.183526944304692,-0.02324490450060046
27396ea5-d10,0.9329550857621017,-0.039629407130303496
ed0836e4-222,1.4150775934440458,0.010119097055448112
86eae7a5-b95,1.7765172872721906,-0.06314764896499481
6ba0ea93-fe9,0.8170799337784669,-0.06091793792960187
9856fb95-5bf,0.7388303101295722,0.02643120388218989
a7b5c25d-6bf,1.3229494891659885,-0.03531299462734083
78f78a13-a25,1.2407634964313048,-0.08527028273925152
df2492af-170,1.0188136846783786,-0.062199860643638416
5c6c9cdd-c9a,1.4572468407074428,-0.0016483718027973104
0ce45339-798,0.7990267240633611,-0.016664352176724684
6df9766e-744,1.0161685315747524,-0.07149164426287957
cd73ceb0-14f,1.1335049742333025,-0.09046325747537337
04dd36b5-ccc,0.7451902004199017,-0.048081497217718205
c3a9e91c-169,1.1956078008325313,-0.11095683297881498
47726b10-088,1.1989860192184594,-0.09522295256730046
7764be49-0b0,1.10797223857075,-0.08047909435201606
71b982c8-450,0.7742810648380387,-0.034388490985422515
f252a14b-757,0.9457653408831801,-0.09154607362106698
a75ef1ad-d0f,0.880483327051887,-0.020565792772797575
24ecf310-6e6,0.827365852563616,-0.06384621849709804
05ab2015-20c,0.8664108940777306,-0.09569765550600184
3d64c488-6e2,0.7449531129065264,-0.09946347632284952
8bb99ebc-0e0,1.4929152038375042,-0.01630071028036062
8cf0b504-57b,0.8162723852507588,-0.046910327102072324
30483f69-c29,1.2521923895082712,-0.00926367726325139
83e57bf7-761,1.1257260357259555,-0.009216157336891517
d2b5a88c-83a,1.8556389110103155,-0.008568137829252587
f9cc44a5-fb6,1.9226569929872546,-0.04198104948150494
4818cd9a-3e3,0.8914643506805418,-0.08747315528513788
523f8fb8-f91,1.1932239976699817,-0.050336150101076726
8fd4b460-daa,1.9743595180096096,0.027467469965885227
5b8b53d8-ab3,1.2206598999854261,-0.10901718728782289
e75ebeba-5e1,0.8055004198553415,-0.05006745295860754
ebf5cbd4-bcb,1.7823174368467996,-0.08376805484773076
edb9b413-bdd,0.9676777535454874,-0.09140445413559634
62422c40-b86,0.4807665803112456,0.0017142379693928511
e630055f-dbf,0.8286523536481724,-0.07468383771278364
5dc567db-92a,0.9686258939035217,-0.09833329625064319
2f9b6962-dee,1.1266001773876955,-0.06784006172483253
523f257a-53d,1.009443983240806,-0.026616586443472423
eaeae6f3-b40,0.9721797282529281,0.05633900640793821
19a3e03b-c2b,1.1242192778492104,-0.09319798198768597
83fcf9e7-7eb,1.0057865300529372,-0.06570995921943668
ca4e937d-c5f,1.3415991079900076,-0.09090187906971386
b3f689b7-234,0.8237478127400563,-0.07510919900099244
dc612a58-32f,0.8799087823627804,-0.07817180360773207
a3a8893a-82e,1.3435229232179384,-0.09155006238118596
ef727e1c-ae0,1.3491967403215575,-0.0928829417607484
d8274c0f-df9,1.7618791086664332,-0.030295086658113812
06955ee9-73d,0.9215207716597799,-0.07033851625804055
9b2a07a4-2cb,1.3788020443491533,-0.033995974125493045
9e8ba3f8-1af,0.7425949338923333,-0.04579772808647281
cd1ede6f-dc4,1.084720944145845,-0.06598501530048362
e1892934-dc2,1.0611319227870677,-0.013551817881156003
f9b6f565-ab7,1.010052476121115,-0.08885648150817527
061d1939-3fa,0.7998892065198516,-0.07110404441991636
cfc2db17-796,1.1890602778005757,-0.06645093248426209
2622f47a-875,0.8264117923835874,-0.0997447386657555
958fa757-038,1.6477106155811418,-0.016253637321217318
d11ad739-cfd,1.2773866238094103,-0.09063534099511655
2a6e025a-787,0.9876932264070932,-0.0779878780775794
d400b21e-9bd,0.812905077648287,-0.04902733939003312
d3723bda-5f2,1.8811255764871078,0.0789600530730099
29c8f680-d3e,1.2752563898649005,-0.035818215770152595
62fd6ab7-e59,0.7940186863913203,0.03812316373395752
15ca0891-906,1.7683418096107033,0.02244632194138707
53344718-d87,2.069535993645053,0.1316611478015408
5347e0ba-b8f,0.923048985981825,-0.0717313365982743
415f77fc-d68,1.0857708139946007,-0.04413022526361349
2c0b22a4-550,1.4542525231019185,-0.017666181842862727
b2bfe8cf-d11,1.120126400802237,-0.06935951779340238
5e90cccf-189,1.2526228827335344,-0.06556076161115315
b2cfd19c-185,1.0101556683600748,-0.06763245959497277
fee8ee3f-a65,1.0165894834120615,-0.00018870804274018216
5dfeaa33-d0a,1.3735514539819076,-0.08390175850107318
aeea03c5-642,1.2622274607753357,-0.09635176109445331
1948160b-b21,1.317126569741625,-0.09735450496975678
4891a2ea-29f,1.6379851956048066,-0.07312802118865769
8f99ffb0-7a2,0.9051748580083373,-0.1116863689260571
42175fcc-c4f,1.1657118196163663,-0.08810621936128532
50621d88-26e,0.8403839720283844,-0.10313116709950415
29af7337-4a0,0.9052837965481866,-0.09139209319002278
53f5de2c-76c,0.9126200750620408,-0.0730983390081072
b0d889bd-718,1.1266661770973296,-0.1009810354111847
dcfcb2e5-95d,0.9092882979253695,-0.09038482780248908
56d11c43-2bf,1.2784606016149471,-0.0902528357963785
a72dccb8-558,1.4190789400635966,-0.055854115046798325
51e496b7-e24,1.0040953387828262,-0.05967564853243118
3787d87c-22e,1.0905461556468548,-0.07541582519781898
77c3a6b0-fe3,1.2977305701056752,-0.04702877905099245
bdb99c5b-5b3,1.1377754772347561,-0.06974087147577568
1c2dbb72-1da,1.0663550518259308,-0.07721015859699365
5015f6ba-69a,1.4847632048154265,-0.05208210945107827
6a0a622c-8fe,1.415344805376183,-0.0744637650348256
fe76921e-ee0,1.5599458474633745,-0.020828240033259282
a37cd54b-a71,2.069264067417092,0.015799732353512397
4d095a2f-b21,1.7000514365815964,-0.08756555327620624
472cbebe-944,0.9795549489470788,-0.09993395095273405
e1618510-b1f,1.2733362226259421,-0.06760377581259286
ca5e144e-a94,1.2523185896789728,-0.10106052586231973
d325cdfc-d48,1.1461153875679662,0.03968161747478238
92ebfa84-13f,1.189287430496739,-0.06252529222015207
82d3148a-c69,1.0711165244957348,-0.08852903847409604
1e9cfe26-365,1.9454233065168292,0.027646159573164075
02d00d1a-27f,1.5183584924123723,-0.01704353180374457
9b47fa48-1db,1.4557798604856391,-0.032086301315236654
97d55962-c12,1.3577710883832048,-0.0696752841751721
36454bb3-74a,1.8527043880329168,-0.0775659206662816
e97d2cc8-f41,1.0506997260166133,-0.09605949595465951
a6c1c1d4-cb6,1.472326662382042,-0.06966966422886445
6c41c2db-61d,1.0323119878124598,-0.007758187854686238
d0b06119-fba,1.8223018700250053,0.012007330517368242
3ed44bcd-d51,1.3738245298655416,-0.027571575102572965
af9963b0-a26,1.5551051965527576,-0.054313821441157206
13dc9667-f83,1.3771310948793904,-0.06492818060945238
d02d2ad4-0bb,1.0861923281405252,-0.07198725168534154
e0f24c42-dd9,1.0090803097362033,-0.03937925972003886
61422f2d-4a0,0.9543689170000694,-0.06534863108656752
3b07c998-e6d,1.0252570639898886,-0.08887587163891292
e4089ebe-505,1.0385216829105886,-0.07946611920215418
a12ef881-7e1,1.0582397893297983,-0.09228956243350689
9e527d85-443,0.8955316491544428,-0.09609154772946848
a8826971-208,1.3039133156835327,-0.06749598438156773
bbaa1354-438,0.9507096887781752,-0.03903729678846224
d64ddd5b-496,1.5221244260491398,-0.09129466542354003
cdf9cb12-b54,2.0660208871892,-0.061975547824289434
a3c9e7b3-e0a,1.019335296466879,-0.061853988173172614
b6859d0a-d86,1.0930987748543013,-0.08174195915887256
d7755914-43f,1.4751104664932684,-0.0040254925920252815
b74ed0a9-709,1.1768011539176895,-0.03247983422109024
363250cd-7b2,1.22688626484449,-0.05851064843592191
e2c8ddad-548,1.383896238949425,-0.07637559299668562
1712e4b7-0dc,2.377048305832698,0.10444714776272124
ff1d82b7-abd,1.2745881429257229,-0.08465426782989116
4a878eb6-0f0,1.033501531720214,-0.08282767537564156
bbc666c9-e30,1.515743025906662,0.15946920932094977
e25d5c87-d0c,1.2885461973369559,-0.07333921524492276
2290bc4e-5ae,1.0218544770112006,-0.016977447597078255
a225a7b5-439,0.9728351911950203,-0.08639720139464874
694badb0-e68,1.4056658982340695,-0.0444934039724722
ebc36b62-f02,0.47136854377017506,-0.017651051672818385
761720bf-9de,1.0335246047727078,-0.07470738083561834
81def344-40a,0.9519716378884779,-0.07131479928328249
1d22613e-a91,1.4873318593897424,0.002380418540751217
acd98786-1b8,1.1195309780118579,-0.03528932321196104
5aa8e147-5d7,1.098860679638094,-0.027678630173995078
dc31fd8e-8d9,1.709385652068479,-0.08581794824802974
efe5ec69-ae0,1.5464348288503236,-0.08930617783289813
6699d788-5ba,1.476682852178492,-0.0025331881360607933
243d227f-ce0,1.2466284513230161,-0.0551177606795446
6fc4f5e6-b9d,1.5096090105190536,-0.08234082892550998
c3e2d72b-814,1.6253802330676828,-0.06354254654707392
241de672-3f1,1.666465302171794,-0.05742813831589316
d5bc87c9-3fd,1.0377311835363796,-0.030541948667005603
eac6a709-85c,1.188962283171117,-0.05227727307512431
8dde34fd-05b,1.5258803923398232,-0.015852951471117094
f75acb07-503,1.8265284755958955,-0.029618969090188463
60acde49-f6b,1.230974103015987,-0.06242627297542336
2aca0f13-e8a,1.5657808589369115,-0.022893293409714965
9c901579-153,1.4957234302366396,-0.05387889332102486
1e986bec-669,1.2675555081457714,-0.027591049243889776
7b8544c2-55e,1.1145503932373537,-0.03403983960492968
ba909938-0e9,1.9656615291853365,-0.05310921086917225
a99096c8-54f,1.5656718835515298,-0.07567272608926523
00a1bb08-816,1.6004805711670054,-0.06020712389937727
058ac4d3-12d,1.0997518677612115,-0.07235550947096187
a8feac25-62b,1.5961451774850746,0.009386797891813625
f6a25fd8-f7e,1.1865421735874695,-0.07809343060151513
48c0ec90-f5c,1.0570865936364051,-0.030891866081273478
2abd0c14-abf,1.0885898798965334,-0.05637991580054108
118a8f29-25d,1.4738820790492568,-0.08248469243609291
37795ab8-580,1.0685623362997019,-0.03422419327591586
19dea6dd-ac8,1.2946927678605225,-0.08194092733069624
abe6d248-63e,1.567224865766688,-0.047032325471028646
5016cc3f-627,1.640698578956635,-0.046277163668209165
a0c99f58-18d,1.3827420237585448,-0.05586645792732314
dd80f749-c29,1.997341552199613,-0.005562015034484391
035167f3-888,2.6755330384955966,-0.048750726824835944
832b2feb-709,1.3656338890741722,-0.07753613870393489
0c61cced-400,1.3703007062887407,-0.07170433519759739
045dc98c-839,1.8000814209633966,-0.0075480572145635305
c1e36716-17f,1.5074180101994124,-0.07580273042874935
dcd014e8-3db,1.125981265731744,-0.07818447843158866
bb2e9a02-b6b,1.2484020936706177,-0.06890939427208415
eb1249fb-99f,1.4904128676030053,-0.06560230126965266
9208bf03-2ef,1.3306922493624,0.0031523490066129867
ced5cd37-f99,1.8749894629264692,-0.07297927060843173
028ec23b-437,1.4336796041156206,-0.06384857538450717
8a2483db-f7b,1.5252458253268595,-0.05404290256290395
730764f7-300,1.135343913682762,-0.08563603892228983
c53b21ce-917,1.1703901742659781,-0.013788837799330933
f7d4beaf-d3e,1.230472655516257,-0.07927935477140918
5ee8665a-6ce,1.5544072957013024,-0.05910969026127605
fe79274a-5fc,1.4443549695581754,-0.054399528800886554
122895b8-9c4,1.8804667919676121,-0.016385543077302278
6dc41cca-308,1.282324571332002,-0.060860690758473335
99dccbab-471,1.5787079800814006,-0.057867548055993256
09265e2c-b8b,1.425665750042518,-0.08157876782292928
6649f5d2-71f,1.3996055163217294,-0.05946186096305589
3c0f67b2-a51,1.5827580802990155,-0.05564192613942426
9c1d4851-f84,1.1651727237026888,-0.06527047467913477
1130b4f9-878,1.4985845974100118,-0.07576929523384551
0d2b078a-363,1.7149652984697479,-0.0433372425802071
20126658-f73,1.383707393912367,-0.08366394977910235
b865d92f-8ee,1.509511935479298,-0.03692011320121846
e1cc4e1c-095,1.3627432878673373,-0.06772282180326139
e7d6af4a-9a8,7.145358638802694,0.0989452506370887
319f3ab7-176,1.3246382869461055,-0.05779475931352035
a5580f62-d5c,1.8764939208154028,-0.00894119748384814
d82622e9-2ae,1.252916632627767,-0.05540757464462159
4f266cef-797,1.594621920013736,-0.059578361068797214
ec8d030b-9b5,2.228410567574636,-0.045455672535551606
f8af4d45-88f,1.5349519001422296,-0.053808273785962535
8e48ae51-b07,1.4533571318265281,-0.002514228262906426
be15549c-b01,1.4438674033122707,-0.03759990954925552
df754af1-431,1.222412764460656,-0.05465805851509864
536bd748-afe,1.2598921655818338,-0.029016190199286418
ec0c55a0-137,1.4609747750098958,0.01747464280664701
3d78c321-6c3,1.5579810927985862,-0.033291868470562425
1c619c3d-20a,1.492386750775477,-0.05498161943988533
1e5a8927-481,1.3627855184982125,-0.0034328428911056252
57141aa5-ee5,1.5705621917674972,0.01692427739302782
9b743a10-3fa,1.5786179381823646,-0.01132977599330881
a937ae6f-5a9,1.322332149628457,-0.03753768838792254
26aac0b9-c1d,1.4687755099151438,0.02902758676954298
02bd0a7c-343,1.2235272728109292,0.004158246052319736
9c69c05b-212,2.040996221216869,-0.03417277926478002
5202e2a5-9e7,1.7227706786589083,-0.04011772589702095
d4908fb6-299,1.3803757188567507,-0.03859702282271171
3ad7123a-dc7,1.2482477725550092,-0.04799557530064419
77563bf9-a9d,1.2887846361339688,-0.00742215804403068
4534a3f7-ff5,1.9008043042949374,-0.053757581292903145
afe2f435-5d2,1.5432681243600679,-0.04332943074675294
0400494b-189,2.3422842804021933,-0.016197105939012524
cda21d4d-498,1.7247892112000942,-0.06550496969384223
99061b3a-7e9,1.2231849725564465,-0.039513844816847166
1b39ae40-185,2.3963413663667223,0.024988048153347986
5d0e24da-8d3,1.5190989231604326,-0.05850709127407655
dd2862d7-e78,1.9317215099785563,-0.017344499708796257
d9602883-746,1.8758812794952993,-0.02761418020003792
f07fe984-2ef,1.330886982028207,-0.008202914672292005
25d8873d-4d4,1.484318443589538,-0.05895991148789642
4e968fe4-16d,1.8369598439026011,-0.030784080812406023
58583fb0-66b,1.6282398839190477,-0.046303593114602526
cd7cdb2f-840,1.9532371312466843,-0.00038248307283172966
d682b83a-98d,1.4262862348359389,-0.044179218020598654
eeb38370-4ae,1.6070905972132095,-0.038112940447715904
524eabf9-ea8,1.5828576334636777,-0.019491352096112413
ae7f6745-295,1.3082459734997456,-0.017838149637558143
f160a306-8f0,1.426979298056619,0.01013886154472532
09a87b27-8c7,1.5913198572515999,-0.004843531214156038
3d548529-dd4,1.2998412124935645,-0.031110762066621334
63e7a693-078,1.423896746955472,-0.03214774256059311
8d2a0f28-568,1.6363157438001836,-0.03984145133663336
f92768e8-337,1.7471656865333156,0.013511506896929149
3134fbdd-1a4,1.8334959639604769,-0.026946121891398833
9e615cf0-338,1.6285002771999366,-0.055939388579118066
2893a22e-351,1.3355309199395748,-0.04034962256529312
f999f05a-9b3,1.7073505399498812,-0.017028556089363878
9d975a80-8bb,1.6007465284844786,-0.04779704928998085
6ccac0e2-c2f,1.6878522844837331,-0.04493102054038872
e502ec9d-18e,1.3874868844921007,0.012932823871144916
e4ea51bb-1fa,1.9860678659150863,-0.04349106775240874
c042b082-6b9,1.9913865321125206,-0.0027768436935656227
4502236b-cba,1.8426176684136015,-0.04183424828195942
7e1e592b-044,1.463922429899255,-0.05896159316366356
b3f04fc6-f28,2.0514493054153315,0.022507417371666727
34e002ec-159,1.5936928442845915,-0.02388166304136824
7bcfb4cd-794,1.4128307558772526,-0.0001762292310908964
bbcf18fc-18f,2.023560755701902,-0.042903510049155325
18266220-9d8,1.457292556788715,-0.029430618597635738
787c459c-238,1.5105569183259506,-0.05288892671966877
da02f6fa-18c,1.7220210869507637,-0.03179262376796155
b98ac9e3-540,1.6847981399004515,-0.061249666090775645
3deb6dc0-467,1.7648198730553997,-0.023268806111618745
9a061a32-88d,2.161933398656004,-0.026500143525982123
916688fd-e92,1.4209256075005108,-0.04890832155073144
74cddf63-c0e,1.773202778699473,-0.036966155111909926
b1ec01c0-ee9,1.531465123496136,0.00531771399228087
2c702809-46b,1.8050075770897667,-0.005773438808215237
376180d8-ffa,1.539081967097078,-0.02752784657833962
cfdb9229-159,1.463631238140292,-0.0012144039982581178
5b63eb4d-451,1.890452277625263,-0.04342773401020977
41c3b7de-d62,1.6216103794031105,-0.03689315513605196
94c6c311-8e8,1.5512485617104157,-0.03925633853677152
26641fa4-41b,1.805044634731943,-0.012537066324139368
c0c07703-d17,1.8133049487787407,-0.022503261992387447
28ff4b9e-29e,1.377974546307701,-0.051090198595476644
8fd185dd-ad0,1.6669614181833683,0.032744859648564106
289ad7aa-472,1.6973134599669875,-0.04063144927473106
52db91a4-a2c,1.6774434461954633,-0.03738262486717925
d66f32cb-ed1,1.4507929459120592,0.022368086645801588
142b0cf3-53c,1.7278150778291168,-0.036580697443522825
884b3c0f-177,7.445668946953403,0.17016081011183526
6a012cc3-323,1.5856913201520297,0.003554069234703583
b530df12-341,1.6356908439550755,-0.04371003946972862
f4881848-d5e,1.7228818361510394,-0.058600783279913304
5e03bd2c-809,1.4070527209465862,-0.0045487998031765176
09d0352a-fd5,1.6949742385982662,-0.05341457354168894
806e0c98-860,1.608923763773633,-0.019170975734129903
a783f7b8-e37,1.4009785509381754,0.04551917197480637
3875214a-655,1.3363259493758983,0.002136696105088265
7fe1a32d-233,1.6739619872941234,-0.0027683846175570737
501e0839-0fe,1.5795993345537076,-0.005691608711445251
a6dba291-4f4,1.6574181293625618,0.03619016795258034
e30cefee-e3b,1.4048661201955988,0.042983599371259174
8b0fcc7f-dbd,1.848103990491443,-0.0023910508024473365
378cfeea-8aa,1.3181085987246481,-0.04660130422392367
f4ac43fd-2a2,1.4958361758441894,0.030917193099966656
339a59b4-8b4,1.9480217542016294,-0.0053664768828414755
64b2d907-266,1.8434577862173487,-0.02525831752925939
10b8db6a-a7f,1.533176050252132,-0.0351081138570859
edca8fdc-3f2,1.4592995351221143,-0.018326383226812515
f55755aa-723,1.6647615943342062,-0.008410786759297129
840adfc9-3ca,1.4960782381216642,-0.02948239528881247
a19eb485-55b,1.6989854596061067,-0.004164050169977285
a8eaf513-9fe,1.9315097644267714,-0.0010529316447513426
89e4c39a-4a7,1.7160946210910348,-0.007442247342052122
b080dd4d-25c,1.7041491861112836,0.028061053393155677
e8d1509e-1da,1.3973648561718903,-0.0318762229799206
356be86e-b77,1.3311945144316273,-0.03389656860030388
2dcc105c-088,1.545553522201564,-0.018369758185500573
e94be8d4-a8a,1.4237791842220713,-0.01099094668614925
0e4bfd39-342,1.5208738597607394,-0.059286543510469636
6ba34abc-90d,1.8362803250577473,-0.009729849304183524
e8d0345c-e6a,1.943954841840692,-0.040329135078483236
08bbfb0a-4e7,2.183713784832472,-0.01237599084130675
e119057a-b30,1.3188473986220288,-0.043594934014571374
9d3aae71-006,2.1070676651161553,-0.00827995364891454
a6468bdb-d47,1.3980077708730763,-0.05027282571812175
cb78031f-bc5,1.3685586300036272,-0.02037021647789511
85e5cd0b-15f,1.6651814281644701,0.002605578175695733
3e1c8a3c-f34,2.0136353882843574,-0.019233049896978827
274c8b64-55d,2.1600105784020225,0.06752294806336312
cc014744-e04,1.9288789169254348,0.009477222314734135
9db1a242-522,1.6145736561582542,-0.020452834609163695
8c458397-eb3,1.8650933994247403,-0.0558564364192754
2b398b55-554,2.0939192144532806,0.04188840648837289
5d19b983-82e,1.969417149662089,0.041440994973923395
c4bf1c27-d45,1.5190404035017133,-0.058332863323487305
6b67d195-3c2,1.303797560142614,-0.03311309676671387
f5dff2fc-0dd,1.429500533880483,-0.031681827233368876
6cf14ab0-c8e,1.5793874022840995,-0.014932465497718261
426ede3c-21d,1.878850967653475,-0.02622366054076236
08d938d9-48f,1.9410601186381806,-0.029637958899205785
23d56470-333,1.0894190516739632,0.04461605454060358
a239682c-a01,1.2896549389505008,-0.02545857408178387
aab46b38-72a,1.2797075823540207,0.015235935635584563
eb4634d4-0da,1.3691793728124209,-0.022229812717522113
79b7e5db-294,2.1777890789130137,0.12364688228266785
400ecac0-2d8,1.5752739226431687,-0.04895874639191461
a72b63ad-303,1.3820870485052499,-0.03742042258610717
5b56f3d7-c61,1.5018844574414174,-0.014745146354185001
943b1053-35d,1.8072869813286903,-0.03520064298673947
0ff5b190-feb,1.3234574017318133,-0.014179825739743246
23b0fb08-572,1.304392287886067,-0.03710938975208378
219d0bed-e71,1.5970881096611378,-0.012495059187279889
afd13e8a-5cf,9.305866061614553,0.1660503524036816
c62dc351-527,1.5136870616004465,-0.043463492202641174
ce0682bb-76e,1.3319468499735856,-0.0553791249955457
84e3ce80-24c,1.4117007028234831,0.01404028362095433
6411f3bf-cb6,1.6421578921971913,-0.027543955850281465
fa2d19a4-421,2.3982847523417816,0.0986610213091248
9c079f7a-2a1,1.750699775824751,-0.051987735613328256
afaf52b1-7de,1.23050337348028,-0.034243837423411305
b8c7e554-6ff,1.4750370048387487,0.021347976650579636
b1de9e42-6f2,1.4031639849336845,-0.01777620750212855
6d577fc7-ff9,1.4800339708128396,-0.029593286768645866
8d613885-652,2.30056528426865,0.10043687769371834
4173f5fa-782,1.458672852010904,-0.024187221959711624
ee556e3b-24b,1.2994732187012417,-0.03842483545029102
7f8e98af-d40,1.2505071622300168,0.010640307078957023
7dba873a-a22,1.2671742964369406,-0.030931383447969474
8c9a3a37-5ea,1.847889315030469,-0.05515176484715778
6ee8f276-fd5,1.6811310813259261,0.11473585199462621
587bdcd7-7bd,1.6273752408136772,0.10627263722624958
17f00cec-8f0,1.4449928814505477,0.0076266581761655905
a010c7a5-760,1.7787735862388931,-0.038932907813950535
de829f12-08c,1.4861885560917982,0.011876079095732628
3a97198c-86c,1.9551454417665854,0.02483284586053569
75a26e7a-4f0,1.7842834375019323,0.0228280181353695
406a27ef-90f,1.9463953744053266,0.10371932497049263
1c402666-7fd,1.4613961732214862,-0.018924869245643572
de2ffc6c-d83,1.460158612150153,-0.012414971510990913
90220b5e-936,1.202963651262329,-0.03389173128612277
1752560f-f6a,1.2029647072426717,-0.05535310662624787
85f27614-65a,1.7860306585007204,-0.04008975593732117
964346b2-561,1.3917490651423041,-0.05034989092553804
14b3f57f-23f,2.1267919709660723,0.03499688450774874
0b7a559f-63d,2.4465259601293177,-0.016057711804456032
53365116-e36,1.2705314348479912,0.009726321443110364
a4d2523e-543,1.8643422085073917,-0.04851001353258011
7451ed84-e3e,1.2370216677705934,0.004528649194362133
82dffbdb-5db,1.545211324034293,-0.0350127391977581
5da1bcf0-c59,1.4913881609061166,-0.021801865984369007
3aebce8f-b41,1.1567310791763443,-0.013145497452214772
60c5ff85-acb,1.4077912751305521,-0.057719354374020426
ede82796-318,1.3468091122984929,-0.02942458263817871
fdc3dad0-5e0,1.1565679025349007,-0.04141729222517909
4382e595-9e8,1.394771014820993,-0.05710203128854224
81398717-859,1.2785523773577145,-0.023930995012372502
53fb433d-7c7,0.7208875519512287,0.07383982864163896
8d27b8fe-a45,1.509148004555065,-0.0545075049530756
3d40ef9e-16b,1.23314047536455,0.053581038910328505
7e161aed-04c,1.8091640274986007,-0.048786210838923816
e1b990aa-45e,0.790975910566083,0.056948567429802366
60a9f3be-bdd,1.7892318452134168,-0.034289986812158
ce17e95e-f10,1.4932662123465676,-0.05299113705788022
6548d062-443,1.7124613551588377,-0.035136779462068946
a9afd66d-38c,1.3132605919253126,-0.026537641585698102
b05b00dc-d6d,0.5355130265888197,0.09238404591198057
9e6aeb32-b7d,1.7432057235225893,0.005500324483133756
8048afc2-e39,1.3872927262187333,-0.04320709561994479
f13dd74b-209,1.5405400278669366,-0.052213960439442986
8da8a972-dfa,1.5077425748094238,-0.02840195347247937
4d923804-efc,0.532813449943426,0.054831386951334826
24a5cf12-d93,1.2216058505869283,-0.002454140092980117
841a3bb9-887,1.1676145834509575,-0.012713738567847521
ffa58256-355,1.5638878117822128,-0.03672426325312239
eda2dc48-9b7,2.0639045203967656,-0.0471753976230217
9091befc-86b,0.35080999462236867,0.05390981052335764
6f93c0d9-c9a,1.4102856645718282,-0.04875593008074075
f41b6a75-8b8,1.416359959759562,-0.022173884103931618
5b82f28b-150,0.3829010957597207,0.06340423698177788
c2a7716a-4f5,1.1711719264939693,-0.05143543082804508
a08aca8f-6df,0.5742580451128062,0.057494345784154355
370a28e5-abd,1.45828763993786,-0.027088538739788726
fffaf85a-8fe,0.9937665635570123,0.060100055308720535
52eb1f98-701,0.38957000776906625,0.04380555522643381
1252b781-a08,0.24623721155802517,0.07219009403281273
7459f72a-726,1.7999157571391418,-0.02807499151128856
f840642a-345,0.08880719747180105,0.06254856097896855
c1035d23-ab1,1.7551797345280957,-0.03990140361141664
4777b4cf-fdc,1.6343449067876499,-0.03446005646178418
95ca8ebb-b37,1.5173412288022294,-0.035142796050817104
68b855fc-5b2,1.6766606971003912,-0.008798915115204031
ccfe9199-0fb,0.41606323501612796,0.07631992489070627
d497839c-0c2,1.084252698421874,-0.05774332954990263
4f5cbfcb-3e4,1.5819609887308717,-0.036054653416238425
107f8f93-ca2,1.3703407389516937,-0.008338076839262243
22a777a7-cb3,0.4551528274051594,0.06788069023106824
2f7586c1-180,1.2506998368255466,-0.0015345580392329694
9cddfa1f-bd5,0.6283778455402023,0.07260966498039911
ec55f5e5-95b,1.9253877304923463,0.014170915021080921
b984b457-ebe,1.4016385686583541,-0.03049571366073678
42abaf7a-c10,0.5894161102678461,0.061820813831681254
8400631b-7f8,1.5586201059486295,-0.007321658604067249
3170bc1d-d5b,1.072447425232483,0.06039921086565392
ef8d741f-110,1.6360411146040827,0.1163374118509477
30ba7415-5f9,1.3191901440376421,-0.04879954319938351
2d3f3126-edf,0.37048200697443745,0.04854364553739465
eceac111-9d2,1.1938381594959433,0.060999895351297906
d0ef230b-108,0.42478881156088993,0.08854421375066457
f1c7384a-e9c,1.347676470609775,-0.009584380742816201
29e4340d-70c,1.016966900367632,0.0630451800463272
130b3f57-846,1.7821518334865343,-0.041922278897306264
bea1d546-a62,0.8479481374354139,0.05083056346162407
aae11726-aa2,1.520505608645876,0.07980238818012153
07278771-1d6,0.8986744192803291,0.07720839364874743
277c0b13-eaa,0.9292065856918155,0.04121813608605296
15292fdb-5c3,1.0632589181968,0.09774419406250079
4540e8bd-003,1.7517656317547488,0.07400065452477211
ae7c3fe9-a5c,1.542244972538017,-0.0066005274067263975
ec73c239-066,1.1515734575818384,-0.030477881248438143
e44e7d45-ee0,0.8146908929089243,0.05719066353843161
e2cc9f3e-c45,1.5160927272622502,-0.03767183006623759
3d204337-243,1.4973799547004285,-0.00560699948537724
2ac04ce0-873,1.01783088990157,0.0434724838620798
00cea0b9-168,1.7485223073755045,-0.03999423728769158
d9a7c8cc-7bc,1.555668321523787,-0.05716616860870266
70248f23-99e,1.2390049994979275,-0.03498785074442695
3ca5c8c4-148,0.8970661322396425,0.03564105514464211
9752bcf1-e28,1.140019239095329,-0.006007322580459218
4cb0f583-6a8,1.3037932811621027,-0.03826970361411536
dc1830f7-1a5,1.6462146475082848,-0.00621665569485369
40bd9521-746,1.2722865056435229,0.06182003989968954
b09cc287-893,1.0874038002141184,-0.06523746328369684
cc39996a-891,1.1724005123307968,-0.02984475686502369
70ee7718-612,1.369358408018229,-0.05102091725304336
d9f07150-861,1.4427504383533574,0.0658579008957425
47126f38-d30,0.7250409736663379,0.034418319065381175
a71f8091-9a9,1.1246073396217777,-0.006745471519595647
4fb75c25-0dc,1.8050940467315617,-0.056268865197678763
d76851f2-a3b,1.7976538202283656,0.06055326747047329
edd08ecd-b50,1.2581643658836075,0.059929289119868834
a6ab777a-e55,1.4255286972348156,0.05118726450114508
16eb0f8e-dc5,0.9173694000285281,0.024003219192225145
be97cc6d-8c6,1.3002510470391897,-0.058141875361875595
a224c882-872,0.9992719532298137,-0.04147400346716501
8a73b655-ace,1.8162065372705225,-0.054286025131363935
df14d25b-449,1.265830903217548,0.04931020798395469
09612418-c7d,1.7440654301235132,0.0588367978778106
6a4dfb6a-8c0,1.4763473076934013,-0.04429229793871009
b6448b9d-e86,1.236331038655926,0.0768470376701823
6d706a35-f2b,1.2447597216744701,0.04835197096506938
d1b1f47a-d77,1.2863021229567269,-0.0468398821601434
5259f6eb-0fe,0.6170974155833804,0.0780976887177619
729a38fc-aa2,1.8895067057787691,-0.032118919903740106
7d46db43-eac,1.509862747646607,-0.06925169469746473
89f6e73a-466,1.1449282084109436,-0.003315752190829635
92e316fd-ce0,1.0729175850652783,-0.031001219706757233
1f388988-710,1.3125691710846734,-0.06543672725784633
2e0db8e2-eac,1.138890053956484,0.0982375549995298
9a4be6cb-049,1.0214032209612058,-0.03653043897159697
bbde2f5c-755,1.301544694647456,-0.04859562916575788
f361ff8e-68b,1.4057645195838109,-0.027104204143949207
6c233010-d70,1.1672555812700847,-0.039691051618975126
0eb3e330-c49,8.443674467666337,0.10309825327097066
1489fee5-c51,1.0985689888362986,-0.0374894559088515
2cd2dd4a-713,1.5074135850850257,-0.03418153720818706
09cdcf60-e03,1.2552439716733708,-0.03253531486488542
3616d1a3-1c8,0.15816653733043606,0.08492679550117499
7e60c61f-59b,1.5592354434669715,0.06187075492527605
aa7f18c6-b4f,1.1994167325115521,-0.06140805777205033
aa3e2fc6-4d2,1.3392213985370893,-0.04406305608037475
53aae463-00b,1.1008121097057766,-0.06186475688368709
c85630a0-855,0.9912097328362225,-0.06893133646147293
798b4fd7-dda,0.27150157493103405,0.0455700988966955
24c99e74-7b2,1.199303343711548,-0.017101769454955174
39b020d2-e39,0.3930798771792501,0.07134445314175264
91c42a01-b52,1.3537870092053488,-0.005973981561256614
5afd6544-7ed,1.3268966044756667,-0.032308136133933296
3df701e6-937,1.5282855113427956,0.06485798687486599
3647fc5d-dfa,1.1482950150024345,-0.05962045646893366
6e769049-570,0.9608885535701271,-0.05600814737560239
3d3a87e2-307,1.4124176371362458,-0.04117950611346394
5fc3bd7a-127,1.2125467762230646,-0.028652835073435468
ccf2bd0a-87f,1.4227002538589981,-0.011348058213396461
62a2625e-2bb,1.4887054600905218,-0.06309218360806007
e1e48b26-2fd,1.0749958348750779,-0.06951062087321142
fb19cf1d-eba,1.4873155277423225,-0.04685059254126933
34e146c8-dcf,0.5572110941824409,0.047594709410451075
b265959b-536,1.07748639811348,-0.0566183728773888
8ecccdf5-db2,1.0864106901770527,0.051893416056927766
f0d52d54-39a,0.7312862444412773,0.05468745730868885
917dfd4b-e84,4.68694501784458,0.05940241868387208
7aa71975-ec7,1.8199381708374789,0.006213598537077036
bf655f95-7f2,1.769494165306944,-0.031161332704356837
9b1e93f1-597,1.2875830918234135,-0.04979311860180652
27d65d00-382,0.6257596887915085,0.05316175938562884
a4a88769-304,0.9781814325338581,0.07675303559551316
03bda6ac-284,1.3085217051069387,-0.02653660166008509
001776ce-2f1,1.192438423218837,-0.012092040545608806
4b8f3169-348,1.7040103658385162,0.07345502374663615
6744b24b-1a4,1.1050385866259058,-0.03551367500751601
1bfac9f3-ec2,0.9936797340392673,-0.0547871491892436
aaf3463f-7c4,1.0981860866997983,0.0798380792562502
51d4025c-176,6.27251967926659,0.09320404877693267
487467a6-4f1,1.3578173321222362,-0.03974767784387229
e490b499-c14,1.4364195707577994,-0.030753575487974527
9717f55c-fa2,1.061791541288916,-0.014138263160276221
9dfb0ef7-ee4,1.1414225320374252,0.03950778975122282
8e4560af-8c8,1.1973800956718637,-0.06353713693803498
aef216f6-9bb,0.7678815926351201,0.04243027741875305
cc7fd8be-a29,0.9070264512090565,-0.041558788331870655
2ece4c33-91f,0.747466198373731,0.035170216601754345
434365cb-7da,1.1950739656399818,-0.04818974851192964
52cbd0ec-be5,1.0646140431195206,-0.05047461174940121
81f51b50-d95,1.3833530184227272,-0.005728838154989591
d6378140-4f7,1.627043063082144,-0.03296877323526176
ae8caf71-279,1.1394732221321917,-0.03523033943322873
3001f20c-4c2,1.1532323831552325,-0.03934974018777648
2e50e81d-082,1.6293499042975763,0.007234711567759455
2b1eae6e-c0a,1.2044691574822672,0.04634626123343022
866404ee-b84,1.546116725566292,-0.05585924523416563
671abfb7-aea,1.0165553850096187,-0.011390036873750287
738a2eaf-d6e,0.9634167587162992,0.04579070093069426
50269178-f69,1.472122277969612,-0.0028476177915229828
761aebeb-714,1.2683417171795646,-0.043845467097858803
e8a5c5fe-055,3.168734330112595,0.10551406214496417
561ac065-a84,0.9880168757821362,-0.0559408854119392
d915674f-439,0.889855283599378,-0.04050454684958771
aff42612-038,1.7722742391906339,0.061251947177668464
c2a5a57a-a03,1.744148969268807,-0.036509587983894365
4e9aa531-47f,1.280068642681127,-0.031515504010430795
bafb2085-b59,1.727332574215094,0.0020491802424891237
996491d5-b18,1.1098595747159907,-0.05625751814247154
8fcb8a7e-5d9,1.035464795271707,-0.015236088213981869
babd4e1a-369,1.0669980121438383,-0.01315897977247571
36d18ac2-58f,1.1192390971218242,0.0450045242055932
f1754b01-438,1.0691841457290214,-0.0603608400676488
5fa8e37f-281,1.4078792139632799,-0.027373996181905558
902562d1-b1c,0.8048470585520726,0.053937812302687904
1e80c4db-dde,1.722734344145309,0.10419436973232898
3067cd4e-14e,1.1542729116183792,-0.0047958009137835655
cc241bf6-0b2,1.3545006190696602,-0.062439847006337534
e423e5e2-3d1,0.3143440225201306,0.0543514352195007
67b107ed-fef,1.6345895041053105,-0.03734110345149483
75c02d05-2ca,1.5766210609294908,-0.046003347223845525
7ab9af5b-ed5,0.4926096914372847,0.05330656440009718
0557b50c-489,1.5530734682092344,0.0016393840535702253
1394eef9-ad5,1.232738023113579,-0.05515938975647516
f56b5ed8-396,1.225234015090415,-0.04396063821646978
99bb7a58-a3b,2.000560380544509,-0.025383803507554648
19974de0-fcc,0.38850673467733343,0.05640508507019526
5fab678f-96d,1.0316354867742623,-0.058298044293430995
c6e14ccc-1ab,0.29381208715718266,0.04277179547068799
0ac93ed3-41e,1.4674419088801047,-0.03977789834089113
d84596b2-585,0.4317114437750443,0.019470499501856642
a3f1066d-7e2,1.1834332446614106,-0.06804735056137523
2045eae9-aad,1.0387891404630503,-0.05651832341937768
13a3fdea-279,1.5645502386480323,-0.05726732210167479
a9afd0d7-abc,0.8262716035816797,0.06880058658934562
9d5d9823-069,1.1696490226766805,-0.008151296025560084
ccda712c-4f3,0.2062687501854663,0.050535092111558044
91c83ac1-4a4,1.7581684226952534,-0.018353460448638503
3fd0aa0d-f1c,0.23943805995936362,0.013058214455485828
1fa8765e-050,0.3648060963256376,0.04712739583828851
b7b7cf8b-1ff,2.1795582935258633,0.08820044263560278
f8bc3734-77e,0.9372795371394377,-0.06269660927526821
fe503b3b-3b7,0.8997767819514546,-0.05297217796851339
2081503c-3e9,0.6804052098999906,0.05148808098924007
21526be4-8d0,0.6936407492912215,0.01412433211367281
5975e1df-35e,0.7069881019958112,0.06132461869767836
5225743d-c61,0.9488091616816607,-0.03274274572847041
5fa4daa9-e58,1.6595864641548275,-0.015135177882695916
a7560960-db4,1.1040516243537453,0.057456123214916444
e116fadf-201,1.5762543211805196,0.047885835625935846
5d1d1ad6-556,0.815956948346543,-0.020489965609837235
347038f4-213,1.621432261551936,0.06894401915717152
fec354c6-05b,0.9725891830130744,-0.04110720105070692
b912c3ec-d9f,0.8961154285580998,-0.05849511593242218
866594b3-e3a,0.9513419231153417,-0.06458033770382704
16b9056c-5b8,1.0038422402968936,-0.04639837696590127
46e4e101-564,1.024864850547737,-0.01728516667462232
5c893e12-11c,2.1242879851721144,0.11802778365193034
c5c2e632-dab,1.5678708686698306,0.0448634490100307
bc55268b-864,1.109769930947967,0.043089722025468236
6f2aefcf-dd8,0.9380122527497735,0.042105639053162336
7c72c9f6-042,1.1188419935286191,-0.07022666179708437
11b19866-9e1,0.8927288383359206,-0.060365743580179765
f17ef9dc-dd4,0.867754844119227,-0.0577979396390923
c952809d-ba9,1.2531875644192745,-0.02993717623098574
148942ad-0e0,1.180777686102967,-0.016399014362197206
8ece4a3c-272,1.613885049305138,-0.01951892914182396
167f2008-b05,1.0779930791755332,-0.06326302795550903
3bf3a58a-16d,1.2002518090676852,0.04249831819936034
231568b3-e7f,1.1774350850192903,-0.0340272198096252
44cb9ad3-be5,2.1354712813118346,0.023168115048122884
080f97cd-86d,0.8433247212787559,-0.07165684527682253
b2b15d81-bb5,1.0070800899760475,-0.04907439335191072
13c49b1c-401,0.9412399925503753,-0.04768077798438475
3e3659b6-826,1.0799829677386528,-0.0065835253940584315
441f9c1d-50d,1.886543019976107,-0.0058010752035344
73df0f74-6c5,1.7568696779171904,0.06354479801022739
2c0b9a56-65f,2.5596733367328732,0.15539908350336962
faae80a8-db6,0.8308079871619732,-0.028936276331742228
54f50e13-185,0.7861448425164841,-0.03393329493902181
a18b99f0-3ca,1.376021272170688,-0.0019006428673238873
57f0be30-884,0.7578644610356969,-0.06962844673033064
327db94b-71d,1.7979160298231296,-0.013667977472628323
7b5333aa-0db,1.5233038158891548,-0.03056590247833596
da22528b-025,0.9497682900014062,-0.05708223424725384
4bc08ffd-c2f,1.6329636404821428,-0.04686606490477824
e87c8787-c73,2.6776057778520093,0.08043057450060032
3491d550-2ef,0.7702394541148001,-0.0181280477137723
be32f767-c27,0.9922490663152347,-0.06699687482213124
452e1afa-942,1.4736273307932384,-0.041929530305354956
3ce59a1a-097,1.1103923923532237,-0.03469697241216013
34f1bb2d-d08,1.5915886409322506,-0.046971287993170185
a8c02de6-eb4,1.045149096515183,-0.06370356542901728
10e0c788-efe,1.1729434778960088,-0.03755684238342338
1125c4d7-5d7,1.0384440152403016,-0.030227012905162942
acd9df44-c48,1.2256158226153526,-0.011159730942753687
10bb9b9c-a22,1.146011649155767,-0.045836126372354846
04c3540a-f98,1.0677399492317683,-0.05640313843925693
0d149180-8da,1.1683374221141123,-0.07320785145387199
f4f48a2c-167,1.3094603111041305,-0.04787243869750524
31220805-097,1.3055658832587451,-0.06959841410648543
8f1fa49d-5f9,0.8487279123307163,-0.052409729671147154
0fe1aa88-c42,2.423777959336287,0.08192519704522017
76baf232-55a,2.330135932902354,0.1428423354942977
b6958dbd-4dd,0.9676026763411214,-0.04018947280252727
7f70c6a6-47b,0.9790283469803718,-0.03302661378145705
11cdec1b-630,0.735301466998966,-0.014312236207157325
d6e10fff-e54,4.516646100887879,0.09298309314127062
d0dcf7e7-d79,0.7559086729428284,-0.03465258379413522
9f87ef22-956,1.2657951962225782,-0.08656250502764984
17d9aec5-9ff,0.852544559017639,-0.05799515290948132
cbc9302e-0a6,0.8569541334816011,-0.04200592158820515
bba3c775-118,0.7272053550194815,-0.08517702084751977
08790e6a-e08,1.6041662957697187,-0.007798956953152969
686aeddd-771,0.7773982866700481,-0.06335075511929877
09383323-cad,1.4814982956425031,-0.060493268450841964
3c103cd8-5ba,1.2702232251314365,-0.07753512094212611
d6dfe4e8-78f,0.659322806478431,-0.04254646028074899
994a2615-51a,1.8711571194844758,0.014744744724319858
8fd31eca-f6c,0.6816937437747062,-0.07257643338326247
9ed1949e-d34,1.1895601416838715,-0.07663104204943622
1d4801bb-2ff,0.8888581753055582,-0.07366639443441564
a29780be-11f,1.1535093545980115,-0.05880068182818632
29556dd8-55c,1.074583695161436,-0.02387453695775338
af69e8d9-92a,1.1480167816430882,-0.05388970760195383
3d480cb4-3f7,0.89986233643392,-0.08114801122466592
3d0afcb6-c89,0.8887565511994884,-0.04194796163896297
ddc7f2eb-5f8,0.6559993804337911,-0.06028543352392157
618ee35e-851,0.8279132514683014,-0.05921663023458751
d496f458-c60,0.7666967280272965,-0.06986424163268568
3190bbd9-df9,0.8781298642823155,-0.08953534980269179
2e259936-5a3,1.009111882520001,-0.06729392019411129
82df6429-f7b,1.2372987346624056,-0.07926786718598267
5489ccd0-5d7,1.2213050511193773,-0.06919561806009983
b16d797d-036,0.9010544007167164,-0.056609028194440136
8016a471-e78,0.9615671473636493,0.00033790536958100414
c01471bf-2d3,1.1076738611654415,-0.037273059843110024
20b06e77-814,1.103834059624339,-0.057106536669826624
4af2f330-4bc,1.333166131882818,-0.0647740650345468
ff0ec279-52e,1.6522117233119797,0.14216379536371182
4e398786-f12,1.7451534920783902,-0.025713433681815
0ec662b8-9b2,1.063850177025337,-0.037558808557300205
d4cefacf-bb3,0.6444618813971128,-0.031582599936001876
8b9630de-5c7,0.640654806899915,-0.0710904249184387
75a685dd-05f,0.9985784587973757,-0.04625377757869947
bc5e9277-7e4,1.2704252442080657,-0.08432410297404996
5876413f-890,0.769914832951127,-0.08619646338752573
6f9a0258-49c,1.0052774261314474,-0.09272777868833293
7f1a3274-d14,1.238948942903054,-0.04592869255248211
d9f2f759-ad4,1.1643653035634887,-0.019918875246572876
caed2519-a16,0.7553275354225576,-0.04253838715097252
9ec6b7f7-206,0.656648328297176,-0.04023590051196052
9af2b992-e52,0.6788758118864672,-0.08648786460908325
9c0e86e7-f60,0.7141686297463259,-0.08460794823152334
d219a238-1f0,1.1842739694347,-0.020351304733610465
c004e08b-ed9,3.115763290404997,0.03754134107713858
1eddd30d-f1a,0.9931412556188796,-0.06838608644908045
0dcc373f-96e,1.1044413222068303,-0.03654202962930758
21b886ba-52c,0.9778415665083495,-0.07269492346377154
4da75f32-4a7,0.7226338248821689,-0.0789336483830354
a258f9d4-8f2,1.678872733983811,-0.05649336718680992
33e199f2-27a,1.5913592727132617,0.04771488013500824
62b33d52-e96,1.805947999527902,0.004399887211924414
6b5e0f08-a05,1.5900818472294453,-0.0692110644256167
f210af23-caf,0.6997657960778001,-0.04127035301490811
329c77e9-5fd,3.4599148009041008,0.024326909489445603
c6a0e1e8-83f,1.491763528488839,-0.06935880372159242
646fe957-c96,1.4258907156120177,-0.020659160451843406
98fdeb54-389,0.7423638431661796,-0.05771212559583794
c3609bc0-c6b,1.086370915084636,-0.06521871428670145
8816ccbd-ed1,1.502264943629917,-0.05726556275121836
d7fad113-412,4.032177819165764,0.09862030876131
0b17ee22-344,1.3527396583121567,0.049443899975284866
ea77b51c-8fa,0.5646055778183962,-0.08418151077611563
a98c9027-efa,0.8076356520386494,-0.05310303479921885
4e6d70f4-871,1.4950659579993093,-0.048588966245936394
e21b9934-76b,0.8245678424523066,-0.023034130668317332
0f118b23-118,0.5986814237349573,-0.06068090281159799
b262cd89-e0b,1.058516781125879,-0.06981794707657496
3e7ce466-458,0.9828267675877875,-0.03734913220654329
797c043b-551,0.6962187646630407,-0.055743517619714356
118f6fea-c3f,1.0457370164782271,-0.08856702593476468
f4d570c5-ac9,1.1920343628866255,0.013028658502603374
c0e20341-477,0.5031736265043896,-0.06100543256352936
e52d9bed-613,1.248890594816419,-0.06360680790197643
bc60cb08-c29,0.6136341745039762,-0.03967005789159361
74a2a1b3-98f,1.0254499436471596,-0.08221339940898748
cd33a147-395,1.225860557840098,-0.06763240291817119
f31767cc-2f4,0.5853333100460129,-0.028561677086878845
a69f685e-3b8,0.8901876669672444,-0.05683281933835571
b4fa13d7-87f,1.3544996069114563,-0.07394025547007432
b8d54504-338,1.1966481721485023,-0.05805500761176213
49f535a7-fa9,0.6820315206245597,-0.03298755770846751
579dd08a-1be,1.3037745781020746,0.05373534551842307
2326d1e7-7fb,1.074554922923854,-0.057777699582749587
f284b5ba-0d0,1.0884788736033546,-0.08567171354629433
04579300-46c,0.6920246041372995,-0.041448916630731636
73c3db2c-d74,0.5308118485845121,-0.08884363859238464
4dbf2655-173,1.248194272003533,-0.013457719046223449
9fcd8eff-bff,0.6571776607260011,-0.027179941652427153
3689549c-e1a,1.5680453668403522,-0.05067381475230187
a2f794bb-73f,0.6547346944385497,-0.027386871130844648
26527fb8-281,0.6918544800915634,-0.0641670829071847
5f1afba9-cf2,0.7484604014452139,-0.08154183962421296
b275b00f-ba0,0.8959411070551488,-0.07989864188971113
6b0083ab-014,0.5037180099492082,-0.061957209006157477
b6e8989c-442,0.9893485464771171,-0.08768048733629735
5cc6e332-411,1.0293086824117146,-0.08868932198621671
7f10d162-8d0,3.0411050482145283,0.050894358002509965
34957a58-997,0.7526001384004777,-0.06258703278489713
d2672e7e-46f,0.6308080096610191,-0.06218057027078927
1a1da79a-810,0.68732278584794,-0.05189938117818299
558da472-797,0.501621563084981,-0.040543787641890594
9275195f-830,0.7346254543891367,-0.0045763488517389095
6298875f-a0b,0.6265642746748139,-0.03870193843570907
e5367b04-549,0.7364101209632556,0.023310270658434606
41c54bba-65b,0.6879288154504994,-0.07425239248816379
8865e65f-788,0.7809790061003865,-0.055074305231190446
d7437dab-f5f,0.8848564110620472,-0.07716028393353996
fc0fde2c-8a3,0.6417197776627346,-0.08180575260635137
2297d87a-079,0.4501492337526202,-0.06182292898948466
0564ee9c-a75,1.0653107303031688,-0.03268264590900971
74c4035d-21a,0.8494194681902558,-0.034685514817147545
72497d8e-296,0.7444543606347788,-0.07705656372396863
ab4fb7ec-5d3,0.8943825359340901,-0.08183068574571278
4b134d54-c9a,1.1442170345508886,-0.027608337116654114
5be96db9-316,0.8568083577797008,-0.0025224811679006587
3b733ecc-3f9,0.5557772716075872,-0.08167933142963085
8914520e-98f,0.6027675325456352,-0.07860109159906559
78cd672b-2d9,0.9742228235096089,0.06890005111718467
6c94b28e-b80,0.35710697362989813,-0.05064981829218751
810cc82c-020,0.36964785896741037,-0.06989919452662524
d5c96f54-c03,0.47833837300829923,-0.0822224540895235
a8720d87-a23,0.8006730372230604,-0.038947562436117245
2c22bada-866,0.9343783877513483,-0.00945684967799737
119ec5a5-f40,1.0660638433211371,-0.014684968656208164
d847d9ee-886,1.7124351707837073,0.10981539379743388
9f308010-f1c,0.36952867020022506,-0.036579178246506916
db5485e8-d04,0.6307067952665026,-0.057512778834312384
eecba0f1-06c,1.5449485399631202,-0.01356779785696971
b2a2b72e-329,1.0300937076627756,-0.001040456011985158
d80a92dc-14f,0.8972755511765159,-0.08937369545544732
59d5d0a5-983,0.6706974742220712,-0.05971813338840776
3a9bf1cf-cf6,0.6995874990783666,-0.04795145769280157
f8e6e97a-431,0.7956326291658642,-0.03489049638624442
45701ff7-539,2.861368299524441,0.002183187323042346
2a659bc0-97e,0.8233274721382113,-0.0705848828140207
c44dc374-7d7,1.1122396807713528,-0.033485536413850214
e7504fb5-ca5,0.894367986003373,0.030714665711476852
2884b857-e45,1.4576501546067397,0.058517886341844516
cffd0a0c-1f7,0.8310292231747856,0.010757885405118461
58037e0a-528,1.6456703370656347,0.0037448682677754253
08836453-23a,0.5336753318548512,-0.061822866934097886
9ce333a7-f39,0.9312596653102905,0.021125319692245736
b56e04d3-016,1.0012490773642209,-0.028594096112690703
52291e4f-763,0.9625516633063513,-0.05603215162961006
8af4305b-d76,0.3349637197677191,-0.01335819295475188
4fb7dad6-1ef,0.7888490446832718,-0.0564910827537588
1f6f4880-62a,0.5917519521340586,-0.060037663043314426
1e38196f-5f9,0.29612674439028264,-0.008898106617004464
3ae7527c-fb5,0.5335392341100809,-0.08639651669731585
09be6bce-fa9,0.8747443971214331,-0.07196685357403393
70190e1f-d80,0.44422899675082733,-0.07719194626465781
c9339d83-a8d,0.39888558452005746,-0.05931678554822345
9f2bcd77-dfc,0.4947395026874679,-0.04432763237142956
bf9dee90-1f9,0.6128062720640219,-0.0011378743807393676
bcd13a99-9a4,0.5766991064527647,-0.03395270406512341
3510ae92-b60,1.0681199526370264,-0.05751201321636451
e01fe5b0-f54,0.39107327298459127,-0.05546553361330969
1763adc3-f60,0.48211660469324524,-0.03594261096954715
b5e10f8c-e8c,0.5162327049483971,-0.008495164289801183
c07685df-bef,0.5437678453620828,-0.038707133090501666
3f0a4d95-633,0.5650853318811319,-0.07642433053096187
786f9199-5ce,1.0312602708597596,0.044808463781610186
c9781f0f-eae,0.6213840099218451,-0.08769412596535514
8765ae43-dbb,0.4505391632869232,-0.03773263927357601
e8e62b06-376,0.9615288643272033,-0.0490639093618494
894b62ce-bad,0.9880787640941635,-0.07151531230878039
567c005a-e8c,0.8101911994148356,-0.07688779233726195
69441079-863,0.48849470883844803,-0.057048207510470295
ba04f713-66d,0.6867766508160023,-0.045028949943855145
9dfb0721-76c,0.6997081679505096,-0.07181483253580817
8967878f-dc6,0.9267626729595618,-0.014299015940998583
326ccafd-00f,2.390079966071851,0.050794470248130774
21c595c8-314,1.0545842331719193,-0.04870474518438195
cf31578c-510,0.2401274883184409,-0.0715524042079056
a83ee982-53c,0.5206852202146497,-0.08537591538205047
9fec06e5-8ab,1.4356049537805733,0.0014397108776750267
ffa105ba-fcf,0.6337369113183393,-0.030908079120345155
6eea25ea-cd2,0.4234996867885019,-0.06561220911826349
fb00f97a-3cf,0.5678575307376381,-0.06403885379034174
5706a62f-307,1.1343813612366844,-0.017782489374231658
46267737-f60,0.5195294335127094,-0.05432182261123991
0f0e5d47-c33,1.2273821317017948,-0.02533498929958855
f3f0315c-a2b,0.9590611563006926,0.014172359239019272
55e4b7a1-cd2,0.24579787714260848,-0.05585325322194079
4c00e9f5-0b6,0.5415740135473602,-0.06280876150716269
a56a8495-1bd,0.43647236839203546,-0.03230441902940373
304590ef-9cd,0.5646696755614665,-0.05548851707668945
86b627b7-479,0.5095197325436911,-0.033436361517116486
d79c9c75-810,0.5548072951689028,-0.0367952075546783
dbfbb0e2-b85,0.882577300969656,-0.026034095890619946
5096ceb3-22c,0.3238656421824443,0.004298387800288905
ca7c650e-482,0.7168408327286184,-0.07097508030147587
5d65604d-b99,0.6100377037646407,-0.06943360750943206
309d7fa1-781,1.0625911197496467,-0.06322830103596433
4ea181da-527,0.38000979763664144,-0.06010698808722509
e0943485-5d4,0.5708558652165685,-0.06906122326090047
8c0dfa37-94b,1.0275246179327864,-0.06702850072743294
267678c4-627,0.6229220455367233,-0.04915793022009507
f2ea7f88-cd9,0.7312057069684247,-0.07472422040062848
4724c2e6-6e6,1.31709596818888,-0.013251936559193322
a1c95d0f-180,0.8022350221916247,-0.054055808505469316
9217b991-cf9,0.9597962878534065,-0.05979567297223065
9d2176cd-654,0.8712196827873688,-0.07099731737339854
13e4e9a6-b6e,0.3689592570227952,-0.05193544831833491
fc3ff588-bbd,1.1678445342664785,0.02731383666432874
911d4566-e4b,1.3774618006122166,0.010063252602235173
03387b7a-e7e,0.5730032916547076,-0.0672268217135451
ee00a030-a12,0.333723375199235,-0.03863564184217616
5133b89b-eae,0.278193659752203,-0.04917405965852306
69408f0a-bf4,0.7669855624623818,-0.028773978198554206
c1dfe223-713,0.3600534246105112,-0.05382028246271625
94a09d95-88f,0.5199105133467213,0.008177986290306527
15609542-bd0,0.596144103323013,-0.08545792535268437
69b2e174-969,0.20811487410390994,-0.04441772564596114
10b18359-87f,0.29568945915410794,-0.0809404179568683
faca2d8d-742,0.9766953313774525,-0.001500518438595555
4f9c4f7c-7ab,0.21623955355991192,-0.030167453169795966
d9df3f7d-550,0.4538911823035817,-0.037778082735769436
9ea98aad-788,1.7657529083327388,-0.018539281247277883
76a7dc9e-47e,0.421127365029499,-0.06453790209387733
4cb23676-681,0.5215445804323147,-0.059256624771527266
47c651ca-038,0.6187852059561564,-0.0600469444273824
0687463f-b0f,0.617845175132977,0.02531548978144471
7035fcd3-3d1,0.4157168352306203,-0.0822514617114482
bb00bdcc-642,0.33876753721681907,-0.06572579493403258
baeda537-897,0.2961423875015161,-0.027782322898475764
e82406b6-57e,0.27787712421902566,-0.05636844876227942
70b20c48-131,0.7975608727670075,-0.06934630878263931
519fdd96-112,0.17847586872921112,-0.08064420196483763
95a57a3c-d99,0.4819736572176938,-0.04523554571739635
df1fb48d-361,0.7769050661122441,-0.022276926888013027
19c505c9-558,0.7583463449988144,-0.06000478981831309
59dbc35f-65b,0.6924097396311424,-0.05569432817028397
3f298030-aa4,0.35817587710812776,-0.07367169703360765
67bdcbfb-5d2,0.7039953129065157,-0.0031370374738740048
6043159e-90d,0.24663162127300925,-0.040089592616910974
b47f2b7d-377,0.8593428836436157,-0.01283469872273263
4e244d52-880,0.17842838144165687,-0.03836685840830256
1c496cc4-bff,0.15047496901497182,-0.0705976838483473
04907317-36a,0.3382403732852793,-0.06787914011888907
9e55f4d7-8f7,0.19366683968039222,-0.0787460198176515
26bd58a7-d29,0.7590860794649334,-0.05978463951510904
f4ff2927-887,0.12843263570649635,-0.0682580298964725
80a17f16-e77,1.5303305711516386,0.10079306406598487
d7ad281b-ac0,0.8343253433652504,0.03554643506695754
de4e91ed-a92,0.5603492057730777,-0.07280224634850907
a0d92493-ba4,0.32603301749382396,-0.09548450188565127
e7e55aa6-17f,0.43598544341275397,-0.06883660660195368
975b505b-354,0.31250486984411535,-0.031576056461388
54ad4b0b-5a0,0.28352258624964755,-0.03660608538502941
e1a7f7af-5d3,0.34798058565529577,-0.07112350488715435
d33420d5-934,0.755902958398124,-0.027570485856123705
63ac9e61-a66,1.5334510641587589,0.03828916131389892
c4a2b7cb-cad,0.5080380342370203,-0.08835699804177993
62186227-217,1.2352816453902544,-0.0006266254541558713
a00e8e67-b81,0.7534323268426031,-0.013816938619478802
2c683832-b42,1.7302678255259731,-0.02918518995258451
4a74490e-42c,0.4235089639707499,-0.07756859276513034
11c41ffe-780,0.4150815578534386,-0.06188285066380239
00411c08-21a,0.23398206792972814,-0.0730113645869912
7bc180fa-37d,0.14588653214594494,-0.06324348875550928
ba9b66d2-58e,0.5447133457161388,-0.057847266541332765
24595c99-cf5,0.4185718316052489,-0.054471875806026804
b24b790c-cf0,0.11505628990837705,0.06849724696466408
e189d2ba-e2e,0.3872432202248289,-0.06159919144307652
ef4573a1-eb6,1.2444993617945876,0.06692849534562462
24ea9164-984,0.12370787382432043,-0.05966347471551575
9d5c1e8c-472,0.3339961972141496,-0.06063766733184145
0f6573aa-41e,0.856046810919832,-0.05120029124343356
a7eff5fa-89b,1.3396882726088646,-0.018062904333997987
0defcc07-a71,0.6171402277007253,-0.015300568090721278
aa51b47f-f29,0.16856779727708843,-0.06122404094280959
d8b5de4d-a63,1.3914629697323673,0.018258823896018073
1197e9bd-26d,0.3132608296986608,0.029121365610701666
ff832f8c-de5,0.9245857508110054,-0.06094511986088241
42af5ab0-b5c,0.06792843815200407,-0.09157581708140416
889ed4b9-cd1,0.7409412749075237,0.07844699675562061
534837b2-378,0.4794253343084183,-0.025682416007885567
5b7b860a-8b0,0.10444162716907467,-0.04045007488418817
85c8b414-2e7,0.5858164952918499,-0.021351314818199796
dabee2bb-860,0.030260431951954544,-0.06305403271217525
23c011fa-ff8,0.3150605156665419,-0.0732336134592304
8ffb2a74-5a1,0.34838508980498284,-0.02675227151590326
ee369ae6-b5c,0.34448514395093044,-0.06448331050175005
a53b831e-302,0.1449808971164499,-0.06758451905048879
ae82aad0-e28,0.3460507694453001,-0.05255708923342711
cda4551c-dc3,0.14785173554391856,-0.0702712209189385
0bde3b37-a7f,0.3863800832139379,-0.040242402538310074
8532f388-7fd,1.1051657495098812,-0.04390290341708264
0fdb5951-1e6,0.20811977369892415,0.010456588149098223
56f31371-ab5,0.29640229176933675,-0.053273856255257046
16fc0b10-917,0.5153897798936607,-0.05660681654963079
8e6090d5-03e,1.2134226755524962,0.013774794178642025
e6c5785b-3d3,0.36093463368768347,-0.08065467015792716
19d034f9-dfc,0.28503487777173964,-0.08407874631188578
80ba8d36-f60,0.13227566387848974,-0.06432035276933085
a1c1a4f7-1be,2.0183577557562025,0.01543856600557203
23278bba-00b,0.3562235038784557,-0.044033131331356334
c2186402-384,0.07384564423923598,-0.042060440874801375
97976cfa-3c7,0.09223020542033697,-0.07137512601705276
9be6cd61-2ff,0.6350113344876975,-0.02833586920820652
50f3c2bc-b3d,0.16519475216013296,-0.03467644459505531
b47ad474-99a,0.42706314591767836,-0.05879167820789688
8a69755f-45f,1.4551268059805889,0.08369336674400829
7804e527-8c9,0.5275523608719601,0.010286987831925942
9266ce75-8c1,1.6954383801767707,-0.00948635289173183
983a48b8-3fd,0.03338735347146064,-0.07123040049729107
a2be4ace-d9b,0.7116197036658864,-0.014108758024643286
8165bfee-a5a,0.3928909722387976,-0.07558549280216914
133dcbe7-db2,1.7700935544834029,0.002470907648853382
8023da6d-673,0.3234821309685468,-0.061294950133421955
8339d07a-211,0.43390621647150707,-0.017991143167585155
4d05e211-85c,0.31072290108090633,-0.07596228730453308
b0c547ae-5b6,0.5060433164139954,0.005720171574395971
e585d63a-eed,0.590089038292563,-0.029211021715007335
0eff22e1-0c7,0.03408320200423144,-0.0355691241851675
40ad79a0-04c,0.5707015696040862,-0.0013196296751820102
b8c51603-fa6,2.200142272983138,0.014545265076847724
01d016f4-f1a,0.9424277374215897,-0.05453974241841569
2f770f97-4b8,0.4659751069633582,0.05315433084645915
9a3a8d6f-01b,0.3041570589093254,-0.06908318608390024
95d50aae-6a6,0.5295918096762786,-0.03182280532568893
1918bb71-88d,0.17886381861643358,-0.07695118686644514
1dc01717-df3,0.09986625342626827,-0.0380446988512515
25af1be0-506,0.8204712152197152,-0.037046416582063646
92942f67-63f,0.20925747075523884,-0.029998666862202095
01423a21-ee3,0.24418214060432655,-0.09333594261768385
6bfaafc1-df8,0.5032676207963246,0.007697177029430069
a7c778d9-4b6,0.246211933637561,-0.07697640351453755
18b641a4-999,0.47850891711355437,-0.047808215903691886
bf9722a5-5cc,0.5398728539825515,-0.08395175152105216
a59b49d5-edc,1.0130235167032116,-0.0211766229471701
f0ff0032-1dc,0.8515697224004618,-0.023210773911468974
b58bc650-764,0.6459437914103943,-0.06625002116849271
12b2ba83-b9c,1.5002092830302898,0.020641831934157806
7fa79569-f0e,1.0009720619855924,-0.011610160541924042
3420ccec-ef8,0.08385581325179749,-0.04582923038647252
08b3e490-531,0.48608670519700325,-0.05362763483562083
3c087e3e-ed4,0.1021303859454661,-0.05986040829403
7ab1d6a3-974,0.41171590932304836,-0.04938460090090885
2d278a19-80a,0.4841535843969266,-0.08070770723573789
3b251cc6-45c,0.08214939349374206,-0.05491519784027543
aa308ecd-2e0,0.5184437904423468,-0.04900792312505059
006341bb-167,1.5651592246128887,-0.0023271325312229085
52bd4aae-c19,0.5520740376127935,-0.06363852817739074
8ac0fd0a-11c,0.3949397148303101,0.14093826785267916
5bac90ab-624,0.6303114370382088,-0.07673079622416767
7809301e-d7d,0.9081553798445469,-0.026782915833859444
43737e81-8b0,0.30091400065307583,-0.06228742191513986
d8b23fff-462,0.34823422088104006,-0.04856948274570583
f5812c2c-a89,0.18363873666502978,-0.043140631517320505
44d5e698-233,0.34727026169279834,-0.085074232588081
c1de3a6d-1ba,0.09313844574605543,-0.0831672980762937
0f2dc773-9a4,0.9009414992645324,-0.0328365973083769
9f94fb6d-891,0.4818049644785718,-0.030142481790852327
c0bedf54-c28,1.5620939231764037,0.033774375479333485
a6c81a8a-cf0,0.5906198687200216,-0.013974123624120705
fd88c86d-06a,0.4240407440818233,-0.07618128813709663
9cf1640b-32f,1.5442731934947858,0.0488436963570098
718d4805-314,1.0945840155616455,0.0555797972248091
4e74c448-cfd,0.7140315365277974,-0.026170477522553026
04c27c9b-b46,0.43996006388425063,-0.0852488826624857
9607b507-64c,0.7685337606158461,-0.04749837039052618
ddecbc5c-612,0.11290533119703905,-0.07240208341461768
75c1dea6-0e8,0.14541514452739104,-0.03576529468354861
308c4a6c-b46,0.04973168514939651,-0.07147261466746196
96bfc1af-763,0.2739588065766182,-0.018052070446937074
43ecae33-97c,0.38518834834036253,-0.05605264782606023
11c29f3a-c85,0.8304323543919182,-0.008060174470368053
41e120ec-d0c,0.2564705366485325,-0.05454359825054428
66912cea-41c,0.5141528229454947,-0.08315345415386005
ca7dc42e-164,0.7465102112952936,0.03172145645989077
a12cf1f5-e52,0.2978391059668249,0.012018551689582546
c8e1cba4-061,0.41205716910839185,-0.017454904587035525
3fcc3505-3b1,0.8270013667292211,0.041345912676723384
0e102363-b28,0.2692990431414237,-0.07936215537211677
782716ba-427,0.19819249311327192,-0.0676315440770453
057f0702-945,1.2986114296114764,0.02167773604538703
1727c70a-53d,0.43810008780321125,-0.04712453044550513
0bd0150c-fdb,0.25509100078886704,0.12043062264863291
e38d28f8-d5c,0.8393084449054415,-0.06716040724574762
a5342c33-258,0.13686677547848036,-0.04348236770576769
711a57f4-02c,0.8908090308243312,-0.007677661375569522
03bbb517-644,0.6944424698407122,-0.02604064246504395
a27aebf5-a17,0.6107900364457657,-0.06017949493560565
911814e4-4d2,1.4892331897576891,0.01320503921896965
5f972eae-971,1.2539007471812837,0.11083814347172727
91431b91-9a4,0.8025225675200349,0.02110928154756042
03bf0502-0d6,0.8382735758990413,-0.0702576999847338
deb2e415-3b9,0.6754253458781335,-0.060599477651333666
4b1d1f5e-2bd,0.4602904032044384,-0.09054476071773893
ad14b27f-529,1.1770201480066143,-0.009895295435539575
96907277-f4e,0.15578691753827736,-0.06213775226932211
4952d092-aec,1.287070424571322,-0.03656093337217958
be4afbfd-2e2,1.1203912565572165,-0.009810261584669522
9fdd466c-441,0.17154220141375554,-0.05369590389756701
9b29eac5-bf7,0.7157528494874908,-0.008198509775411922
7d2747db-e5d,1.3549220837769402,-0.008054781104723296
8796f440-f3b,0.4741021422815259,0.009121339268342576
71638583-526,1.1446606109847581,0.008558002281964017
bc2825bc-463,0.15846071142622078,-0.08302919777275058
ad123eef-4ca,0.7144463043024779,-0.08620982566072016
bf3f6299-40f,0.7901808658361071,0.006186060963614848
2c9c5030-a3d,0.6802708079294904,0.09634776473822404
eea7ab7a-a5f,0.2018524093231237,-0.08661045146209245
13528608-011,0.10996342957708916,0.14738227919657965
864f1d91-6e3,1.2187165796444648,0.03814692563851907
d40ff8fc-12d,0.3400260014440997,-0.07518824376253314
c866df97-7cc,0.45656029479723603,-0.06390835513738674
7edc178a-ee7,0.5013830952565523,-0.08636809280459812
a4fe599b-1bf,0.27005641996430163,-0.06470609376593484
4583ac98-735,0.6449060173606943,-0.031164823148406517
d796da08-140,0.17245831769376901,-0.07225769786570968
23ab987b-cd4,0.4017841482393107,-0.033672534971502965
5df057bc-a26,0.47420835614603496,-0.076743574623794
a6993db3-c40,0.48626566261395876,-0.057161519441650044
91136c0f-209,0.6897742655388226,-0.07950387554407207
f653bb07-d4b,0.5260696170845793,-0.08128243314063821
58b969da-bac,1.954842914739261,0.09525132516226431
d15d47aa-391,1.4979407963371019,0.009421911315351306
d51ae648-773,0.9931895544062361,0.055034556086476116
32756e7a-5de,1.8743631918819164,0.05013269140315457
492097e9-0e9,0.6581642065210614,-0.02043651788395301
2e2de904-3b9,1.3088343076422277,0.017677797088017755
e97cef94-851,0.9736457785969281,-0.06301776099028122
3c5b1c91-bdb,0.42650085488402617,-0.024708022216270553
009eafde-059,0.299543989516246,-0.08038340209825756
8c384a17-1bc,0.7326455317456471,-0.07682904623285997
e70f1afa-fa3,1.3671495287609503,0.022017973669860913
bd6fa5d5-bca,1.3418614166679088,0.09230230842506548
140b5dd9-004,1.0173337312655255,0.04176738714862194
1d4f23ff-c41,0.3408907010565693,-0.08536121495166388
ed699126-84c,0.7367181828331711,-0.018822428978556516
314ddaa5-6ed,0.7338231846959233,-0.0854063261435401
844d165f-c86,0.3712868624067029,-0.056583612872245836
4c5ca088-589,0.803846933863855,-0.07195800568191107
84cb8879-a01,1.32107931227043,-0.009416953382741733
cf0b4efb-79f,0.8465488591146944,-0.06550622306256809
6d1bd341-3cc,0.4808082018864238,-0.06262168182368005
5a2585fc-32a,0.8877670793197401,0.027303763449472385
11facd8c-fad,0.6341045163690263,-0.05813555285264088
1c3a442a-7e2,0.3951456686473239,-0.09311974053073263
581bb5e6-c87,0.2738596334177337,-0.07115302458041728
54990f2e-ba9,0.5331948830574054,-0.07061302216032112
e0a24db0-07f,0.941216913524688,-0.0053960946431517165
ab961fe1-7de,0.6062368813271264,0.05017507367747753
6377a9f3-8ad,0.7584179712501056,-0.06271889118094365
fa44ba00-fa0,0.9937354032514621,0.048904308045578104
36fea429-f23,1.6398267418156358,0.06288189647510745
7ae6e9af-8d9,0.5621925380739331,-0.08224630138972433
40a9a3bb-682,0.4392306890665497,-0.06328495906807269
e785bf93-71d,0.8777875455779374,-0.039459039947417174
53fe6213-2f4,0.30265377741506183,-0.03692855601204503
b1a15ac4-79c,1.1289407080941172,0.03820353541529109
ea7e5e89-6f4,0.5526423938815251,-0.04212289408352876
b010b3e1-9f4,0.5951700745192694,-0.08703068102311473
5edce433-0bc,0.6453349123432455,0.04628788428518893
65dc4512-ddc,0.6551328719945873,0.04639448750745745
19636460-d24,0.28983973740305763,0.02270264243097364
70530dd7-778,1.1788700902341283,0.06614090572878695
e4227b48-b3a,1.2246440041378086,-0.005408964064839039
3e567473-3af,0.23614221183338424,-0.09158986122384533
c6abeed5-7eb,0.7291239910477657,-0.06132707471400328
52cee7a4-cbe,0.5579632063626639,-0.037202331786518494
cc859cce-77f,0.48906708920049546,-0.08739624774970012
1040ad8e-259,0.6405707569238346,-0.08319591587846237
6892d052-a1d,0.7827011748214011,0.04163937967198539
d90236eb-f2c,1.162103899906984,-0.0066402304885376795
58907f99-fd5,0.6919849158113545,-0.08628556032684243
2d677d54-fb6,0.9514791736514221,-0.08271554813152865
0518476d-0bb,1.42173724984925,0.08128648100078517
82159301-c51,0.8202796221521613,-0.001857933046323923
04384f62-351,1.1110757508696611,-0.010581636914228754
9ac19759-32a,0.27958111405455666,0.017071847168976584
fa2d539c-549,0.17968073247745825,0.1619673311491453
06a977de-bdf,0.4729698079190047,0.06280391223194726
812b4cd9-a7a,0.2917533278035862,-0.058210005594792336
9174aa0f-cd5,1.1096168366656673,-0.017121831502842244
95ba520f-1e6,0.8703136397879461,0.0380121616647493
665ed415-960,0.6139698172894728,0.03357842054305993
1f2bfc16-919,0.8896967781503748,-0.08276058337256414
9ad17d4e-261,0.8268252015843442,-0.035427134301568686
38c3c80c-86e,0.4607101675914176,-0.02632443994530359
e5f3324f-8f2,0.446761111732217,-0.07971354839197115
a8b4bd3a-818,0.7848082115549875,-0.08557736728652687
ee61e8db-aff,0.5665056662008153,-0.05733206782377026
2b8acda6-688,0.06713765221965287,0.04440370702892149
b0ef3131-bdf,0.6501549986917031,0.014907197898463398
3dffcf80-889,0.6481317284021118,-0.06276165812436135
d9658d22-6ef,0.2340752342091346,0.05876167083346262
7c4ff95c-319,0.6959657618750595,-0.001094096651315879
b5764ae5-ada,0.17813986685713235,-0.0300902434079533
d57044cc-875,0.40268597957271635,-0.08493213777187791
2dd12abb-117,1.0069496796154875,-0.03726275401617829
e4b704fc-2ce,0.6326864289224527,-0.06988012286940848
99942189-f54,0.8571908234055452,-0.057070869941293956
a242f7d2-0c6,0.294613015352391,0.036320447907745024
1a52d9d0-2e0,0.7851601887592914,-0.025464739097331823
afbba088-58f,0.3117366745151616,-0.02909295276257967
8a3e088c-1ae,0.40717564292069797,-0.059505498778741506
341ef8e5-83c,0.7272588134376328,-0.0718276795459411
61053b7e-dc2,0.6840362151080663,-0.06776844161469808
47b15425-355,1.239425758671696,-0.0027237301440208306
4f12fa56-985,0.1398949060224923,0.03862211400962812
4fdb4eed-ff0,0.33214877780870716,0.009154483650792633
ab750650-808,0.41822763816359804,-0.06202711488063645
9cec044f-3e4,0.5861376730793237,-0.02715768234034932
a226dc80-f7b,0.43815326622096085,-0.08712184253435884
7e0dccb7-66e,0.5430218434425504,-0.046931094660430384
2e89726c-189,0.554523719810268,0.01744005497450407
de70207a-2ab,0.44935477440002836,-0.06091423040731131
88644f86-15b,0.3621686448409009,-0.07656291206846683
775cd3f5-b0f,0.6945804975344343,-0.029492850346701238
1aa7769b-b76,0.5582469889062985,0.04720470565770052
4f76eb15-300,0.6321382449253187,0.05104730522579881
f7029b65-8c6,1.3230676721568233,-0.015478736855913444
081cd5c3-2fd,1.299614873632449,0.04065749808126318
216ff141-5a9,0.6415888057712159,0.004370024855628318
7c4809e0-dde,0.7607543628674893,-0.06889335808619695
a8e6440e-2fb,0.6321860751427375,-0.08617640612715505
c61fdbed-645,1.7050342044324254,-0.007530038568892672
f39ae44d-ade,0.41505196730847044,-0.07419621932113424
eee3088b-c69,0.6875900759740756,0.0350399546723158
10cf48fd-b4c,0.7885176888481236,-0.0881036871594113
0bbf431c-15b,1.1305623188874643,0.03919101752434795
1e4f75d1-510,0.33902688575107937,-0.08992514118781736
6f26683a-cdb,0.7980016009809004,0.03351977351782265
71268fc5-f77,0.4225440715704396,-0.04270965186232967
f975c12d-be5,0.890585023066312,-0.08365324307069089
50e96c3d-af5,1.372765160199873,0.00856125996189061
7cd131e0-e5f,0.8812457551845007,0.016915297374318294
804094f7-91c,1.1740663892475063,-0.06998344286403235
2b8c3c53-768,0.9227002081619298,0.0408676653104878
19aa2946-259,0.9679697914347605,-0.05514766527914816
efc73f3c-01f,0.47085229594765493,-0.044098997451367694
8a957522-040,0.7489955821248253,-0.02864585138171022
2e330047-d4c,0.7725847476687446,0.09184718016322402
e96fdb8f-b1b,1.7961427946664716,0.03435069754971265
4e08a646-1fa,0.714051507546249,-0.043498990388989245
7ed6b07b-f5d,1.7175070953470997,0.060843909327324974
1f439cf3-6dd,0.9999692775107607,0.06393395790662981
0a08bb2f-217,1.1041940356712447,-0.04748669158195673
193ed1b9-e3c,1.108651032966798,-0.07986039158438885
38ba0ef6-cdc,1.1470871533716105,0.03981294383438827
50d9798b-ad9,0.76228546541338,-0.08594472915782092
da89e2bb-583,0.42293074573503636,-0.06305300385050433
b32500a3-e2a,0.6739313909766798,-0.06715570682806715
cb8c6c52-236,0.7921058222718255,-0.033316218707657885
649332eb-c37,1.8507120928906864,2.1850339132600816e-05
77af2712-32b,0.37475158598716374,-0.03886963354481443
d4a432b1-973,1.1991225888627843,0.18957033332808626
bb130f49-ed7,0.8215629307135877,-0.09081327483696477
7861765f-8ee,0.7898366516972382,0.0522480898064801
43d44887-518,0.4953399665162896,-0.06672313050782769
19cc156f-13c,0.40120344132777075,-0.0647342309173784
1472ce18-244,0.7395360987004225,0.043269684549870346
50f5794d-2c2,0.8703585344282443,-0.06421111688933956
27317bf1-b51,1.2971723011691312,-0.055342623829419735
0bb03065-135,0.6608149513195055,-0.041005695359867256
93232cda-29e,0.6505343888133635,0.047551775375183514
a252763b-36a,0.7399625455429459,-0.05787646339279806
543da783-7f0,0.7311497691398094,-0.029394321104941168
068baa41-598,0.9807759059352846,-0.028667752465685314
fc553213-497,1.9843405058655537,0.04186231924134265
9a28f384-0d8,0.7219238716715523,0.08898802742502321
7165ae87-9f5,0.7210396662114513,0.007925671019985536
b23c8f83-25a,0.7138282277995411,0.041269430970324095
6b85d319-b88,0.47070652853590866,-0.06329143118436731
f79eab76-ff0,0.5513343153952315,-0.09251389437398311
8dbaaab0-ae6,0.577920369204752,-0.03398011152112451
8fb4bce6-201,1.1188930115430622,0.015230376176085691
9db39fb9-e6d,0.7427254478613161,-0.08249686811716228
6582efed-8e5,1.2985034160245836,0.047199768356654515
fd858e98-6af,0.37102625880444245,0.12672647099505208
407bf135-3da,0.6738009348775431,-0.06302274121420542
d052194c-4cb,2.296159141422696,0.04419997595883507
134ae741-a00,1.3580753786957467,0.04900528951426886
53bea185-1f3,1.0085298331144446,-0.09395345104016306
6c17e9bf-2dd,1.0629782142202948,-0.08461405752956841
5f9f38bc-a56,0.8751453712001864,-0.08648631204913615
aed8cd24-518,1.5935279524951842,0.04622159028134554
7cfda945-507,0.8331256843663741,0.05569221851745043
5543967f-4ab,1.6288065625617314,-0.017448172872360668
8e6e3e11-bea,1.2429189974674035,0.04281063540277741
071a51e6-f2a,1.0215168523950422,-0.07919884371276598
e73f2b29-573,0.09845078406265767,-0.027442700914205143
d2082c42-08e,1.5851515712548325,0.02926660791088931
832e2885-9ad,0.4126204869795343,-0.09542902987786822
1ce0de17-aaa,0.8749579485590192,0.07469150743590802
488afcb5-b4b,1.0753138770283959,-0.075995074239393
e1d4deec-7ed,1.7419299978598892,0.04368700782010859
891d59ae-4cd,0.4970522653476377,-0.08319108090345745
e118ec32-871,0.6600443241984071,-0.08119497255927216
ab2310ef-9ac,0.5368884560170857,-0.0864578669486934
4403d83a-482,0.7354614045197554,-0.07167184746756572
00d69796-7a0,0.7424111411382955,0.08553626646644497
eca7b841-0f0,1.4839153949487587,-0.0029321367789896247
1b053a2a-b06,0.6813903550106146,0.01987334742368485
4ff352a8-122,1.2395550868884846,-0.08059816074503168
93ac5174-c16,1.4395007915519162,-0.06833692610502584
9ab40b01-70b,1.602523495836395,0.05913032248594097
4dd38266-618,0.4662972227496291,-0.06243414368661354
b79d82bc-9cb,0.45995598055889164,-0.039264732856301665
cd294d17-f29,0.62489437064071,-0.05711661640676996
333adfb9-279,1.536358924569107,-0.04115891015590584
dba69e9a-45b,0.6036629573647124,-0.08612933594278016
0508d63b-312,0.6135393363868517,0.04671230635670309
ba779d13-f20,1.1347166828507615,-0.07719215196528834
f40e189f-d4b,0.848719040463017,-0.012239117725104942
aff2200b-fa2,0.45444642224387677,-0.004497844641329796
7be5a002-eb3,0.6534347552249985,-0.06547438107822351
dd19565a-de5,0.4991440466072121,-0.004492039393569736
a2e02d61-f3c,0.7675496077369031,-0.06426874066947574
538a2394-898,0.45464430219931334,-0.021991570665261917
7a6074d2-9c4,0.5865105896021465,-0.07103011766257383
90408150-ff8,0.9361207919894841,-0.09774290864966573
babd802e-f5d,1.2902944082972259,-0.07225334659796417
94e114ed-e48,0.7564765664826086,0.001516682441524253
88b95d58-374,0.8105851155098487,-0.056023299443733965
d99e046f-bcf,0.5920939892933759,-0.010165835721369254
8b8122c5-280,0.6642941474878499,-0.08612930519811862
59856930-bc8,0.4281060979035371,0.04685913417924481
3cd83b85-39b,2.876121095573228,0.044307323120818864
db98aad8-812,0.5605938349643727,0.18756847351963168
10489ed8-319,0.6236889778291178,0.042355671457145694
935e3a99-974,1.257793291741189,-0.08039743337435745
1424a1ed-6b5,0.8674068149159423,-0.0835502294402724
28d49674-ae7,1.2832809396828375,-0.05465266605936542
27d08ad2-1a5,0.8575407194464905,-0.010232428280524786
bcc5e12f-d32,1.0334940147587455,-0.08629214577360145
430afebd-090,0.9148865961091508,0.02180249662266398
9e9a8deb-e42,1.9082675952030463,-0.0020577826656369425
857db572-474,1.3201152032313448,-0.07159082738198469
2930272b-380,0.825915206229844,-0.08787772448541176
34dd1190-cab,1.3924079933232252,-0.009176605287063044
07825a78-34e,1.1541520600497372,-0.07727867629933022
729e3f9a-a64,0.5241508296782823,-0.08451151611839103
d8dea539-932,1.065113959236295,-0.03668593804209397
a62f0477-05c,0.9875969587326106,-0.062491349610629576
9cb1d7eb-24a,1.264293293520367,0.013954178238780979
d8431094-b25,1.6571785445784846,0.0620091014688573
330cd4e0-6a4,0.8591594772029916,-0.03217972649718098
61c4f831-94a,0.5937564229671939,0.05355102369560516
226150a9-fb1,0.6625357601049202,-0.01005587605946523
3417bb50-4c7,0.5098663849905036,-0.010896332153719435
36bb9d84-5eb,1.445735406614498,-0.017719270064865067
6327c006-13b,0.5652780395288577,-0.011055723326908407
adce93b7-5a8,1.9406980826113966,0.05061861627033981
e5341fc7-27c,1.4917731085911292,-0.002565702042975959
199ac6c2-84d,1.70727337297735,0.06929150975103093
fb148f59-23c,0.6590942429223823,0.05262367962263581
2dde0f15-2f6,0.6988573772710125,-0.010140970498510815
62a66730-e55,0.9571640865987994,-0.0646995253523695
6d0c5db6-cc1,1.1471440186395185,-0.06765298262090147
518cf7de-ec2,1.1203803973792172,-0.04279344772662014
1be866c1-40d,0.609457095749687,-0.012322641806233381
ce8b43b1-609,0.8209083454397986,-0.087463529759225
9acf2c1d-14e,1.584409837136063,0.055439247424517446
7c813ea6-f4c,0.9080860562852793,-0.08982759830980563
0b897f33-364,0.8427199068038244,-0.08896310414699643
ea7f37d1-cdb,0.5049208820835182,-0.06977586979540434
a5765036-972,0.5105914283883101,-0.03926860185123182
a753d4af-1d1,1.6256849545593248,-0.07963680437435511
9a44dbc0-40d,1.0154430905072416,-0.07843656933637316
293bae7f-209,0.9236852759757267,-0.0887175602063201
e29f8e09-ff1,1.5673163091311513,-0.011088049275209622
9570d3f0-6b2,0.7726570505854261,-0.016703253439447563
bd4963f9-e1b,1.7284198071196832,0.01587154104839661
f753d758-2e3,2.0819433718925766,0.07910788905282584
63238b63-894,0.9751699333887527,-0.08083721004433236
2f6c00ca-7dd,0.5859045954803487,-0.08325923200178492
b65f2070-ff9,1.807605381043071,-0.0009996868746455778
2096a040-f06,1.246190761045264,-0.0679164529192221
0388a1e3-7a6,0.597741868994237,-0.046108908425598005
f4663c91-4b2,0.6437871558403624,-0.062325982121441914
85285e3a-c9a,0.7438036358821457,-0.0997340039285381
332edd73-490,0.778695655153625,-0.08793746213605175
37bb2702-2df,0.8575804130130433,0.0671892109300033
589e6968-e57,0.915148833259702,-0.0952381205756152
a1af1feb-69d,0.9465118283603962,-0.07427787731434504
39dd371e-7e9,0.5954343272255417,-0.0040550083854211105
f3cdc6bc-d1d,0.9066166881036983,-0.03650583404804647
5d621223-a2a,1.505478179274193,0.11602022007791646
4f156b75-bc9,0.7589296923580379,-0.04027356586250874
b3b2c8b6-80e,1.0505643805476887,-0.09164656858927756
724fc6f6-6f6,1.022659883401375,0.065511561297519
6f2de767-7ae,2.2180049328036398,0.03497753171987894
b2a69b24-adc,1.5572082582394624,0.025074969665488722
1190db23-5c0,1.4061637269222456,0.05228626539991921
ca1f26da-f39,0.8667672390816676,-0.07346412364172933
d4b5e9ff-d9d,1.5765568909674805,0.03824631519309929
9ac58ef1-3c8,1.0909607969705437,0.015176978966971011
bd06b918-99e,1.310506381562959,-0.006118748603221369
5019262b-477,0.8180091343474134,-0.03363104236588926
ace30ff5-ac9,0.8049033426144908,-0.04608997529182429
3735e48a-078,0.641781286191693,-0.03487392001527512
eb9afb7d-b32,1.5547500126514362,0.012468493444756756
f88d0fc1-9ab,0.9262849154376442,-0.051280834370877326
1be1f238-421,1.03080642118838,-0.07464670578880728
260863fa-98f,1.0045397144745511,0.01435533856024096
030cd8cb-7ea,1.1210581440506833,0.013724985582214022
51c07384-e6b,0.6841772533061181,-0.060139851591527294
0b287097-f14,0.6252135397035063,-0.08018695905181228
093cd9a9-344,0.4930837188240728,0.010706797202756024
85e3354c-e43,1.5395117480715697,-0.022916452955569377
0702064c-a48,1.3051618347786507,-0.048791987292926
5dd9bc7a-fda,0.83847870186276,-0.0768950598485188
8afdd55d-2b6,1.0061084397263085,-0.03613802733709964
188624d4-e0c,0.6147477677212643,-0.08214784687606042
c4455bec-777,0.6737599433186557,-0.07018040008962417
53f88534-928,0.5591350555657939,-0.005827085083753569
01edb7f1-20e,0.9006431155472743,-0.05767844118080673
6f63f212-a38,0.7829487964168274,-0.08819760921133618
2166ccc6-c1e,0.697172055509105,-0.06423882956583588
30d47580-01a,1.4175295963261831,-0.040137142332206555
b78f65d4-c54,1.2025374866188945,-0.06794120046137253
4c412189-5e0,0.9671086023005122,-0.046298568354324277
efa0a548-439,0.8435246819315405,-0.07741400175202856
a0d2c68f-8a2,1.3681940435245958,-0.07874996602759832
88d5117f-3a7,0.8885873638666666,-0.0748125716938175
76843d11-980,0.6337550080143971,-0.06223518294080527
910a3440-f24,1.1178704956470815,-0.06745000711052768
8e318afa-333,0.6467136151360631,0.05535604858459242
db802d43-a3a,0.6448751227220324,-0.05798181481636383
ea75f786-c0a,2.022984477514734,0.0174495518029133
1bf30071-a05,0.7979690682621312,-0.08015272538787388
ee29ed1f-4f7,1.041720661025365,0.06642147710736634
24499484-a1a,0.696579200614313,-0.08765496156653735
f07e1b84-cb5,1.0650176131608706,0.04153443275086499
13cb735c-753,2.0128310793663036,0.02542347081594254
3df8bbf0-adf,1.8731130385779666,0.049012077765716366
4da47735-1c3,0.6898948833105303,-0.0753163173552629
56f58329-066,1.1675502739454569,-0.017717050526829647
8c8ce301-e46,1.0285775412714502,-0.09373930359933147
24aea7c4-a51,0.9191749611140361,-0.08719088425996668
5af8cbd1-112,1.4097328928969828,0.008519260227359271
9f11416a-335,0.9373900185917218,-0.08423091600243071
d1d08575-575,0.7105316062686171,-0.0711565843260133
fc6b7af6-fe9,0.7149947732515592,0.03579061603718481
f17fd787-01c,0.8013206001391936,-0.060191703493759685
5c866c4b-c90,1.381806099121876,-0.02792134146638975
a9e7e3be-64e,0.6895416476103975,-0.068686499565968
b19b91a9-b81,1.5972687509194583,0.13337128356348327
51f42ce5-b19,1.4616312496058956,-0.08275321299712785
c56e61b0-282,1.1383005465459601,-0.09097162265282366
3de518d3-ead,1.1178890523738922,-0.052132294365384024
f24353b1-c27,1.430557404432365,0.0098051032288764
0cbbc848-30d,0.7537370724162721,-0.059851822877707184
1fa57ee5-4dd,2.6563750061427855,0.09359390253101385
a4edfde9-0bd,1.122716560584919,-0.007066198161217507
2663d9d9-989,1.2271629328679308,-0.074964513664255
95f6af68-881,0.9400922980598099,-0.08489520632197006
eb13384e-383,1.017708607303786,-0.005227916394893506
0165e497-768,1.1932979671263129,-0.08428428753996153
ac18381c-74c,1.776576891834126,0.004626601343845627
eba024c7-fa0,0.8208350554710411,-0.03235491602790608
55c873de-b4e,0.8315488189088892,-0.03868877232320772
1cec818d-ba6,0.8040160958399634,-0.031502290938039634
eafd92c6-35c,1.1493237214143668,0.004865667394807316
92f1dbd8-fa0,1.0042902775566815,-0.03507544736322632
2660d53c-db7,0.9285321585624041,-0.07227524068123076
829e1aea-b97,0.9902423942788298,-0.024457824600268685
0a4a267b-637,1.6482554151471493,-0.07069308211933895
a78e81da-a7f,1.2155279726957668,-0.0795507542715545
28a00354-60b,0.9528533574666485,-0.009315981355903058
baf51cc9-97b,1.0884522909554615,0.029794785792217837
05b68b0f-a1d,1.4391095993159888,-0.08623674043131663
71ad7d8e-b01,0.49154990048182945,-0.008958204981607154
17a852c9-579,0.7876909342382608,-0.031116625840335255
b9c8b712-51b,0.9067837395719087,0.017277710247770917
efd65f67-fcf,0.888962059789191,-0.035200079943350615
fdb12940-382,0.9984511474895439,-0.06659488017250392
388fd7b4-a9d,1.2139901652205456,-0.052831509240753916
e89f8f15-7d5,1.0596909091252622,-0.055254485731743797
0c0873c9-4e8,0.9668743905124761,-0.08365630487609133
cc5fa40a-655,1.3368202988361362,-0.07331646955751225
0c816994-08f,0.7873452409491442,-0.03738087649237071
2f5c88f1-b8d,1.1471712748094973,-0.03843491602289939
0ebba013-b0c,0.8101563678895812,-0.088984779932408
0c9910e9-17a,1.2448247399695613,-0.012528068792421687
c07aab6b-912,1.0791213421275725,-0.08888473063139224
77d0e8c3-036,1.024818344010493,-0.06944471205362751
e4330a56-ad5,1.2665148619975772,-0.046051557733103876
4582dfd9-4cd,1.4940568266621346,-0.07573233390985157
94ed7668-02a,1.55580446298808,0.013452009766514172
de9bec94-45f,1.0151438940375521,0.029868199992954092
fcc135a0-84f,1.0958296971107513,-0.051489114771183175
7f69ee57-2d8,1.4010673594467118,0.0017478316659856885
ef178a06-e66,0.9358075045876804,-0.05552497736213596
29249faa-940,0.8620427506829579,-0.05932190319054703
c6db9ca5-747,2.496313690074473,0.0549800289939274
4eda155b-c5c,0.9234075545710512,0.0024827199705618197
b25f21a8-74d,1.7029989118400013,-0.007191701000746675
177c2e95-67b,0.8415524556726939,-0.07430249013503959
23118d93-f73,2.200360207686057,-0.035056931410707426
3b6ac6bf-c5c,0.930841440522814,-0.002354903377659756
772c172c-90a,0.8422063434328357,-0.07882408773471755
09717799-a60,2.1210830380979493,-0.008846286418629501
fcd789b0-98b,0.8647147539530684,-0.053060979152554755
67c8268d-a9b,1.0741642790666601,-0.028578059157257085
a207bb46-530,1.3108419985955413,-0.024241565545742583
0b777f96-f24,1.3960952791515666,-0.050647281430992674
9d4529b3-0b4,1.5903505190625258,-0.05642607169009706
4962154b-86e,1.2970166947219135,-0.07270385291926945
50681a26-001,1.280973574677089,-0.0043079227673004095
818048c9-32c,0.9446287534472103,-0.0562876871934872
2ecb81d4-146,1.5497852822632239,-0.059464857703712126
3e2ec8df-4aa,1.4683652290128837,-0.00791759919390378
f8280899-2c9,1.0475844175098823,-0.06692611757708006
1b9ed34c-ee8,0.7048489913352622,0.014476587250697892
d1a9a6f7-2b7,1.0163370142072385,-0.06170789392883064
cec7904f-f30,1.3663844177069255,-0.05247948721309126
cd9fed4d-503,0.8342683076819519,-0.03510651024455225
fdd042fb-b1a,1.427749160342557,-0.05823506211222118
be3bb499-c28,1.3483963839894284,-0.06380054827729426
ce49d312-291,0.8329227997727152,-0.06602696565137439
79761011-0e9,0.9122393501254807,-0.050503481161910946
fba47e1c-db0,1.0502398537959683,-0.058199471438506845
47d20c94-2ef,0.899869743721426,-0.04729793340278321
9ba412bc-16c,1.8852609890299665,-0.009602787486032938
7490eecf-0ce,1.7247472504772898,0.02096467497491261
5e5f99c8-3c2,1.3015592862021792,-0.06542564250177807
021cb88b-288,1.0923706396070605,-0.04873388219046776
76368e5e-bc1,1.5811061453459834,-0.05644050379676002
237c4baf-af3,1.2019131968983046,-0.04531780548043457
8f8771b1-e2b,1.3549792298949586,-0.07310541738925114
49199622-246,1.028375331531132,-0.04033667936785551
5577981a-ee2,1.449153554028995,-0.07717399512130935
2688a33b-fe8,1.191558973682716,0.04360976638306657
a7b498f1-94c,2.1157016214806754,0.0027730449237204358
8ca58270-fe6,1.3177455476717244,-0.07178203673453148
d0116ce1-1a3,1.0782014522108374,-0.07264275144157151
8d53e107-329,1.0500252821191172,-0.055036008564775696
1acd6e7a-1fa,0.9409469028439388,-0.053215931626574786
5c376df4-c0c,1.0950141283966948,-0.058296183637133125
39bd186e-3db,0.9219243191990016,-0.031182661631518782
f1df9d6e-1f3,1.6099637579149888,-0.06581531575256122
d65eebc2-40d,1.769159816989744,-0.050443205061224905
3a3bcae9-8f8,1.2264065831147817,-0.0510071748260989
969cc77d-1e1,1.455095409778496,-0.07300427525853215
8d00285a-09d,1.0160783546439107,-0.08017942988421312
7cdbfc47-14a,1.1758660925690818,-0.04906080033209609
e1b6c5fd-fd0,1.155511660074395,-0.07227310193503811
902c1745-b16,1.269575149408225,-0.08747517349513101
e46138d2-a95,1.1498262630812026,-0.0013558970430024297
b94dc67a-03e,1.5652790778250478,-0.04128003837089972
55c33cef-496,2.230320801161048,0.02688008014187737
b9ea0909-2a4,1.3529294183705705,-0.06030470562120793
826fc5bc-063,1.9457670460166248,-0.05940232086962305
54df459a-666,0.9095962583064616,-0.05863875447479655
78fe57ff-41d,1.3386860440973525,0.017512321770940753
a4574283-1e0,1.7234710840769045,-0.05428539633003382
1226ab76-574,0.3613798731428931,0.03411750931706092
db9be85b-024,1.242470297068257,-0.05522333385986056
f7eb38cb-fcc,1.054217315103504,-0.001612858318407795
048b382b-3b5,1.3597290133677475,-0.06887053908575907
4bbbe2bf-2b6,1.3489094078256763,-0.00523952697862895
961ad461-a2c,1.1789185251990846,0.030027913398692263
3a6824cd-352,1.415626156147288,-0.07457339445876837
4c893517-892,0.9750844248245696,-0.028201493581217263
dee50964-81e,1.0106677037240228,-0.05089085107177982
07b06447-d4a,1.0365226544893407,-0.07680180467073588
565bdfab-8eb,1.0251108727590927,-0.03966643590891372
4fb69812-cfa,2.183621646826311,0.07178978396443869
4ece1931-48d,1.0417833531692755,-0.03423485592386055
a6681c41-b64,0.9852057352064751,-0.013966932731795667
263b39ed-288,1.7279040104385874,0.020966624449424764
1477ce83-859,1.1120924417373075,-0.052697315797496536
90eae9c4-098,1.892819765994224,0.015008567638635784
f5da94ad-93a,1.7190895664004358,-0.020877485857702993
1ff0ef20-7be,1.167556717378611,-0.07906059917709063
c3802192-d44,1.3484822922274904,-0.049503165152537776
1d799e9f-c5a,1.080055305529353,-0.026828027451860914
34afcee3-cf6,1.1306654708980883,-0.01533975171615276
98154dd0-fd9,1.5376683899376906,-0.04294787411912243
735400a8-768,1.2036136632988894,-0.05321250131264538
9d47d76d-18f,2.4441654424973978,0.09092580910580417
ef1b8318-0fb,1.5454824787174215,-0.07104496522896647
e5c0d564-db6,1.01222395246521,-0.06652832993163349
d04c29b4-52b,1.6712221433156311,-0.031244713511569544
b54dc932-0bb,1.098334248119479,-0.01588693223217219
a807eafe-93f,0.9129043250881723,-0.06211429894835779
b78f3e66-633,1.5481133127078248,-0.020443753341120585
a3e11cbd-23d,1.5176440469829444,-0.07315377443776966
8efb2ba7-72a,1.4312483479735645,-0.07510712519576984
175fc4f0-a56,1.5551953546547004,-0.0815007280301483
2eb2372e-46b,1.2087806245207586,0.0680673674348442
8c0de531-58b,1.063103690635199,-0.009136294185965843
8023b63b-167,1.4946810362449674,-0.047749058704740055
24bcc42d-8c9,1.62347934841025,-0.04184618421187397
c05488fa-f17,1.425766857332531,-0.06616339442391023
a0a6ab9c-c8e,2.0787496596664674,0.12842431616114058
fcde3c69-5ee,1.5817940380790958,-0.05844708674290666
7395cbb2-bed,1.2502204116785414,-0.05313138181056709
4448e052-74b,1.5211303455950342,-0.056452381598732226
7035613a-e6b,1.289020317109735,-0.016117790118395647
a3144cd7-714,1.4128291899977024,-0.013801148719893908
c1648e5e-f85,1.5239164518371933,-0.0680194267894183
d5cb38d9-bbe,1.327421441510141,-0.020249324940977087
969e6bb5-12e,1.271326299638339,-0.05791762097640368
bc6e9cd5-7ec,1.0577932235920051,-0.06588300879273346
8842cb40-7fd,1.1337797385718391,-0.04753030383653806
d80fb87c-7fc,1.163611963596928,0.01085284871558212
2ee6f0cf-efc,1.141549927344793,-0.06442903507270098
9e02e3ae-371,1.0860649795112292,-0.04917241293438673
8884f95f-89b,1.7879004564489303,-0.06125583765478987
4d8318ab-ff7,1.835375961122517,-0.040392103723349504
13001652-02f,1.6877512132100114,0.00471709701476597
ceffe47f-342,1.6365194655916488,-0.05259089014069618
6012776c-806,1.2382886548844225,-0.04508523891447286
59af5ce5-bc5,1.2069999536578093,0.0039891327522331155
54b6c2e4-eb4,1.5121219426757573,-0.06146523253643693
c1e57f35-249,1.1421216455553083,-0.048939934445955124
89b23c59-b22,1.4254400249639445,-0.04036255206943318
d1480adb-e87,1.3920533730945466,-0.06632626615584575
84d9ebed-ed9,1.246250055869401,-0.051155709867169274
56894b22-8f0,1.8862088291517245,-0.032008232168242556
a49dbcde-c37,1.5609704778682827,-0.02018780695697875
63f9f39c-e8f,1.3171397281485042,-0.0321439013589529
8043ffe1-e93,2.8457739950687784,0.07367996613934391
6aacfd52-f7e,1.2320739111493046,-0.05350171178996621
4c68a4b5-9c5,1.231188252032086,-0.026505366076815584
832db956-e03,1.9889037542861008,-0.047682651904325524
42665fee-4ad,1.3721444677785002,-0.06190464986155714
7e0bfe58-378,1.2284020026568387,-0.06502079833515184
f76aa0bb-504,1.2008782115467778,-0.06272295254584098
3bfe9fff-4b4,1.2872171179728222,-0.05303040112048152
a2565585-028,1.65575046297782,0.005319326287188009
095070d9-b88,0.7730650878310076,0.007879518403626773
a3902255-c1f,1.6749078094800927,-0.026437450402230223
a51edce5-692,1.731972263992234,0.11829166447046713
723e9780-313,1.663436474112087,0.011198518741565744
6663a84a-255,1.3893404277888792,-0.018807436708875802
1f24dce9-ddc,1.7383070976415356,-0.055203502344650435
ed140b2b-ff7,1.1925235226228006,-0.04191902631949712
1bded3e8-945,1.7597585069339958,-0.031693382328464914
c336f240-f2e,2.1903736545857226,-0.031742316265515935
cb1f60c7-5ec,1.4317809307730784,-0.06170909822375842
eddd795a-db8,1.6419053477107632,-0.05933003348556104
1d3c471c-837,1.4345538723943163,-0.034483203062616985
2b56d1e7-b62,1.5838916799344949,-0.03837738518728184
58ff51c0-66f,1.5572072673262933,-0.02262135804904425
d7150fa0-254,1.4408264682392504,0.01140052665133251
05ddaf5e-41c,1.6929226131889425,-0.025408670273427858
e3b8c7be-359,1.4360631836430682,-0.0050104848927532974
a8c310e3-0ae,3.6520932452660473,0.08915110302019946
06f8e94b-00e,1.4841831273184174,-0.020405773217443635
c3ff0b86-490,3.088915290327122,0.10780756494961008
c0b04c70-8a9,1.2482003770370809,-0.020030152863286632
41db6f20-dc3,1.4670812714865247,0.01776913746323472
296d811f-623,1.5158799786945278,0.006760890261539143
d3757479-69d,1.8993797971337565,-0.0200465647260602
4ff3ccdf-f35,1.623564506602257,-0.01707051870928472
8b86b4e5-e48,1.466296926747336,-0.017075342178628106
94428ca1-f4d,1.3537371932386622,0.00506762559771734
a26a0fcc-08d,1.4677978510901661,-0.02764674496235192
23938105-477,1.331371223587539,0.01629254998412033
25fb378c-e85,1.5692042683749705,-0.00195329183758175
cddbe940-f27,1.7947395975978977,-0.03508885805200529
fa502a9a-7ca,1.559374005803214,0.015432565950957655
154d1521-a07,1.4061621223504208,-0.013001106994163292
c0fc8a62-834,1.3825427413086777,-0.012661073794601352
62cfb35e-702,1.5899950189382857,-0.004669563546279842
20cb3284-72b,1.948089641421621,0.04958657152986601
1837a3f0-72d,1.7711723530427592,-0.04336323126148223
721151a3-98d,2.105329805665227,0.028220142462218156
55e155c9-ddb,1.3744879110879678,-0.03299020995722052
fc1e04f9-786,1.7578904866907825,0.0324154856013541
5ee23075-0c2,1.3780099328884436,0.007448469668949409
611f4db9-756,1.6056603669642626,-0.009273149084619348
7fba7383-dfb,1.3764444027159783,-0.01905722004284427
07fef6ec-d10,1.707582852467516,-0.03609187845089046
b2ed1ba0-f30,1.4573421982489103,0.006744142584469093
cfc70eb2-5e4,5.048659343647388,0.089032913093402
4d5443bf-d99,1.3431501707950264,-0.03215867758487828
19237cc3-6fc,1.4244154968175113,-0.0029097890795108383
3d6f4f5e-ce2,9.943870674142357,0.15754469373382352
c3c9f3b8-55c,9.945425612516193,0.160185544677232
9a8ed8e0-dee,9.946948156340575,0.14471138658706761
42dbe6bd-611,9.938104444339379,0.14825988409740598
25b7ac26-7e7,9.943352361351078,0.14864679082917442
185aa459-6c7,9.943546728647807,0.14434428679374345
e6f222ea-2b0,9.943805885043446,0.1247561852356095
4db5874d-c30,9.944745326977639,0.1307264807157098
ed182a95-f0b,9.947628441879129,0.13858915752381784
ab10ec32-b67,9.942445313966338,0.12211547570561454
8562294b-9da,9.940955164691413,0.11949706446950592
5dee6757-290,9.94225094666961,0.12424501739299498
ae7af0c3-6c5,9.942348130317974,0.1255885506365666
09171969-119,9.944648143329275,0.11256896903007574
6c30145e-820,9.93975656636158,0.13058894664172638
718db2ca-1f4,9.944192956667125,0.12098282186498333
b3039f66-41e,9.952421172228679,0.12906094196020979
35d75608-45e,9.947205649766435,0.12757629688128103
0999e82b-0bd,9.946914098821338,0.11713481976835138
a7a64c86-f22,9.94633099693115,0.12835139401152873
1380852b-21c,9.943966194820941,0.12552139047283395
a97ef19f-a6b,9.942767596491109,0.11843725103576275
d6fee05a-f3d,9.952745117723227,0.10313366368065924
35947b32-907,9.94646057512897,0.11532224110122646
08089c9b-e8b,9.949376084579914,0.12553164059850352
c6688d79-428,9.95264793407486,0.11503557683359722
bc458857-776,9.94856622084354,0.12276176745257994
05943231-3cb,9.945909867788236,0.12350273671644285
0fe8329d-339,7.946428180579515,0.10268361748191424
505c602c-f89,9.949926791920648,0.1253958892437793
7051fe27-720,9.95099581205266,0.1262256762358649
5db51119-16f,9.952354720159988,0.12481260122766535
e8893477-5da,9.947949061434118,0.13353130603678776
49439be6-8b6,9.957051929830953,0.11101586499925042
3429e2b6-b2b,9.953326556643635,0.12461571046031972
d4cf8000-57f,9.949698367104684,0.12609170309579476
032205d4-36a,9.949244843412314,0.10870682672726317
24d1bf9d-ba6,9.948175823280302,0.11912430525992324
75ac9dbd-66c,9.95183640736871,0.1262625142610717
d98b4b81-f31,9.95374768578655,0.13421815628838918
c2e7523d-e41,9.947592721390112,0.109981914961651
abbd59c7-1d2,9.95164204007198,0.13370873838248154
03a5d9e6-45e,9.958475627037188,0.1267573938379627
043ba37a-7bb,2.5268193506304453,-0.0019329239052351954
107a5aa4-c40,9.953065737278216,0.1369601640188105
6ae6bd29-51f,9.958702388883374,0.13286028315023724
2c4ceed6-004,1.3518729136278955,-0.010755263608069776
ab568972-c60,9.960093691540155,0.1311794776288563
38860ba5-001,9.958020440375039,0.1260323428083795
4a7c463e-c89,9.961292289869988,0.1266634837161339
3a4be53c-7a3,9.967382465167514,0.11909883427877621
b514f236-07e,9.960450031584159,0.11370489357135671
49f14547-2fd,9.95763170578158,0.13485360217657194
1e993e13-500,9.965145578285345,0.13302343877912037
ae60dcf2-aaa,1.6300588294596996,0.009790895527263643
6a7cb944-a7f,1.4708587760033631,-0.013493114371414872
5fb5dc0d-087,9.965534312878804,0.131593999375877
118b8810-c05,9.972627056239652,0.11193304464773735
67deef6e-78c,9.967703084722505,0.13254817394575324
7e3a0bb9-956,9.97852120127067,0.12980340854257677
6cf4f1b8-81b,1.4303148086544273,-0.02688618208413479
3bb5f273-fc7,2.012099349697965,-0.03423847598137009
17e319ac-cc2,2.18557204325415,0.0112506520478739
a3ff0950-af2,2.0239088388095903,-0.032082520880997834
3ee9e57c-ef2,1.638027668065968,-0.0361576184315936
f03dda30-c3c,1.6941088081448972,-0.034570229964736965
f0081d79-0e8,1.7943635575125918,0.010052503890365938
182179c1-263,1.50003028052735,-0.014424397496581087
95615281-78c,1.6554558591171533,-0.038393402019152034
c3296a19-df7,1.378709281899437,-0.010170754304049123
a575ea82-f7d,1.6830569154697004,0.02250529897998943
01a1808e-6c7,2.1797449108441804,0.025545600373390487
4af38c8d-4d5,2.1865575776757735,0.04855524124529276
1d5eaba8-938,1.5014537513209105,0.016024774838079958
c0f22121-56f,1.5158430651402537,-0.04769359800686096
9faa8435-d18,1.5590892250908637,-0.019300209519682587
8975eeb5-4e6,2.1835303703270212,-0.022691501661514957
003e0dea-399,1.57839971457773,0.010481209880665365
a273a8d5-a3f,1.5442941520955369,-0.008120759333576255
07f37de5-8ac,1.5146725282638809,-0.02511026339053385
4f1ccaa0-103,1.4719131272104993,-0.002261602233113169
5d6e9aba-881,1.4456624894854602,-0.00019516548638276454
232aa25c-7e5,1.5299107407536425,0.00859489769695565
a10ed280-743,1.6105309198316966,-0.01659810066028633
ee0fc4ce-353,1.3693977538761632,0.025799183162014683
379b5b34-697,1.4797147029013504,-0.041118498329911324
436a6cbe-c38,1.9264910216658317,-0.020936154300838117
eab89e81-1a6,1.7242890666930297,-0.03354305284429515
d84d8e05-41a,1.7115730763721861,0.06171831157666918
85ee75b5-bf3,2.564579738532899,0.07150758656838896
8641b65c-601,2.8807933734358677,0.05817125106359333
abf47f49-288,1.4798954103411837,-0.011372088764831145
18fc5a13-5b7,2.002680756337912,-0.006502189437764039
151dfc35-e8a,1.77751330474984,-0.0003911659152388003
fcefaa06-329,2.011708480662739,0.0010362894473566753
01946d65-7be,2.0115842044014287,-0.0070291499135511915
ce4d5666-3c1,2.2626347679203973,0.194711828522677
d56a96e5-f8b,2.044930880789025,-0.0023763806558950717
7e4501b2-0cb,1.756866828583253,0.011314497702371251
64c7ff8b-db5,1.5635603039252848,0.050903017060650146
18142af4-326,1.4774303622179052,0.02932805099524305
4694e37e-415,2.106712391190813,0.0067340252595774475
be2328db-4fa,1.5909442911067075,-0.035381551775892583
855b324c-a97,1.7140650244710642,-0.004798293403149245
034e07a1-758,1.4899697247429187,-0.017648404015634278
97420f49-e0b,1.4335663231060536,-0.01640145155552336
e84e35f3-a61,1.5836374313482067,-0.013262386111086322
a5195a11-498,1.5170033675765866,-0.00394215750444904
c4769f36-151,1.0752320303795124,0.03012241562246465
d4a141d8-333,1.4998534697856902,-0.0024526898692665
9728aa8e-65f,2.2017172090624664,0.007159730359297178
7fead4bc-1b1,1.813574831357378,-0.026448057449369122
d2bf6699-3e9,1.5092124976815378,0.00770588662554994
b0b1a882-76c,1.8271370870187695,-0.018950415968628787
3d52ee35-2fd,1.7076137440239487,0.004707952462667642
38544949-c26,1.6493183452962934,-0.032752817692812075
a0992752-665,1.8110515554830149,0.011737948001237397
a12acfe8-0f3,1.9206876641367905,-0.01954163343991383
481a5b8c-a2f,1.5918574806562442,0.0080521420870856
1f5091f7-3a2,1.4026007530423614,-0.0192378465426295
424d02e1-a4e,1.4296258152752286,-0.0011627742502609006
bd010a91-f90,1.7441311172377092,0.029373627904812016
f4c9c9f2-e77,1.8633914924261066,-0.008402059820422692
70a44491-464,2.0578645034771386,0.017108483823941256
3270987f-a2e,1.7368222870762866,0.007025366641491337
49c6c8a9-0a6,1.6456091107857853,-0.00024149308259807656
25baca1a-e23,1.6972917929708937,-0.0015794405920780963
c3bfe130-493,1.6506115922465057,-0.016007974191330265
14b37849-aea,1.353428892019951,-0.04596886111788234
ed76e7ed-d77,1.5544951324848324,-0.015299518736685558
1518f0b3-8fe,1.850753622867137,-0.04273067220872079
129b9b5e-72d,0.8265995698934869,0.019125216364740738
9747c8ca-b12,1.5402614684968416,-0.015629221320913544
c052d404-d82,1.586605180845989,0.021519294002237732
41575192-50d,1.343940670000483,0.022991085653606524
fd5b8b89-4c8,2.029815061268776,0.02003904246770416
b5d9051a-cae,1.481438447945567,-0.054652220702597565
f83a515d-eab,1.783260615379095,0.006854619515187732
d16b96f4-cb8,1.4978853728428616,0.0013711647968425167
974b4cc0-e24,1.6975934023892398,-0.0026198677751791966
d9b8a295-fe0,1.58309170235138,-0.026780781808216525
de296c49-72a,1.5006842210713598,-0.013787877086540168
243cd001-54a,1.374147484737843,0.01705676869362871
7b85f40b-cb5,1.3803196379607166,-0.005052387830234872
340f35b4-e2d,1.4369572340785373,-0.02371244159398267
d22c8da8-1fc,1.6518772534438861,0.017500054768535
870f16d3-58a,1.7830517130318122,-0.02973645443066958
17c0a6c6-fb3,1.7327333185387968,-0.014868603195525965
421b4454-2e0,1.7667909129537622,-0.029992757792673796
5c2b020c-936,1.2902820836583566,-0.015646213445884405
e667e3c2-23d,7.580682234859936,0.11077988499439495
bc7dcf56-563,1.857842274383965,-0.01133210003705487
49711912-f64,1.3186378203649591,-0.02666055254334404
3f281d79-3bd,1.7707612263268628,0.026550972536695694
78977bd6-4fd,1.8490048977539013,0.008256752713434845
a787df75-954,1.574426090268768,-0.004686215723891107
8aa937e7-cf9,1.6608858149808512,-0.013792839277504076
288fc82d-caa,2.330933020504438,0.11059723290232226
0104fefc-f12,1.2895936040555898,-0.022946911327327957
34ecd2ce-9b5,1.4688634865364592,-0.01876050202237911
42ced475-115,1.786111678981526,0.10132338565772836
13e1ab08-da4,1.370455208576095,-0.021595557749258087
4480b165-4e3,1.31222241727127,-0.009803859509862844
4876007c-a2c,1.6700702437821113,-0.06394792761822948
1f5459ab-3ad,1.3861251334583706,-0.031553572337339963
3d51d156-c47,1.598489422921394,-0.016358772448126502
56c3485d-59d,1.2546561045546454,0.005282450799850902
89492ec3-26d,2.3552320248352943,0.018812515023645227
7f321122-011,1.7249577870545008,-0.012695409890514986
7e6a3324-e59,1.406795057960462,-0.001117350003298545
87fe223a-d78,5.3760654782603305,0.06801084102907318
f5ad002c-d50,1.7265902324877254,0.08716487647446391
952a101b-f8b,1.3277635361177569,0.06695773744735567
5bbed1fc-ebe,0.24920727273999932,0.019781259426679743
151977a6-63d,1.2100713939351802,-0.006029627137538129
7e39b40e-e45,2.102725102282692,-0.01956525419894356
db5adc07-a26,1.8354684389469391,-0.0016145672829418478
3e80ebf8-5d2,1.2498955196253365,0.05910647927223045
2a1036da-f3c,1.5633754808128941,-0.0426565975616795
69cd3974-f65,1.7510028761539131,-0.03014729370086433
57711635-58c,1.0428432625239223,0.08509976541698483
99503238-c29,1.000446070604363,0.06744304881882268
76dbc08b-3d8,1.1541838515615994,-0.033837762059299004
8b55e0ab-336,1.4906128792478321,0.0012072933660292051
de37f7a4-e4b,1.2080033556788834,0.08294978367280237
fa13e7b3-041,1.5125006915484476,-0.047042686035499104
957fb0ba-65d,1.031475953212499,0.039364133579329
9f3e3a1d-30e,0.8469045992055554,0.06825251036048863
3301c3f6-6e5,1.100164695415676,0.08320678807437287
d49db24e-c7d,1.738277710137185,-0.006281039508959918
cd1b4ce1-7d4,1.5062483334315715,-0.02396103009071171
24c219cc-622,2.929957751636433,0.10124091155682002
d3459b0b-a39,7.551285388700233,0.0987294647498781
fff7f8c4-4d2,1.0577330605910082,0.04559186016085215
db7d6268-613,1.3030378132705462,-0.020872395499683172
0b582d34-d9f,1.0299102965686817,0.09377463040701361
1469b71f-895,1.643399465817763,0.018211639818996983
cc6b7da7-ba7,1.70267906818763,0.0017083739647703045
7c878cdc-0be,1.1666432647840084,-0.03651236233821148
f8bc742d-e25,1.5214374701208835,0.006555935387916323
674d303c-25e,1.1763075574010342,-0.04743660646421849
2bb7216a-591,1.4816755938040689,-0.009132149935305423
d0bb2ae2-dcc,0.6463992838530045,0.04196022622324358
5b185fa1-f70,0.46929604849561324,0.023620978640116475
db9b2087-7a9,1.1362515284573829,0.10014517108603793
de1e2ed0-fb8,1.380131940492714,-0.014695596605981687
9f36a448-273,0.8017352781113845,0.02511050872589682
ae555c8e-fdd,1.6903083528155398,-0.04852397442776135
c4ebfdfd-f65,1.3791063095007916,-0.05376869660285466
6be502c3-143,1.71886477815008,0.06595810849580919
90ecb65d-80c,0.4837207766394078,0.030389547793046034
12a6eb80-782,1.364844996471769,-0.054427310576308785
87956c61-fbf,1.51987817193222,-0.04080041741073709
cd0c25ba-19d,3.303455727878636,0.11209234946544311
953b4b2c-603,1.620522977285091,-0.010112420223521879
029bd7bc-afd,1.2498504884776245,0.0599832216375924
9b29a606-7b9,1.6001381353714308,-0.031973239092132844
a1dcb794-d6e,0.879329312071162,0.06553768824727801
169fc1c9-664,1.4458979067224955,-0.009224007165563486
0004af86-f56,1.5980969347240939,-0.002970509603989868
c892c716-1df,0.5298711790682774,0.049148449865451194
7b7bde9e-8a3,0.421885285388245,0.038925056267264724
5e00567a-907,1.2338932213311702,-0.01223560096129972
2809da67-44f,1.3440757189405224,-0.009161222668036817
133912a9-f42,1.1633021644352937,-0.05115878209404634
bee0e8c7-13a,1.3694644514272571,-0.025230828838817942
e1d6ded6-ab5,1.577689199571505,-0.01799189796344164
a8752c4a-eaf,0.6393721190913783,0.04048119899029867
f8b1a19b-4ac,0.9327555623419018,0.07790592263910523
5cefbdce-a3c,1.3588066583442644,-0.04608475619918395
c23bf5d0-253,0.5259558164244904,0.047557058565453336
f7ef117d-b51,0.5200340428964345,0.04573297348037031
b671f74a-8f1,1.7492482681670958,0.001990005380292037
afc0eb09-cde,1.8316692755161585,-0.03844569822962235
8709ab6a-c05,1.234639886215573,-0.010607003737219844
0092b4aa-6ba,1.512008576906005,-0.019154990480926337
f1ca2e77-ad1,0.625659152826433,0.04250072613099698
ed4af308-637,1.9461100838513672,-0.009253065877382005
e271f39d-607,1.4191457581527103,-0.06460543832849164
49c21fe7-bf7,1.1054302980720432,-0.06967609424424304
f6386d9e-cbc,0.3831830543422694,0.03056313405520772
8c83eac3-f89,1.2232768588659975,-0.03129543398986845
c968597a-28d,0.7221640249210518,0.08063224018667592
40bc5e5f-1eb,1.418368043745578,0.06494877046935543
206a600f-7bb,0.3175241147623809,0.052150166367029405
a591d50b-647,0.21833183815722923,0.035898178416301385
f5bd264a-eb3,0.34224567535967637,0.05363441953061909
4eb3d5a0-4b9,0.16029722764417853,0.04110059944387079
a6fdba58-d95,1.1897248135550678,0.04782463954240812
2a0770d6-a67,1.1750701042169365,-0.03960192750539088
72454d30-15f,1.2429907758619134,-0.0631532106274264
cae19943-660,1.3725216122297956,-0.05973346923487166
3fb14366-eb7,1.2978381369093288,0.06265276808579812
afc78fff-649,0.29452095164124587,0.03675212816268292
b9950448-c04,2.6666791435266566,-0.024070501651974108
bb743a0a-f90,1.268088929485574,-0.03171734238841961
24db0605-2da,1.4752179438542736,-0.05223913695344934
ae524bb6-b3a,0.9582159729638353,0.07047433667438863
ca0db677-5f6,1.5871692064201908,0.07935922403097817
b19a7482-34a,0.7274467925526054,0.038544976084806115
74eb7f72-f3e,1.6857360533294123,-0.00778398964230953
a88e21de-09c,1.121208934439104,-0.033521873621503495
a49c6179-fde,1.2007380339159448,-0.04218162777590989
48f42b8b-bde,1.5689721063925584,0.05092009843802514
3acb1f1e-e1b,0.5323051407336986,0.03670956882289533
1effcdad-d40,1.1778090982780536,-0.05003873845189777
441ffb7d-be4,0.5623343486520523,0.026365198927616906
1b4cb2e8-187,1.1353507985395435,-0.05951615473348626
2144ca9a-708,1.4193950258508052,0.004234492510339027
f9b16e11-4f7,1.0614155246950363,-0.009889306662780595
084555ca-978,1.6593696566487872,-0.02205430493063809
2d8a0b5c-cb2,1.3818143053991951,-0.03849468788442778
ab62c63b-a0b,1.3683847235263353,0.07350224579455733
771cdc24-7e6,1.2721015552933108,-0.034136660452084966
4370e08b-128,1.6971616897301138,-0.01333226450106112
6f601f0c-bde,0.7371363780621742,0.055690583202758215
fa0c87b9-ec4,1.2288844655928872,-0.011764079374453396
808882ad-edf,0.8184047497542521,0.05261870413246428
14e5aae4-274,1.5150211312672528,-0.043481610350443956
0adf2150-077,1.6045416974093505,-0.048603053035154664
aac7f42e-877,1.463698652241456,0.08440567278194144
2c5c7793-13f,0.9090896886584053,0.050166127922022574
00442e9a-a02,1.3425718601128924,0.07716181011883694
6956a259-e4d,1.7757720799853374,-0.05782243943568449
25c851dc-baf,1.8805568430673252,-0.030059528385095957
05b135d2-f08,1.4125545251372302,0.04860450640094738
862a6251-048,1.325936698486836,-0.03302130612451948
273de9a4-3d4,1.5530099492043576,0.05118819971340682
f0f61733-c02,1.323604392369031,0.05715045080225478
12fb8e4d-3df,3.4176811112136756,0.0820855718072322
8533698f-a7f,1.286430057609963,-0.03342702878789655
63b2d3c4-487,1.226996460040425,-0.05155124333475991
64c246e6-2a5,1.3977454982028128,-0.008516547035457456
1ec2bff7-c0d,1.7304988777059649,0.06120608717244869
e465f00f-d08,1.0701590709598348,-0.008898563676779825
adbf5717-b7f,1.7181622331733384,-0.020290210704369094
435983f3-46c,0.8304099850636943,0.04395033450019359
a984a62a-a4d,1.3519229611965113,-0.04800965162795523
163971a3-54c,1.2794675972715228,-0.009167619907825941
312235b0-7e1,2.095281931481867,0.10787415780256027
2e539632-dc3,1.4032757423530058,0.08048760212630113
c83a8c2e-c83,0.29487911443263565,0.0773963370755244
249a8b6d-c8b,1.316905244288319,-0.04246472047609462
f6e0000f-9df,1.0040430118754649,-0.03916673473435234
ffe39322-ecb,1.6999194375235158,0.07537832424087032
0272d4e9-f74,0.33047889961780663,0.03557540928719616
a8b11cf5-cb7,1.2663255733673422,-0.030178755029551085
0043aded-ecb,2.1791040201163088,0.06983256163840401
35e6b5d3-a2d,1.1783640253692573,-0.011026260033357216
0422998f-a5b,1.0911124823090037,-0.016521697955519443
fd1f83d6-604,1.3014015370485004,-0.03479354858913836
db7bef60-a75,1.1046935763936625,-0.06716095581019504
dd2bd16e-388,1.207317735927167,-0.042144083004168165
ef0526b3-f36,1.1132181418298701,-0.06500192940719673
7d9a42c8-38e,0.16700255078063125,0.09746051460042793
1ad6407d-068,2.2270498209763545,0.05770803434831395
b1f977f8-93f,0.47735804016020156,0.04108669443775348
69fa31c0-f60,1.491221151028844,-0.03999884262047765
c09453db-639,0.33998042217821667,0.06965309700893862
eff5bfcf-54b,1.835789785049051,-0.02423332539246026
9a5adf82-897,0.809737135992668,0.08262966571669839
a714e0a9-3f3,1.7270764191151269,0.06580323577704206
e23c2aef-708,1.1074186004183286,-0.0064618785458560035
cfd35fd1-031,1.4664616554423657,-0.011590574667652787
06767d84-624,1.2391130967582042,-0.05587298364657517
6d5f5a2d-afc,0.9925198080330908,-0.047206778603956
10e54317-c3c,0.4832616019795899,0.034547392877375516
639da69b-067,1.799840645522545,0.042131128727316725
a5db7e4e-e5c,2.250760330936195,0.11039612791080056
d0157478-4ca,1.3040879473321665,0.034202509201359144
957b2f2b-8f1,1.424337668535855,-0.05214901665953592
819f050f-820,1.8681771305790855,-0.005477614598166536
7e639ace-873,1.358870046072108,0.036091182223704
53124be7-7d3,1.1453144216700772,0.036342196920645886
31b23418-19a,1.1875590700169658,0.07727425522630926
54152e83-7d2,1.5029759128077607,0.05298258717541071
28fb1234-fa5,1.593865266492796,-0.018879274628153087
d8ad005b-253,1.2542236803738838,-0.06260930444384433
b653c634-894,1.0664581864153946,-0.04491211877238688
3e6ef996-831,0.9884554967102477,-0.04461421387462422
546c0f4d-403,1.504004109698124,0.07188011354014623
480345a3-736,8.584002264636121,0.11073792382869019
3a8c8bea-1b1,0.8411642584753254,0.0693954564215612
8e00c65a-264,1.3707944007943378,-0.04021917079389681
d935e406-0b9,1.1592830643769694,-0.046598413934007654
d121d2bd-4c9,1.2803787208819126,-0.0181793136668692
106df2f0-658,1.0516290823301468,-0.06319853744720605
0401263e-296,0.7534305053184243,0.03281540216583445
b5e525b5-f09,1.5190306331306351,-0.004706022945924981
7de94b1d-954,1.979457188665911,0.06579347184230289
7ec4c9d9-a3a,2.0509310468436905,0.0047035214911507195
a36bbf6b-a3e,1.654670074809852,0.04715445434366217
7da96886-126,2.1056294312749344,0.04891059516580831
57a6ea8f-cde,1.0411246772472613,-0.03836643652648758
8cd2ec58-8c1,1.1339056711240503,-0.05372090014078895
64485fb3-eaa,1.487666330460499,-0.014889279358018037
7247b854-603,1.6548780474225842,0.0037947066768395654
ffc4060e-05d,0.9897956595809201,0.05459528434679828
e757b30e-93c,0.5669037070360463,0.032467070138132104
17973c04-86d,0.5517166282692695,0.036841993068885914
3ade79c4-cc2,1.29762518725158,-0.006163528132516971
b1720ba7-f8c,1.5649065890990068,-0.029637529484578984
b884c6f2-d7c,1.1560884051328195,0.054153546989846646
c9e937ce-07e,1.1534669256064283,-0.04790569349812501
602f3558-2a4,1.0427213681843432,0.05077520861749263
be9129b7-3c7,1.4570628760331308,-0.04868304787732697
4394d6d4-c7a,1.4873396118925302,-0.03441124369059284
d1d27a73-1a7,0.9517132485536377,-0.03919826861026843
db7f3604-c60,0.6093824225751183,0.03820448680569155
43ed562b-157,1.4145284849018114,-0.0694069316303762
3f4654ae-a49,1.1285261868102596,-0.00845352766304902
872c8345-6bb,1.1005649058526035,-0.04226986590589166
d061d9ff-9fa,0.023080414813001236,0.031718731516939935
862425fa-f22,0.10746366054427565,0.04617079626050635
aaffaa2b-cab,1.215799910817957,-0.057452743600979905
21e292f6-8c2,0.46324343934841716,0.030678107128978227
04d3b355-c3a,1.138064789563738,-0.06806508517144394
48de9cf8-4ec,1.2450170021437525,-0.06413068233503932
5784a587-993,1.0943223200848884,0.05763013094476366
05f0c4ae-685,1.607378477105554,0.07279860533248961
90b374a6-298,1.1964400601905527,-0.04216044508088712
b2fc7863-a26,0.32526286641499175,0.028982439624517187
83990559-98b,1.2273764751511913,-0.06320787399122879
6418ff1e-1c1,0.5134922797589565,0.044576025645947315
2dce066f-2c0,1.0709919092558196,-0.04589644596170228
585efb19-df9,1.1429250269839926,-0.038838219551407815
90a2296d-4eb,0.9622386089980872,-0.06316958424467728
c592e90f-8e1,0.9435552076919368,-0.04726213801540374
01b80653-0e1,0.9268724277000004,-0.01187286112635233
cc643f45-90e,1.1848788383688145,0.06772484246564592
b5dc53e5-684,0.8350795374856993,-0.06855700370531692
f52eced9-321,0.9169721826247559,-0.07015596378082783
5fd58a91-97e,1.6747669938732426,-0.0398272072349139
c6951837-175,1.1392743049129486,0.001958627770593302
b07c8805-45e,1.070192437535384,-0.025132469065874075
60ba2edc-445,0.627448719580427,0.033980838504138466
e68bfc9d-180,1.4016474019112395,-0.05503257389399285
1a13ad62-e57,2.22220069569467,0.062418520066585104
d507f89e-4a1,0.9894450820694732,-0.03027032829331522
22b40ee5-410,1.2864362309594384,-0.07037020046272446
77199fb2-78b,0.9336433511161863,-0.06639471729119001
894407f2-705,1.4740113882180077,0.04051997452705025
e86ea6cd-abf,1.1456227932162497,-0.02093451787421513
e4526104-604,0.889793074298184,-0.014505019187064982
77af5176-83e,1.612835421522702,0.005173017710080385
3b1dacaa-f90,0.8618756885403702,0.05556944977806244
9476c5b0-91f,0.9157168882369974,-0.06909647928205892
4989bbb5-1ce,1.158217874566874,-0.0032291743533934825
ace60a28-7c2,0.9900740373186848,-0.06935705894495259
fa9cbcdd-a88,0.9117734425400073,-0.0546406965859626
52ee32db-49f,1.0449506346017412,-0.06748195292339759
87b3df00-a79,1.1816548739747772,-0.05743306139471943
5e961842-972,1.540409834932993,0.004455980722511521
3ec07b5a-994,1.2455402484624556,0.04808266835113639
49351869-899,1.3373149420117527,-0.05063712675515297
34c67429-ad3,0.8116166525372036,-0.07110133929658358
01101a2e-215,1.0965403800554157,-0.005546703429590016
648f7e0e-102,1.335545134454415,0.0022495265187632008
edeafa2b-83b,0.949755086069187,-0.005289698794329667
58c63a47-04f,0.8369611642360464,-0.02702232777426683
c8bfea09-090,0.8799941554644178,-0.00360065629545514
2dcda494-db2,1.0936857309128647,-0.027804115675388485
379a2530-25b,1.0461169897060372,-0.055073628056140855
0c3a6993-87f,1.3543834676186268,-0.021777268625364832
c21e8732-1e9,0.8996233172164532,-0.05757421972171234
cb847d8f-be7,2.2937766057549442,0.04266635654115003
327aaeaa-257,0.8313214621043411,-0.03325777485645098
e99fde9d-f92,1.2393359769030274,0.0024604605070815966
7df49be7-802,1.236735404382069,-0.05058078748726069
e146b65b-eaf,0.8803618695244951,-0.007776304513419985
bfc030d4-27d,1.1408237288733234,-0.041415848368977104
129daeac-672,1.313398140497943,-0.0612642465847173
5a2e9de3-b87,1.0499844378311403,-0.0166438897215333
b0dc43ae-666,5.8280038037296436,0.11103281206977667
eb67bb83-ab1,0.7856990433409548,-0.04912567014923658
77db340f-a62,1.083016469235708,-0.02710572190766619
1a3b6881-ec6,1.1580630424223886,-0.0455196993247623
c1905a1f-94e,1.0023121484127495,-0.06140479279814648
6cb37e3a-dd0,1.1741190567770445,-0.06559145159053309
57164a3a-b14,0.7031503272585848,-0.03826225997657973
69605374-883,1.4016040627516937,0.005476944347757584
ae42f80b-327,1.0086277945472768,-0.06520249293798724
6bb65757-5f8,8.026410375524588,0.16108417782021123
5e9b77ba-149,8.025276566293666,0.1071493732557095
76482a0d-fce,8.020158227479786,0.12099312346473345
674cb07d-662,8.024563886205659,0.1202931616515559
48bf72c4-3fe,0.8983592267525878,-0.05022739322981529
c4ce1e39-6d5,8.018084976314672,0.1269661506628036
3a6da41a-c09,8.01688637798484,0.10149182419733427
92ab5a2e-e3b,8.026734321019138,0.1152373757192855
9eda17c5-12f,8.019801887435783,0.0840649474144155
3c5ccfcc-397,8.02142161490853,0.09059694123016626
f28c5a70-ae9,8.025470933590395,0.09117703262841159
0afd3a4a-7af,8.02109766941398,0.07720194382972556
de3941a2-0c5,0.8928724112615618,-0.055411459291423104
b67a1b1e-ab8,8.019413152842324,0.09896610053398691
c89cf0aa-2e6,8.025179382645302,0.1033901642619961
e7ac31e6-1e7,8.02524417174421,0.0970848322232607
aa63adcb-ebb,8.02326810422746,0.08118343477022982
1f5b0c61-900,8.016400459743014,0.09384805578330269
e823b6e8-fbf,8.015914541501191,0.06925019775172536
97d429ea-c46,8.021002148735395,0.07800004591310206
ce27dbbe-bc5,8.01196406943747,0.09703380294185016
895f076d-d88,8.018151428383362,0.09148748702598564
0d53f112-fc7,8.015041551635688,0.10241598119243545
c151dfc9-3b7,8.014588027943319,0.09676360738432777
57bf7c95-162,8.012871116822208,0.09703064381392823
d2bd07b8-122,8.012773933173843,0.0984114440589493
4a49b897-7fb,8.013033089569483,0.06928179108967558
789bf6d1-eae,8.017600721042628,0.11244800794608545
fa63b26c-781,8.014782395240049,0.08136412513223501
04374f46-68c,8.011866885789104,0.10231022076926499
19b5b208-697,8.014490844294954,0.0724364060235747
2b965791-264,8.015561527396748,0.10733236368178034
677e4592-902,0.7540830277717318,-0.07104768726678656
efc1a51d-988,8.00914740660467,0.10105341857261607
5e899115-7a2,1.1797508421717418,-0.0034373942020956005
aeacd9e8-80e,8.017051676671674,0.09670636533996868
2cb8e1e7-c2f,8.01669533662767,0.08439337623528442
8d59f314-ffc,8.01190094330834,0.11058712956666761
fe6c846b-821,8.0122896779018,0.10283498333964725
d9da5e65-264,8.001795506848183,0.11362117778214043
52b34178-31a,8.005942009178414,0.09282862197951136
76602c81-9d4,8.010477246102104,0.07672338093649878
c3270810-04f,0.9590593887567566,-0.07051534316276309
77b1111d-ffc,8.005911277598738,0.0782571564925496
aadc1fdb-ba8,8.000146710765542,0.0914660724197931
954189e4-cd1,1.8053677454461825,-0.01556378027201999
c4226adc-a09,1.172737345521418,-0.06731733957888975
bf54ea29-fcb,0.8749122146966781,-0.001868018672829208
4b5e87a7-b6d,1.1560894894159495,-0.03212768296254842
dacf14fe-309,0.9995877618023733,-0.08718023922789792
d51de57a-ea3,0.8062561340685219,-0.06359891231867498
693c66b8-7d6,1.0799178255037574,-0.08237248097801303
17870bc6-594,0.722364342074626,-0.088202563611117
c62fb7af-eb1,0.8155502746495022,-0.09724087853614388
f703c9e2-98d,1.7535350454043979,-0.019898506652182124
1fca3356-40f,0.7366712938947411,-0.05282205672396423
d3b0a064-217,1.133876336713886,-0.05293003107118305
d4446aa2-564,0.8092972264895548,-0.05261355733608569
6bb3b7cf-456,1.1041810532110374,-0.053558766282486014
b1dbd3c2-33d,1.1371629459186505,0.010800639827826641
22b18692-205,0.7866439274047498,-0.0733958122134808
6cfe329e-d78,0.8965108133365454,-0.08041563400928747
c23403cf-138,0.8244649073095028,-0.06165203713038925
b16e03b4-68e,1.5875155303089143,0.03757395450343748
c49d220d-371,0.6517543745824275,-0.09426699207382017
f251b21f-171,1.2594209101625644,-0.03400250257831433
0f54d171-45d,1.2515684576763824,-0.0708404313768341
ebdd0b80-403,0.8653351895398365,-0.03421242515045575
4c6da261-171,0.8318426450332517,-0.07399441466680934
cd316621-5e4,0.6311578778268897,-0.08310683298433497
9b0ae2dd-1e6,1.1983968345674445,-0.03848931181289911
924cc65f-b7e,1.175605726860864,-0.08425214379282808
a0d50096-c2e,0.6247558988578027,-0.09182668639443603
30591b6a-c3e,0.9863536485183508,-0.03516610605201642
615a7e20-462,1.0565672828590036,-0.04313042378524179
5d502976-104,0.7226297394369401,-0.0844972001010258
e90acd1e-a5e,0.9541316680148487,-0.0750402183951529
4edb61a6-19c,0.633834405755426,-0.06897904896540608
c1abddf4-3a8,0.9473793106967481,-0.054667772633169076
54b2ff5c-303,0.731544044017139,-0.05045797926343931
9836d45b-709,0.8979166342797812,-0.015859303956117843
50c331f8-1dc,0.7095036127618729,-0.09005426903088448
302bb427-9de,1.3031527163625665,-0.06901462325731167
f060e615-e5d,1.148434486463128,-0.08949844622648345
9b25a98c-796,0.8951645671512555,-0.07620319588600799
b50a14af-801,1.5225068332096545,-0.051972207883330734
4f381dd6-e5d,1.566880137969882,-0.02665735625343768
9f5f1060-33c,0.978366330174535,-0.07931682805397922
0d7fd902-2a4,1.024522148388304,-0.037755729164579366
5ee233e2-812,1.1876511610044733,-0.03542821245358463
10d43110-c5d,0.7254932030412828,-0.08099015979651236
7ef8c2bb-62a,0.5545218075293036,-0.08997990492282132
6429463f-a8a,0.9301340741041877,-0.03572889447564459
addcc58f-f39,0.8512607949721578,-0.02720729301112146
b9b5c549-c94,1.1468308179508844,-0.06634354686702226
5289472c-b62,0.9089726865054633,-0.0909702590191076
3dff6e49-90e,0.9392699728799332,-0.07466558355621589
76323705-31e,1.0413737507522898,-0.02438348668669732
56d3dcf0-a85,0.7652090503611945,-0.06077604372304379
f7ce6c94-d0e,1.060720949093568,-0.0455880258862702
bf880e4d-a4b,2.191086660676589,0.0292694364532613
e20ec052-126,0.7907159078466719,-0.08876543626828753
bd811ce1-e2c,0.6737355975638173,-0.07499356486684877
dfb5bdfb-7f5,0.7094087716555664,-0.032149150194360376
ccfd0632-ac2,1.3989867370034152,0.007413091728694976
b8375e21-4d7,0.5415606533009575,-0.03599508288866016
7bb73837-e4a,0.8262069438149751,-0.03841090653657575
8de02569-c0e,1.3596384361075877,-0.019423278592631654
a6b78e7e-c70,0.218713399542165,-0.027926860859264324
1ad15f27-592,0.17106776399882082,-0.02778399593626535
01160566-664,1.0822934777388222,-0.0882923263161654
103ab673-7f3,0.6070443220281663,-0.08776790603206791
dfe6cc4a-93d,1.4132407884312705,-0.05913592535438861
a51e44af-900,1.4835426465645645,-0.034007510152852916
1b0845c3-317,0.5544695677546467,-0.06307131208442518
3a001c77-ae3,0.9475563481993514,-0.054890715791363676
be4912b0-e0f,0.6370316350578129,-0.07665941714426527
8b025b05-fad,1.193602751659263,0.010545627214385456
f24ac94c-805,1.0064559394521597,-0.08405162060040366
e0a4f888-288,0.7598515770712416,-0.032634853196331026
e2d264df-7b4,1.1847218453762505,-0.06037269702303627
70c9d727-986,0.7455728817960129,-0.08366281338503789
d7db86b1-acf,1.4023428701754366,0.18758993275499847
aad20b0d-38e,1.7047680936618883,-0.0074229659307044615
02a672a7-a02,5.839335886094986,-0.026236005101313853
a56e6bb4-301,0.6599798878091295,-0.04940726220217451
a1713682-13a,0.9535437235852796,-0.09200711946230805
f0ac50ee-c06,0.5344045487582181,-0.08478259153522483
2c86ad75-64f,0.45860579366552107,-0.07034657978162095
6b0172bf-6d5,0.84626389220729,-0.04913362280753547
77d9e8fa-598,0.8971151133432906,-0.09280459601780044
2529e5fe-df4,0.9028299066260981,-0.0164573290870087
66c8984f-e91,0.4355632282560439,-0.07884590316706408
8468cdb7-842,0.6632665019251021,-0.06809414641118616
03893137-532,0.8522942551898084,-0.024269918209209373
fa68d5f6-cea,0.42976171588599277,-0.03915824445435956
750d4daf-24b,1.5904360783641807,-0.013693625290875089
589356bb-a5c,1.254575585675137,-0.06718376941941218
0cd98cb0-3aa,0.7451980451908814,-0.08639810297388051
169c114a-605,0.7140968307859857,-0.05431479067295408
49561120-b60,0.5438700146072872,-0.06941738651897467
720a0ac5-5e4,0.6873642150157946,-0.06975873873184463
22097fce-5da,0.6090601335745024,-0.012705569318323562
afb73fdf-688,2.4340372151078733,0.067134680042783
5a7a1e1f-78c,1.1592502250950054,0.0012843851309419785
877e7974-c91,0.7064219661060098,-0.04117294133437788
1c2fb7ef-368,0.7456950758067001,-0.05796977117305291
6a03d8f9-fc8,0.70221062877347,-0.08649848380310637
1a46fe4d-ecc,0.48456564870626323,-0.06726342450431455
027e11cb-488,0.18883508760813736,0.008498483617520702
d27f221e-15a,0.5619723325733129,-0.05666770494804152
b6c936ab-498,0.9963784427460345,-0.025924697600879565
c1b0d909-572,0.685631836466656,-0.0842966747980674
e2bd09b0-f9f,0.7669617349728002,-0.06965469482820952
3de25bd7-75c,0.6567020154223964,-0.07956840683577915
02993ff9-c55,0.6738556117596468,-0.08085250460565546
5cbe3039-924,0.6330533141391643,-0.0379890213931553
12bb0680-0b1,0.5481560423990295,-0.07404997264124219
ac1dc074-dcd,0.36382726895042,-0.07903523122403405
7d6ea713-88d,0.5858857346068249,-0.024701295846905447
de41ec0a-188,0.6583959597117136,-0.07985554504346076
5813726b-ac5,0.7272556071169002,-0.007007033318494282
3ab0f2f0-310,1.2832643160489878,0.12815263896251117
10b9a12d-c1d,1.7003961968358032,0.09316718910046773
d726bb7b-f31,0.5832760895284209,-0.06540666457006888
c4389eec-327,0.5879468444465648,-0.03767809989648202
f4310e97-cb3,0.6213134427636868,-0.06638761814951905
9b61b4d7-508,0.4935676892977012,-0.08596142599281359
aae7123b-ea7,0.514794064988157,-0.03529371839523193
0711d622-f7f,0.4018920702065559,-0.01083652438536753
147e55df-51a,0.6223092858611522,-0.06955961659577337
81d9ed4a-145,0.5071939370742609,-0.08053396465122148
0c83b5c9-210,0.8351689602612747,-0.09369851987030448
f0233daf-b32,0.7480460671289626,-0.06601024491746993
8e8205e7-326,1.1440773591291407,-0.009197452735185185
ee011a6c-5c0,0.747776107237617,-0.0943974561948886
7a6a0382-bbc,0.6973637673330947,-0.09077147334147695
899ffa3e-601,0.4533075818950374,-0.03901484728566379
9eef4165-952,0.6474831256285836,-0.07989481273354326
d542deb5-aba,0.6423513210177119,-0.08992741766721579
517b0c59-d22,0.43639871620107973,-0.059969577896484105
5f3f3be8-418,0.4062567760803199,-0.04827001894281335
0df38e24-7ef,0.6167831557538725,-0.05038761324631574
586738c3-734,0.3658621276157207,-0.038011880168331125
76933953-f61,0.38412769100005145,-0.039318165220992296
0f1b8a79-99d,0.8230603051054748,-0.03623394565986626
39fa1a5f-62b,1.0332946084837409,-0.05946666958423341
ec968de9-acc,1.1339353942465575,-0.07712304413648141
fb512842-406,1.45840273474177,0.0003789438729563388
cdae379d-32d,0.8254890267587759,-0.036466529957865645
93b5ae60-319,0.6389030050240199,-0.017795806143610204
ccafe5c7-ee0,0.4458756007086508,-0.014235787889581741
e7f4320e-9d6,0.6348735454493782,-0.08067866327525969
dbd68725-f4f,1.1554623186454431,-0.03928501001773366
86d0b59d-458,0.6405105326063179,-0.015872677133277335
d7834445-7e0,0.3991270730462353,-0.06347117939440011
f3d10bd8-a31,0.5311951392112321,-0.08208825904460115
7ef0561e-bb0,0.963908484169567,-0.07871491585005458
fedca2df-048,0.7376109128854721,-0.05142185933737753
b996c41e-63a,0.5041468094666648,-0.08296319007102848
b15a6d1a-102,0.964716293718348,-0.08624429170562886
73683c26-8d8,0.2928020936966,-0.09925414642435076
7ceeda81-1e6,1.428332104646779,0.014540762191820877
dc54bb98-a92,0.3248178009648674,-0.03176577108750572
cac41413-a8a,0.48232245941383034,-0.020368512162764807
79cc3fd7-a47,1.2394568944353779,0.08585026032178555
f2be485a-d76,0.43050187218485614,-0.0651471210392433
19377f2d-bc8,0.6411324245034606,-0.06043080981309645
73659c08-c7c,0.8066577436615502,-0.034381993546169554
2b8fce36-c08,0.9021997019997492,-0.03020143458852559
05652d86-a1e,1.0051959629238447,-0.020926988656547574
6cfdcc89-64c,0.4278640575705379,-0.03442284435464399
4c689ab3-013,0.9190216285107883,0.04767699442983908
2a58f9d7-5db,0.2799312079867841,-0.02123616799689193
418b41cf-1e7,0.7208333006717937,-0.07377994056783599
0b536cbc-371,0.7811000439564371,-0.03349720422538066
5c7708ff-a30,0.11994367867496446,-0.025481822811624255
29d89c54-b67,1.0179772993717071,0.006430236461326677
6085d0dc-6f7,0.636148773984288,-0.07659630465976064
66c77767-6af,0.8898022553022487,0.04075569320618855
49585797-b3e,0.4527223921884041,-0.028065329274414796
c87c0509-3f9,0.7891038044933587,-0.05848131885832325
b4f637e9-e65,0.3277314824481068,-0.03463731146102217
a16000ac-8b9,1.0442735941140366,-0.0778681296101742
b576a6d8-bb2,0.4290021859810844,-0.03553958824232262
ca9fb12d-3ba,0.5955884015920023,-0.09508385354114668
df77cf59-ee0,0.5155409304862911,-0.03458783789821884
3e68fd6b-044,0.45395745903335466,-0.07464449243670723
a5c34b71-bf2,0.28252117864964565,-0.03234082687267181
d0f00b07-601,0.3096321184256525,-0.0694063566598993
54313ad2-147,0.8684431544028527,0.0007144151051013958
42f6210b-601,0.8978917881086165,-0.07442057425179871
7174f73f-2ab,0.8033769225850695,0.08569747141349426
c8ba5dd8-eaf,0.6425349513226613,-0.09484234950028425
7e1f300d-379,0.2669297320188935,-0.01957272438980262
0ec6a1fc-d32,0.9125785421192156,-0.03959492662575592
4d784378-6d3,0.3157528743439718,-0.05384135388384065
c7b6063f-48f,0.58914959365492,-0.041222222669464736
6479e4d3-dd1,0.6026891288898603,-0.08230889902386734
77435508-4cb,0.6248449234121325,-0.06807728204963759
d10821b3-eda,0.5124600453839168,-0.08112101050686382
ed1082e3-14c,1.4217776902430301,-0.02650502786951553
7faf944c-829,0.4994078190193352,-0.04961169775525476
6f35bda6-a9d,0.3677101397430409,-0.0772276313162234
840752e6-67b,0.7794258115063951,-0.07659197781387289
25a0fe44-002,0.20397010265955828,-0.023461730190617036
05eb3bf1-300,0.8502219927752342,-0.07037179613483052
235d65c3-89a,1.4181340561405797,-0.05170511627903135
1cdf44c4-2c0,0.29657245992953607,-0.06396350402217005
a8672c67-689,0.25937476290375705,-0.04977531997724932
4863b6d8-834,0.3217380948021974,0.014421710345944194
fc19e2f5-688,0.7126621424114261,0.024884715739085128
d2a5b2e8-961,1.4424151786452257,0.07455173396324466
3c0efd6d-71f,0.7239841013385808,-0.08653249274726499
63aadf76-dbd,1.1375075169750306,-0.015694056661665734
de72524d-a0e,1.1328994881895142,-0.009776271963683636
a9b62da5-83b,0.7940793640412931,-0.07905451356136012
eb256b0f-c60,0.32190231400185715,-0.06409318724486857
c1eb541a-661,0.4953711193768222,-0.03213417572110844
88b85a09-fe9,0.6371333493686677,-0.006977621223603903
3a8590b4-665,0.8589499044544534,-0.049649903426727204
2efe9106-55d,0.357936693850906,-0.04496515542769036
6be8d1f7-16c,0.934158646895873,-0.014786428323850132
1b4193f5-645,0.5869936934759692,-0.03303086349400686
aaae5d31-52c,0.21363252565248675,-0.07108834298864403
81935a5c-4a6,0.3619940810448219,-0.054666404944830216
51c2dec0-95f,0.20703073940476913,-0.08250656853902383
c604e175-c51,0.50504075002353,-0.07307518608533814
49c8b4cd-72b,0.5479388438434113,-0.07061816167922624
5903014c-3b0,0.555609614332282,-0.057640832024553
9e54b45e-8e4,1.8981989041959,0.01996652215708372
46f7e780-1d4,0.2255169433907837,-0.08090897276151149
3eb69c17-02a,0.35355019823112865,-0.08436854258896143
53faed78-88d,0.9331831223734867,-0.03446925405582035
af55e47f-c09,1.1665456758951813,0.044971498703140655
7d02b6fe-160,0.37975632977656926,-0.08224094952653821
065d1e7d-ca4,0.32743877990913095,-0.07613055360920462
1f0cf731-2e1,1.3571623723684307,-0.0011643917537415005
37214525-5e5,1.9616086815012284,0.01505801578482524
f17a2834-a65,0.4508027228652772,-0.07600433134810863
45746359-1c7,0.8961268678645306,-0.03518071523801419
f38f3c46-014,0.8550271575541615,0.011187582331735557
f72b2667-219,0.8013447861050984,-0.05941879364745167
a2c9d5bb-9b8,0.6497497111526467,-0.030602100919592534
1e4b0f3e-30e,0.7379918586969462,-0.07671106304589398
dbb70c91-405,0.31921841883320917,-0.04898703285136452
9c81136c-ebe,0.1783949047311149,-0.05487435954009734
c2a3ec70-c76,0.9271802127797312,-0.032222645257207694
5d651034-8c1,0.3692306100454789,-0.0399271334454947
7f3acb1a-1de,0.5290393275723901,-0.020034251284863025
f8420db8-bcd,0.5257191016719278,-0.007229740467423085
dab715ca-52a,0.36431492577297836,-0.0790986678907094
86d14c1a-356,0.22391439079478748,-0.07112941616679946
6a6ab907-788,0.6487691036032216,-0.06830868434150633
27dff4af-92d,0.42556807091466525,-0.03332204185312099
8441648f-415,0.5823162065685404,-0.07312743313057374
9ec2c1f0-03f,0.8327017512569006,-0.0004084552266970798
63debe29-bdc,1.7032779943180953,0.0005745657192011144
f2f5e906-182,1.2591411740177882,-0.03736501053851904
1ab80b43-02c,1.028079629433633,-0.01851774961933983
ab15d83f-c87,0.7877709686659866,0.034509954388828645
3227c61f-ed8,0.3676488440990114,-0.03394202581152278
798231a1-cf6,0.38386280857469424,-0.04563430415149439
74b7f22e-f77,0.751525211182474,-0.04205631757571465
43d451cd-273,1.0932256106798781,0.16452232102600695
330186c4-3b7,2.4547810266076446,0.024551491869545083
78627a89-109,0.32642946838536185,-0.06878265726616017
aaf3c81f-722,0.24567242763276106,-0.09265072068690572
af6fca5b-d5e,0.0980250930037358,-0.07409057194433638
4f309111-393,0.5136987822234407,-0.07941999818743273
4f2714d1-f54,0.1511495004814754,-0.03146730906818257
f05e9374-763,0.6142360210644489,-0.07514577846638898
6c65fbb3-def,0.14377069190206057,-0.08617154172120861
7185d3d3-063,0.2944621362340351,-0.038037332926282696
ce8053a7-d3b,0.12057216875766968,-0.05555869361061372
56395f36-7a0,0.7752141815520848,0.04209913591052705
9b931a12-ef8,0.3206906751179718,-0.041370494438669025
f26cb82e-36a,0.3496189513909807,-0.07381624726657904
aa6cf316-b0d,1.2145779789678417,0.08595044113224615
8fde5c9f-a85,0.8986034622928099,-0.05847765165768409
9c86e312-4d0,0.3158286038777944,0.029148481657157443
160be21c-cdc,0.5310311611692272,-0.0513116585105966
cff72c1f-53b,0.058873795985436815,-0.06614827631261117
b6e187e9-fc6,1.6645691579846429,0.019606786127302378
c572a987-1a4,2.1584292755438677,0.053571094653025564
9487aaf2-849,0.044807592668304135,-0.0551418860618465
e93ca147-eda,0.43173405750679406,-0.023665082998634623
c39cdce9-6bd,0.04981898381122142,-0.04347123125265856
49f0c630-771,1.3038837052022663,0.0038304159550102135
74abb33e-0af,0.8578439858773114,-0.062924072131819
9c0342c0-bc4,0.8572682152035631,-0.012719768123413577
a7103f41-d72,1.2912042307134786,-0.015560108533510864
d07fe7c3-330,0.5664103823154409,0.0026451536026625977
7fe40074-751,0.30910489677891534,-0.06250647516945201
1c7bb009-e34,0.2951056823992573,-0.03152291686065967
7c7f3f27-019,0.45604887272398226,-0.08267776182346359
8c6187b1-554,0.9983208103888223,0.020235201471788367
5490160f-7a2,0.714350720706733,-0.04089897194908376
e5a29951-ad7,1.1185650804267457,0.10529339277800853
4e0a255a-a1b,0.07526404152769106,-0.032540922104267955
3f973618-c94,1.0845449989710532,0.1367184034342558
f0e4aff8-16f,0.9583503052090062,0.0073363062637350485
37fdcdab-f99,0.8659051098544,-0.041347915580575656
2c49088e-34c,0.17134958608561954,-0.034928302778267306
a96d1319-e55,0.5749844547184666,-0.07037695729753313
e8170c76-797,0.47078798585294035,-0.005269352607086775
b2b65f8c-9b9,0.35638550643475214,-0.04247376036213313
65329b83-f88,0.13005860144653902,0.0389833185963685
da289fc4-d6e,0.32869680262150724,-0.06790208842358131
898d1815-220,0.10777251656098522,-0.04633193127972918
2f3ae295-04f,0.9318157642406415,-0.022167329929450474
1475a9ef-17a,1.1794317293124619,0.013990106436657879
a95288ab-c0f,0.7964257317326082,-0.038303097927329
d42c9cf5-3ec,0.7361994822826234,-0.07562924392345083
89089f18-bfd,0.18164852693328437,-0.08864823614405948
2e8bf852-c97,0.9333943861578066,-0.042006425509946876
7b43973b-564,0.7824386746802393,-0.01564371416643573
551c3b53-260,1.4218050102608162,0.1398926479851964
08be7fbd-89f,0.16813083526653186,-0.03066092172191137
7f39e240-202,0.7004176534503318,-0.08003349735000842
f33edcf9-2d1,0.6632654519906265,-0.0816069503666973
347ee5ca-fc7,1.2131998438828635,-0.05235851477005066
a7120091-68b,1.4814530329774271,0.01079932928410443
06300173-31e,0.22564176517921153,-0.0948788503721687
5992f4fc-013,0.7268124717826661,-0.007408360016818216
a70657c0-7a6,0.14959255499450566,-0.0754295669932532
e26c55fb-573,0.4812181402696727,-0.09493214189705662
5ffeef22-375,0.2871430673438561,-0.009992232017869751
db9ab631-e33,0.35652807518519314,-0.052833768589880536
d4d944b2-59b,0.21137170443223158,-0.024874986322616144
3f054318-94f,0.9841905683021911,-0.024102754738078325
caf50531-940,0.09775290181769178,-0.03911554871877382
1bdd3f9b-285,0.1486126514700038,-0.08539363412339979
29bb488c-5b2,0.8241326004851975,-0.036031649709528546
7c809d40-5ba,0.5094273038025716,-0.028990928392488013
0ab12ef6-e9d,0.7060370232362385,-0.015369662689090902
91db1fe1-40c,0.3064610271185909,-0.08327766859419483
24c20d69-982,0.9384800557738351,-0.025972245181151987
28817a25-365,0.35110695559409394,-0.03444272674756582
79f24638-f8a,0.8588332374308472,-0.03965734069351151
835004e6-4d0,0.8102321932138256,-0.06832335420659691
7db51d3a-810,0.13811223424909758,-0.02685946307301529
a405abc9-54c,0.5992595184277377,-0.057299378520575706
17a91105-5b7,0.6545563962443418,-0.0029961855200929532
b2d02519-bc4,0.17238125907499696,-0.05777573874312275
20762a35-ee9,0.6837534306003192,-0.07568563682040774
354c0cf0-cd5,0.5474725615159277,-0.02615764373865137
39040226-c7a,0.57061451110493,-0.06402257611172207
c7f6e772-8b8,0.7914914046064083,-0.06705043508342651
19b1191c-cf1,0.5751448258092257,-0.03702159236443525
a63d718a-582,0.6387232728174266,0.13873917792323376
8e280812-75e,0.13726703198058077,-0.061859846053868794
59864675-3bb,1.0422996834622202,-0.018189201942798328
7f74bb40-fbd,0.7518944521940594,0.007207987017709638
28c799c8-ac4,0.749846398867178,-0.07383985639773993
f7b6c431-98f,0.8061448417278027,-0.0713983210700958
70bd5f56-d4a,0.9238070108790606,0.009961247527613737
45effa07-334,1.9186566899182593,0.058945212196335306
72febc34-84d,1.6136581405702857,-0.00010477301415423579
09ab1f23-417,0.45394737674237995,-0.0303619911244723
9ed60e1b-09b,0.11216487725444575,-0.0656122408050473
6a735548-5f8,0.5280373055860228,-0.058411984297031705
af2fa1f5-f99,0.48650625038886014,-0.034177520785310334
78768db5-f8e,0.11712805049644574,-0.058373923992313836
6002cb37-c69,0.36476481947780043,0.10356779720986142
698d6a10-d1e,0.20486381025645078,-0.09160608837094447
533daee8-f83,0.19932640152989553,-0.03991416210083487
bc0b2f42-23b,0.12452455829513037,-0.04364233517505012
8d7e0e27-4aa,0.7862075132289075,-0.04921558662703346
64fa8368-398,0.34548079575260243,-0.08452497138471854
ccec6081-7fd,0.50743917449448,-0.07295218992773239
e2900f66-fc9,0.6740593847489857,-0.052460672745164916
58b03f8a-bf3,1.2721717333115254,-0.023183141980700928
0c24a351-f44,0.554892195754839,-0.08980450082901159
8536ba5c-bd2,0.6970697354561596,-0.037709913020818886
1a23029b-431,1.0117714214705928,0.027943476052263883
e995cdb9-162,1.1639750150406416,-0.002657369830203815
16a96171-4dc,0.7152167444282216,-0.07171182390255876
4d415cdb-d55,0.8061722186035829,-0.07065133453368544
7fb2d3e1-dbd,0.7983322514629085,-0.009518185236527088
e60b6c8a-769,1.368021638879844,-0.018266913334987256
303d4188-cef,0.7307097444126902,-0.0717306404855172
c5a697eb-8ac,0.15053739682151318,-0.07449101185525486
d7c46ab5-abc,0.5543436320012314,0.005813473144691383
07ddc1d8-a97,0.4294425946949627,0.08688458264383658
cb8a58ff-492,0.7162124536713014,-0.09079753117215933
aa91d5c8-cfd,0.9035178665284066,-0.024764729357501125
59f1e349-1a2,1.1761336357774392,-0.01648917326478133
f15f2f02-3ea,0.9533345175428022,-0.03179216892711223
fe372122-b0f,0.7422799342752643,-0.010016810687538846
a13fce26-70c,0.6461774502078679,-0.09078521944499979
e0eb4e4e-ce4,0.6025991195324335,-0.06541563592113708
4684aecf-419,0.39094256749784156,-0.04942999225717015
b1b85d6b-369,2.157685266037095,0.09834493993785887
f91f489b-433,0.9711092158713434,0.009850907341691806
28087d67-358,1.2526588847426159,0.008009253223526858
913f3642-d42,0.5812048520986831,-0.08901749935462228
3d7b2236-246,0.7440166552191455,-0.04831117588667799
4c8b3b49-bc0,0.46224621923396536,0.01613236007242469
25ae5acb-162,1.0759369468054563,-0.05254288448861383
0e699527-f17,0.8084148712861017,-0.02858856143120253
14a8f9a7-6cc,0.4599753101969535,-0.08985421796031118
f4d91ce5-b28,0.27377094523713263,-0.10029592148774336
28657551-1a1,0.5882331302382601,-0.07779376562727197
9ca9c994-015,0.5658259596221507,-0.03631496083737018
7400f676-861,0.6069350392907699,-0.007878063940510882
b14b58f5-f4f,0.271318071803333,0.05077802112172969
ec299ef8-848,0.34795349148144283,-0.06219484971266359
7761dff6-00a,0.4594183527106087,-0.048975468496909036
f3694631-7a3,0.601899511497981,-0.059606141640501764
a8040428-9de,0.5626953271845656,0.032508801655794284
f2b732dc-80e,0.9644598779727491,-0.018920664262402354
01e1d474-a9d,0.1870453870721863,-0.09123408239924274
ac0a2ae8-d6f,0.32036166802489163,0.031259924004037876
a34c6849-023,0.34970186314574936,-0.000983090262793418
ee0759dd-c82,0.271691655133453,-0.06539742968601964
c8528e0f-54f,0.2672507965785582,-0.043693211955014466
197da4c8-e71,1.0511793637139482,0.026394495521975814
8649fb16-329,1.2415544757894756,0.026786711312150713
d8283c43-10a,0.5384754272225238,-0.03429725333763223
7770fa2d-532,0.44164273208503624,-0.09655569878218917
c8e3c5a7-117,0.9563040450112201,-0.021185457564876664
a8107f32-706,0.24329135336076738,-0.012848636183024953
f39b91a3-374,1.8993667025237586,0.058206298993360495
7e7d3719-833,0.4530516626858119,-0.03593278205149586
118176a5-8a3,0.9352212416773495,-0.030304387418457313
d428b1b0-5b0,0.6362715368867973,-0.08729506074603033
7d3198ef-e95,0.4659809279233915,-0.047176148774399296
9fc4d0b9-981,0.24305481502399062,-0.02967006687535506
5e87ecff-93b,0.478287129328259,-0.09649081929230957
a0260207-3ad,0.43306794776894764,-0.10103864081248487
245bb6af-e81,0.6590591627895446,-0.08740801472133297
17d10fd3-f0b,0.7758399480427071,-0.07086854055616348
f4c64911-d5d,0.6808895827884861,-0.0439429570517349
c0986194-6ca,0.26768545976910446,-0.06541591878277009
f47adac4-b52,0.20805825649528872,-0.042466905591223125
4cfd6697-948,0.2027729207459057,-0.059953826400451604
b31d0142-149,0.8646952082076369,-0.07001357424055432
71f15ffb-f44,1.334479103601852,-0.06497037909282405
be400014-65f,1.47683795043628,-0.0767117058532571
3a981593-f6c,0.401531243968768,-0.058709352957418526
80569453-fad,0.19852300436377965,-0.0710097171090196
b0b48d4d-23c,0.6097625223414037,-0.08982282722372714
af45c415-95e,0.45495003809060486,-0.05651073625780939
0c943912-ac9,0.20044546009323044,-0.09852496064575544
88d55346-3de,0.3256547166458793,-0.09496371007847537
8e1b89cc-de8,1.3988306946387037,0.04121696397724284
fee4cb08-37b,2.060214331904577,0.03431031812389107
2421e48f-5f6,1.424782682202395,0.07932469061571856
039e88e7-127,0.3356841196214766,-0.06060061411506168
24230f76-441,0.5697281992801845,-0.08416956851535023
60d76f09-c97,0.5490665045408446,0.007043646340545995
ed967213-b97,1.1603274925625306,0.018592838221461294
72206b53-28a,0.9258814082475574,-0.08383760073497465
6ebdc1b6-326,0.8957884988801985,-0.08382375932011499
93a16bcd-110,1.3206337700416309,-0.06934538259539791
8f42319b-438,0.7777527093017772,-0.09012178659028885
24983c0a-a18,0.5672005966618305,-0.09642027426315997
4ed0fc35-a40,0.7195856739045612,-0.0798388162222804
73ac725b-f0b,0.27286684182467236,-0.09601627987017536
a4501150-923,0.7200880494565783,-0.03413511615437198
03031f8a-48f,0.273332582827692,-0.05150322245540839
f47c20f3-009,0.5454220135231314,-0.07861889500226188
6f11c2c5-8f7,0.7777832211038531,0.046179067348683156
9edc0865-5dd,0.9085821899766413,-0.02946206561693593
bce23315-05e,0.27422383791188687,-0.09933956222243023
58a749d2-9dc,0.771905467432314,-0.04346216031236866
3f1cb6d1-cca,1.0805013522755185,0.06507397797939718
570104d7-b4a,0.9566233729459193,0.02851823796742403
23440c02-a04,1.1583686553075552,0.05339985573781536
391210c2-60e,0.8361873327386398,0.03569525812698149
89ae859d-b2c,0.6869834865266059,-0.08111003932766842
d2fc2249-6c4,1.0553582482547166,0.03054126578722549
f9862f0d-276,0.7795254693764411,-0.02634216984868809
ff19f448-bb3,0.3419318704417971,-0.08774402947953214
990c0f67-f70,1.3115122592080557,-0.01863976359659042
119504b2-2b6,0.37270920365462484,-0.061576953931051726
2951cad6-abd,0.7913019989467341,-0.05870031042923651
96552c6f-495,0.5328182655545357,-0.04633452379942388
fb036fbb-83a,0.46388661250134855,-0.02076820237562549
c0c18b51-aa5,1.0557239445023465,-0.026996446401883145
a34e05f3-d8c,0.7064297303964827,-0.06762768298327176
b069f36c-03f,0.2888528038934667,-0.07139248296535194
ed61360b-d08,0.9509046122832656,-0.004413136805349327
bca30606-893,0.9016103258981751,-0.0848788035828339
2aca28a3-4ec,1.2070731996501738,-0.016739110844686766
df168ee4-27c,0.6410977030188488,0.03705818984749454
e190daa8-a94,0.6084266818413026,-0.09648812406393281
8df0155f-c5e,0.7897276833038448,-0.03350419394476234
f3411cdf-3f2,0.867116849380954,0.027086870945357222
f62f90a7-0df,0.4722167779564391,-0.08528045355822572
b1eb641d-dc8,0.5872821899072659,-0.0974567175393441
a683ee93-d97,1.1397066789708739,0.05260469775155896
30410f33-d88,0.5508695883599516,0.026321467943073107
ad527827-c2f,0.7525983885230868,-0.04630779072412572
5f31ed89-e16,0.5127279206795599,0.03492469836190337
4fff718a-729,0.8320366799351304,-0.07468154860748683
d0a0b973-c29,0.3711874040725688,-0.1051796972244074
f0684659-85b,0.7342160770454021,-0.02480447956945142
cfd44f80-48d,0.5594730592989734,-0.03309075597414074
cdfe9173-c56,1.870783549502768,0.02318133557613633
0aebf75b-403,0.28980847291685063,0.03345811995923387
92438bf2-616,0.5757076000194115,0.000646338922647538
4b0e4660-130,0.547938711990448,-0.04491417392626146
f007f27f-665,0.4753886088456611,-0.06567535304617678
dd268291-f40,0.8276442689345129,-0.0947139028208358
f7061264-24f,0.7349071276705194,-0.020003217209424884
70b6e4a8-025,0.5371336289976878,-0.05400170621011191
7969c804-b2d,0.8917292917949695,-0.012577573857190993
29d06700-dde,0.6841156423154738,0.059420242071882234
1068f040-1ec,0.6730747715044074,-0.0963503487611665
888b3544-031,0.6340960015232044,-0.10239035966886578
de1ebc0e-366,0.3001376376780436,0.03594596117952875
6fc7e86f-ea1,1.2980309021836556,0.031970063839461105
62af1aa7-73f,1.4791297379420953,-0.004369695972449239
2465342f-92b,0.2416142487654329,0.05755563533561714
cdb4d11a-0b8,0.3827690909957398,-0.013478842294172177
85ad135a-247,0.4838642630810943,0.0342512005915514
75755d6f-bba,0.8516991427449683,0.03570353373020796
26eda78f-17b,1.186974426373407,-0.0724140835216025
21babcbe-47d,1.2241774187875296,0.04586106712910287
085af0ef-78d,0.5011965843368914,-0.024025609244033186
5b7fa4a9-794,0.4469554242741161,0.02771089431217666
a3143898-8de,0.44802754436659364,-0.030111965719630485
83ce85ca-76e,1.0517196909451667,-0.01303371088021843
9ffdf147-8a1,0.5574962500178186,-0.09102960507655583
03d93752-909,0.9843111155338372,-0.001545862672793219
ccec08c2-e10,0.7368844871416314,0.03029776856735733
8645c8d6-566,0.9261094740547802,-0.06856272012440051
41cd5b6a-8d3,0.39907095549519805,-0.08741417905480525
ca4ad8ba-129,0.5855244689967194,-0.024821208605152356
fdb4ac95-4a4,1.1476038439368395,0.04347718565272385
eba8f126-03d,1.82821745295529,0.011077509419534115
c0c38d6e-b21,0.6070755930261577,0.026216452093229203
6dd1c328-7e4,1.0813196482586693,0.02297086411661986
d16f477a-0e7,0.40630796395811924,-0.060142697713748805
8a2635ac-146,1.1485849546265765,0.03628228948818313
1ddc5ff5-d44,1.0412935629711644,-0.08763036614915432
8e8cc3db-57d,0.4980623884567853,-0.05574361345000972
a69201c7-7a0,0.8746791042258623,-0.020362252254518598
a4d56d01-ddd,0.42688085530382613,-0.09100938204216386
4a665825-b4b,1.1375341803004928,-0.06325208004056254
d15aec45-e1c,0.36033927657541936,-0.10278553375489702
383d5d11-e4a,0.5183511632041145,-0.054820426069869255
fc2e80aa-7cb,0.5082137239564184,0.034342211019427915
9050a5e8-638,0.35845687355524286,-0.07279071339732951
33ad121d-a85,1.8460850643379243,0.04271323067627686
5f903ade-a95,1.683089999206424,0.007072303274784697
3200b449-4e1,0.6357231456982948,-0.07605683225061166
8ca53fb8-4bb,0.1375234650537495,-0.008971034185290772
b103bbe1-04f,0.8046408400674334,-0.03336085486213042
2f05d09b-827,0.9800968472220125,-0.06128627355547622
13a49299-b97,0.933631063199489,0.03333749170193623
48808db6-b20,1.1014301425138897,0.03985119497295586
e5c82d27-d08,0.7576603116265591,-0.08799222166799858
5535a80b-9ba,1.208089756291615,0.016705148616696697
e2176f3a-8da,0.7611478018707472,0.06400481010064141
3ee974d8-294,0.3714854685342591,-0.04260794066153045
fac165f8-7b8,0.6413525111801739,-0.06564973102753507
30bcef29-82e,1.4465020187960012,0.020900979892348404
0126dd33-a95,0.6038327103257334,-0.0724785978447981
9391b905-7b2,0.4724077797849993,-0.07158449388398191
93db246e-920,1.0381549101721896,0.08877534742790982
d8efb269-56d,1.0925471444917716,0.05701474147909624
35eb7cdc-888,1.4882811918259007,0.04059914478017712
00bbeb78-756,1.3765469406990964,0.034685599825333036
c22c90bf-3e9,1.0281422499373127,-0.01819327421926714
7bfc0acb-82c,0.28764872621503407,0.006328568353044739
2caeca8b-67b,0.9670888599411829,0.08842533820206422
f46b9a5c-c01,0.468363497301466,-0.013043221890791823
d91ba0b2-f78,1.2631432388023698,-0.030239295233551622
cb6b2a53-694,1.1505009641647452,-0.0910121559746031
7e8d1240-d39,0.7588165252973242,-0.011240599684424646
0d2aadc0-e56,1.9153416899299378,0.05602422722054212
beb6908c-fa9,1.36517455820747,-0.03349798003336185
e5a7c928-7eb,1.1637337134014327,0.04530963636058771
203d1218-6da,1.4488732793701158,0.046194337655179885
d00de505-2ca,0.5633060529566316,-0.06488722211374104
dfb0143d-b42,0.8972183547102932,-0.06630820281344102
e50c46fd-e15,0.481938167573303,0.0269062926327982
32ed0ae1-dd4,0.39244821727000556,0.009771196140325067
deee80a0-95d,0.578855020014591,-0.031509113983273274
b53d3cab-1a8,0.7522621930548683,-0.09026685590552519
0cfcd8af-3b9,0.339823845494244,-0.007169271046016723
02be4376-f2e,0.7871211273648818,0.04905832542409272
57694b7a-4d4,0.9284968522571355,0.008275261049257798
352a6e9c-8a0,0.4272075061851826,0.031547304650929475
b7db6217-6a8,0.39101308669215307,0.0011719118257969008
39770b02-2f9,0.3682574966596559,0.00682534849887817
514adffa-2db,0.6075027087783571,-0.036917650504938615
672de10a-624,0.9181220849823968,-0.05277123926824384
ea7ebae3-eb2,0.8574253483097133,-0.09293618545123739
3df70e60-816,1.7273763149335037,-0.02617633601921482
df8d5df6-b9e,1.3765735932883187,0.04007320101684142
83ff5b98-20d,1.0406578282826495,0.023774909584010517
4145b651-640,0.6405370059115576,0.033533110486538176
104e568f-f26,0.8488511415866337,-0.07485984525698858
98fde61d-fdc,1.0296334145472898,-0.07816977830385768
643977a7-2fb,1.164069008360229,-0.04015374639647934
2bd9f78f-e43,0.5217349381433795,-0.08175070367300696
5ff3f580-04b,0.6055297270434717,-0.04597114626010984
a383549b-f2c,0.2547413648077739,-0.01971901997121117
f1a6a966-584,2.009902106908137,0.07649252735971135
5bef7c58-5ef,0.7401542322298931,0.015288888709441006
b548a21b-cfa,1.0241789385190054,-0.0375856995353297
3986558e-c94,0.713848006227096,-0.08811879425923169
ba7c1971-1a9,0.24606955898008498,0.006874944377268766
475124f2-b7d,0.9610757701055438,-0.07705871064870579
a7543de0-237,0.8568060569454203,0.0034496103605812234
e47e9293-4cc,0.38060580291194895,0.0015585312467215617
797a3eb3-48e,3.525206904813052,0.05040513925619372
f471cf32-c7f,1.074616613118968,-0.10256222395918274
c341023c-ca9,1.6357012442230132,0.0405008834980618
0f3e0cc5-aa1,1.1050672574386073,0.05352346013647691
0b5a2a18-410,0.5519971678243273,-0.06553883017511286
98f8524d-7ed,0.7248179669635832,-0.08544062970635663
c1633aa2-969,0.8628553485954417,-0.04766168042057978
e1ab0d93-c93,0.9402877252312234,-0.03959244087733932
a4820b4b-33a,0.700256327106884,-0.02372344792669373
4f08223b-bfa,0.5028290671346487,-0.07102858342558876
3fea2a9e-c3f,0.8302253328483276,-0.062042063600470154
96d476ba-b2e,0.8637561786061321,-0.06654933436540245
b7284660-7cd,0.8826371827927457,-0.06480516537215009
5a2bdbb3-206,2.252831918372173,0.03655303893779993
d9cc79a5-55b,0.36772197665587275,0.0034195741027768234
ebf0cd97-f5e,1.1842159409200073,-0.05444176333253398
1ff2c442-f13,0.4722239857326597,0.06463566279074495
809540f2-5ec,1.0100303369684365,-0.027577135668331254
354a52ee-93c,1.020727975288038,-0.10036363559146622
a3cc89a2-f2a,1.886489837929163,-0.03162427984975191
9cacb7c4-76f,0.9542792680154444,-0.09153008297655124
0e440a64-99f,0.49656919857724524,-0.07691520468797591
b3a72cc0-c25,0.3394189145017336,-0.0006971688513256469
422d5584-7cc,0.9965678815562802,-0.08326488669527043
4fd1a5a0-432,0.8248743543514812,-0.0795542354209734
370a420c-f6a,1.726485415122555,0.054558954666428794
31339ed5-4da,1.1039069837500872,-0.057906354848593966
cb6bed1f-64e,0.620344126744168,-0.0747814178353986
c17afae1-ee7,0.6701138312127474,-0.04614155756475047
17951d8b-949,1.9554291745983066,0.07845454182605294
bf325317-270,0.5841645755944952,-0.06328303980324101
bbf1ba3b-2af,0.8683459902316689,-0.05122282268873235
af575a18-04a,0.7828222333487201,-0.03799951876531682
4280b2b9-1f4,0.17210938150975297,-0.022237131116760123
62bca307-537,0.8339956743466406,-0.09479032764942297
d5a86cb6-474,1.6833632429669403,-0.016650941993375412
ab4b6a71-f9d,0.5943884822282647,0.015873294465669652
122d9b48-aee,1.3154646180219447,-0.07243864943338679
f50d5489-346,0.8747991152280148,-0.05914126635559458
e51e1314-7ca,0.7624336893803452,-0.06448479591286471
4897d47e-2ee,1.1342253178711301,-0.014738088399538551
629f56c2-7d9,0.8696369243516276,-0.04256673975862901
e17cc723-658,2.0314552695215466,0.03482873139901255
a924b104-b2f,1.0045071339438003,-0.05095677920940106
0c59adcd-f74,1.0393512022055449,0.05283288141614695
3f3c70ba-a9a,2.0374161894895133,0.033624756243760934
54c3ba1e-1ff,1.1267855565975327,0.002410681128188541
3aef9976-9aa,0.7338189727400679,-0.08767976790954785
4f665dd5-97b,0.7513650180508565,-0.10050035186018769
2dec0171-fdf,0.5607003804767038,-0.041545855254456254
7fa5bfda-91a,0.9537007702585535,-0.06615261013187157
16406287-704,0.8807180306154214,-0.04379389824015284
b8c06175-bf8,1.1398897558357248,-0.010418354688046472
b64578aa-443,1.114089483006706,-0.07538328909064967
122b1837-9db,0.6758726179213319,-0.0936649485457649
46f04b56-d0e,1.0161312324104153,-0.0828360890231502
df2dd3a1-0e7,0.8026686853977034,-0.04409866489236858
0103f598-12d,0.9721743924022606,-0.0898766896974143
33bc616f-59a,0.7795921329189762,-0.04308703727078317
f0117ccf-8ab,0.864951398643407,-0.036041933295209605
3b32dd5c-833,0.9443427905979977,-0.06467288561273538
3151293e-a28,1.1574667580722333,-0.04994477165138195
6097b085-416,0.12397131816636192,0.04758798298602429
6b1096d0-c19,0.5884915290251443,0.07245148750111563
a0e378ff-09b,1.1306286179542884,-0.010558261456224849
8f8907f7-ebf,0.7357067769237213,-0.09557147254312759
fdbe1c1f-270,1.2325022829513665,-0.033610429478675485
9cfeb717-8e9,1.44226716398838,-0.047418858592827684
39dbe0d2-47d,1.0798288115561014,-0.07830956622116803
fc85bbf5-689,0.9510879678121458,0.05256214247596225
ffb837bf-d69,0.9679152485276077,-0.08067203328700101
e0286290-b14,0.9362686840758786,-0.07837371118934283
4f6c608f-f53,7.137237325087032,0.07370486066466353
a5141cc7-1da,3.648012498567102,0.1457523482408638
e3b0d542-e36,7.136660793570854,0.06014309576989263
f2ab2203-ff7,7.136166623699844,0.058986725151049746
1a2b7855-c06,7.133970313162021,0.06181124671559002
d3a02e0c-338,7.1392689123345185,0.05884079948526677
ec8fc0a0-324,7.134793929613704,0.04957465708377162
8927ef45-ea1,7.137786402721488,0.056403524807311034
033df5b9-953,7.141273045700282,0.05292744851833464
12726ca9-be2,7.142618285904698,0.05980695622980703
1fc35a1a-91a,7.1338879515168525,0.05329365801395736
1f9da5ef-833,7.13602935429123,0.05824227570441076
2603fd8f-b21,7.139461089506578,0.05439065708741686
205bf781-e6a,7.137841310484934,0.047443247364894026
30cd34b8-316,7.134958652904041,0.05116065698821359
6d5bf87b-90e,7.139159096807627,0.053147224607283605
09d948df-ae0,7.138115849302162,0.06834018535565323
256fad68-336,7.1416082143083575,0.05009513037055924
fc88d13d-d54,7.144051609781686,0.07070083744773326
3cd319f3-fab,7.137847032512337,0.050600584505382296
42a1ad0a-62c,7.145149765050597,0.05184276022132783
6dcc2b43-689,7.139192272716753,0.0535417674562394
460d2ad7-6d7,7.141251313845961,0.0599363915486959
bb8925bb-4c5,7.1393569960070895,0.054240122032093274
a2a23d4e-0b7,7.144271240835467,0.06106360490157525
206694ce-80a,7.140592420684614,0.07093663353146029
8983503f-398,7.141443491018022,0.05899228541704271
576651fb-9c0,7.145369396104378,0.055094692470096907
1c6d6129-8ac,7.138094117447841,0.05452361293313368
eec1c4a5-78f,7.139329542125367,0.06059730427277943
356ae6ae-35d,3.5762650312047564,0.04679796887952026
d909626e-665,7.146336003992079,0.07803839482079955
3923d8ac-ea2,7.147791059723387,0.07567255721536414
045f62e6-bf3,7.143837700755306,0.0601076187565357
195a19ea-1ec,7.146885081626536,0.06036932630619085
9a1b42ff-c22,7.149630469798813,0.06623224456302823
af296db2-575,7.146692904454476,0.058597381599094
ba7259a1-ee5,7.147983236895447,0.061008864654072736
0e0f4bb1-b8f,7.143755339110138,0.060214232895602904
c4c5aa7c-102,7.141641390217484,0.06725859915056265
7554649f-9a2,7.15078353283117,0.08044672709923018
ea601db0-b29,7.1497677392074275,0.06754621856053356
b415acae-6ff,7.147741873987345,0.060209748342995306
9030feeb-09f,7.153260104213624,0.08005413761236002
888bcf3a-b2c,7.147824235632513,0.056187843658612735
441e5d56-b16,7.152903203751228,0.06371012783221297
bfceccab-b7c,7.154632798299763,0.06333931161809414
cac547f7-53e,7.151585417428534,0.07062149278355745
48143df4-651,7.151069515703204,0.07755492777985662
5f658c70-aee,3.635017510857142,0.10365101717729253
f626dff2-0f9,7.151344054520432,0.062566991406389
bde2c546-be7,7.157905532252176,0.08330076683624843
ecf5da24-acf,7.155379775133681,0.06513794530494377
32d56704-363,7.157966162043025,0.07236606169021775
87df82da-9a8,7.159668302709838,0.07103906628091827
148a748f-7ac,0.9464740818839101,-0.0653233045185122
e12a96a9-f75,7.1637921069956585,0.062451054982990195
ff72690b-f34,0.8238673847033425,-0.08254975118270841
a45223b3-82d,7.160805355915278,0.05996993371693138
69a50c68-fc3,0.9565348879075863,-0.04924886733098649
5774ffaa-7aa,2.559485467668467,0.049091311889999045
b2829881-57e,1.4518485771651357,0.0075586649410879225
6ee21dd8-cdf,0.8956496330009701,-0.03747329367451341
be598799-49a,0.8172989344403613,-0.02573179101489248
7543f547-c64,0.8493063954700992,-0.061270153038775865
d1e6d5dd-7e9,0.9366292821928507,-0.06517580810511753
7478ee91-5cc,1.074456760445545,-0.04295897189470965
163562f6-f77,1.0785941924341889,-0.08939706474947934
465925a9-175,3.6749018163524214,0.12632928583820247
8b361c0c-a06,0.9199384441727645,-0.07212493894751043
2557a620-cae,1.0017621119648812,-0.03922680184468763
7737a1fb-386,1.0529785993325085,-0.09528547690212752
88617186-f0b,3.722775916892294,0.10504484413446502
9d2c08f2-1c3,3.678122135693745,0.09627692093186857
ce8b81aa-4f0,1.1654491280535848,-0.10074388900213749
607250c8-f19,3.6016156220010105,0.10040749613551103
9ee46a36-033,0.38425404752355063,0.04843367752548744
ee8d72b5-a8b,3.7103339270795432,0.09125299081646221
19ad5324-4e4,3.6653411180542594,0.13681882330740003
8e7e140e-fcc,1.1494390795837948,-0.08034572481385782
7602956a-0de,1.3704411241657741,-0.05728456148958855
629dda60-089,1.1436926761820925,-0.032748567136618834
9db96b50-4eb,1.3013945096582962,-0.05486187545052912
6d6bec33-4cc,1.1779504594340902,0.09037876804538425
c6300b06-86d,1.6425971447579373,0.012690759858147937
4609891d-05c,0.8231280049613436,-0.04263776723763252
98467674-b31,1.220003143706127,0.025831319775639017
5c4f4bc5-b47,0.8221075735170437,-0.065707366456216
ad9c404d-a97,0.9113320785515594,-0.08990544027564645
d1092b00-015,1.2670761886089483,-0.07260395733570996
a7f59f00-16e,1.183220713271392,-0.05256217371425348
3a28a3cc-862,0.7294015601614989,-0.036342622674649716
ca27c60c-1a2,0.15164918412426617,-0.018993785984958877
f62c0660-fda,1.4501484805494156,-0.015307031079483502
c9ec7451-e11,0.8161973835097721,-0.04699785033600523
8c7d23f5-1e1,1.4226329423680186,-0.00440382095884978
daf04dcf-977,0.7041566309087327,-0.10084653130545751
1aa11f68-030,1.3146125083580846,-0.031996787672424476
4f616f51-173,1.1359755660053852,-0.09420290998257325
cabb048d-078,1.595225262762114,-0.0563887401828192
193705ab-4d7,1.3088101135141432,-0.03496483927665783
722aa19f-fd9,0.8080003008109042,-0.08605276937614903
84c16b20-24a,0.8661887759803467,0.007214926231654983
0d33bbbc-198,0.863633567815396,-0.09745771025663053
f08735a3-ba3,1.0030345554752533,-0.0788908713794722
6a024b57-c26,1.0241443354917232,-0.06630521134543116
61e7f83a-ecb,1.2356440852593673,0.013921232529486516
716f4138-569,0.818090653839689,-0.037236776997077004
b0d7b8c0-37b,2.191751146760824,0.02447854553109341
23e3de9c-096,0.9508926356073503,-0.05996045080931112
40d73c3e-980,1.2191294240356714,-0.07568819852992259
40339432-530,0.8363891289363645,-0.09208300005339476
5515bf44-579,0.9419082342001996,-0.01772808876270421
6e0911e5-992,0.8587441629728494,-0.03607617242417149
f176d608-5dd,0.8304625750100435,-0.08769794983119872
a80ec81f-8ad,1.6406960019236303,-0.050314394364695925
ddae2da5-172,0.9975057194217379,-0.006445360275514456
5ed62437-98a,0.8951864706710103,-0.08336394106204253
387e268c-318,0.7775320795778821,-0.007833227514511154
e5a952b5-580,1.4037731552078339,-0.053414802610112444
2ced4798-89c,0.8404546942089264,-0.07650649609462484
7308bba1-38d,0.8807778566628964,-0.06828503056877938
2ec80a56-658,0.8073154472083122,-0.035788948363769446
510713e8-11d,1.0752521409804014,-0.0643959869480783
9d918bb9-1af,1.1788822304701725,-0.06654399009485734
1c341222-a9e,1.3646599269085913,-0.054182623471202396
8d6f7f03-fe6,0.91846595660446,-0.05804687527277913
35822763-bed,1.0194179801766983,-0.060581141695769614
312becb2-aac,0.912356294526234,-0.08047872586621024
af134b10-af6,1.182439955655086,-0.0692448100520287
0e19f585-c14,0.858094829249945,-0.07019019326669379
a85fa556-f54,0.9182153529837331,-0.03341616674036235
4c860e12-012,0.8096449512457851,-0.04342286131612677
8b846c15-2bb,0.856592773386983,-0.05684024179084651
3868f74d-f7e,1.1571906155991993,-0.04257820145865404
4a71de35-04a,0.9590933632221281,-0.08659625607738725
a9144234-40e,0.9105558636709158,-0.040358335483532626
54f6bfad-560,1.7714765652913131,-0.0544045201815162
d4229fb4-5bf,1.7266772846207248,0.025866322495774252
d1ac1b74-10a,1.0180816439559173,-0.033734724602189126
4e5207fd-f80,0.8818304655059627,-0.08361158694476845
72be5526-375,0.7514798083714902,-0.062446643697512016
13214d8f-527,1.5004609720333992,-0.07020347668012111
1203c48c-ce7,1.1775633906515184,-0.08591470374912485
7853d125-565,0.8081979732865108,-0.005428413208166061
b2aaf6a0-f59,1.1874735171880741,-0.0765821968268573
007ab529-9eb,1.425380927830982,-0.07033734342393277
691c68f5-fb6,0.3668314985459108,0.0452610744937626
1b909220-1ea,0.8661701877146608,-0.08309604189822434
95de232c-0ea,1.050889208829195,-0.05414629610746258
88e0fe27-4e9,2.8818401767774535,0.0380112092353434
12393543-f1b,0.7740686735772853,-0.06739451630066878
aac26a11-f0f,0.8457385831858599,-0.07574523103097319
e0bf5472-e94,2.0175944521956106,-0.027157028003815198
e9fa3a0a-540,1.7177029104424173,-0.0635861125682754
07a10b08-c7a,0.5623069930320578,0.008999515277592018
a219e1dc-cd9,1.4284879095367295,-0.026746931847373367
cafbaaf5-5bd,1.7497357460407215,-0.06055820699334663
019fd7f3-883,1.9793695520702212,0.010042017209356824
75c152be-4fd,1.4161918117122974,-0.04886074546991709
29231068-8d3,1.1669294925033216,0.0070089778303698
31e25212-fee,1.1135173973718413,-0.07812289141316348
a30501ee-22b,1.5645979707811795,0.0513945198369502
c29eb578-91f,1.2472670662979397,-0.08916702301769219
e87d9d47-2f4,1.1207297657088222,-0.06973106306902482
53253e7f-b41,0.9543098918298911,0.0023009426791086307
f5afbd38-b1f,1.0075270969991406,-0.06231727125129077
394a9bbd-1c1,1.9619195008904478,-0.035776391233073745
c4bcd719-a6e,1.9691716498453833,-0.009269105490581686
75287af6-daa,1.6531499562252925,0.1822122146912034
0eab393f-9a3,1.1937325331871431,-0.044737918723614156
9c1162b0-cef,0.7843689607225367,-0.0625868046995613
e7bdc05f-c48,0.8068420748825882,0.015657632164190805
d01446ef-b8b,2.007786001508596,-0.03999918235660993
b83fb98e-8a8,1.113215415515702,-0.07149024803099902
96580e19-7e6,1.2328999292245306,-0.057274655413954156
03ba4708-b0e,1.201634683024356,-0.06582369830995688
5f1b60a1-a7c,2.080398748659725,0.10564559084935476
f13b9c06-bc7,1.2244882068718468,-0.03810479987347143
67039d9b-55b,2.332511665801191,0.056478443266369194
5d0c0dad-ad1,1.1571253072098797,-0.09319748999688976
6050a1dc-6c3,1.2387407646040212,-0.09095788258183274
65bff5f1-0a6,0.9194890905820713,-0.09028720729089795
c02a6a1a-6c9,0.9999713478901185,0.026925742093678595
bc201f03-e73,0.9281022131852231,-0.007984992967625615
ba373ca4-02b,1.5215042826921845,-0.061538900653992534
4cef8838-aa7,0.207389669748338,0.06050269949011644
ee61cdea-b22,1.2784898202434132,-0.08576250510350719
2beb1799-b92,1.4995735376443011,-0.07757203086035891
415a8f96-e7e,1.0691647554499595,-0.06868822832179933
76cc52c8-45e,1.0928169464068629,-0.07717252214811027
ed24d669-1fc,1.4058096333404673,-0.026744375176311175
07bcb234-e56,1.3878703068225653,-0.08287431330036149
ce21e2ff-165,1.1391487832754479,-0.07851701396935856
96b16770-282,1.0539316388662137,-0.08054465096258062
174150b6-a98,0.9711119974289246,-0.05520133338259997
c28db7bc-e9e,1.47147613098124,0.09578189213714405
c307feb0-641,1.5512114145222018,-0.07244115592365297
53f3b811-984,1.0035749326782089,-0.05970522825688823
ba1e6a9e-07f,1.0305419257470985,-0.055502074838540916
ff280d3b-95c,1.364183793144608,-0.02547427615625636
7d7923d5-b7f,1.0717740334362307,-0.07483628428093703
b8333d79-1af,1.0347208595917783,-0.04293514040849655
a65803d8-40b,1.0446410179343457,-0.0935827715794183
cd22d8fb-4e4,1.2793207550570873,-0.05950921627917072
e705173a-642,1.520979717810423,-0.07373752127835298
b376679d-f3d,1.3177122257975993,-0.05109723302170094
d7025414-be4,1.6172505421481067,-0.03506593282381054
aecaa841-39e,1.4905876560998832,-0.0710820856075211
b161e7a9-0e4,0.904593115824581,0.05581543580382442
76c627f0-1e6,0.3285316338424332,0.08896538737961679
00edf071-e79,2.071531559325476,-0.033024842401871646
f0f486e5-46a,1.4883467045486496,0.09491590301737429
bbf97ebf-ed5,1.143496056694078,0.0676770807593895
6ade4cbb-76f,2.043122756842373,-0.05346240156608684
bc4a8932-7d4,2.157542036657595,0.10201608876772439
554f6a03-a05,1.1074970181139652,-0.02886498761727513
31cd3b29-772,1.0944353049667193,-0.05756893163929927
2e5b518e-c3e,1.4719993591596923,-0.008851559404406684
54bc4d4d-851,1.1239620767148786,-0.06383008797268641
372e8491-b0e,1.0522133596184537,-0.058361753192624155
56727232-3fb,0.94143882437426,-0.037099408536652556
0111e653-645,1.684083901089013,-0.006596888081760455
5d6c1fa2-c22,1.541705532389545,-0.06934443354142616
06fbcfc2-c1f,1.415339084041363,-0.05785561159483554
e8a82cdb-a27,1.2734732224815524,-0.03306857544425024
8ae5b417-212,1.3658410660126499,-0.051615335129005624
277302b9-7e8,1.4368808526968186,-0.07913429457352428
5177ef95-bec,2.2096808205194165,-0.04408796233382589
e9e5e976-2e2,1.0016292489398175,-0.056744247221185484
c328070e-7f3,1.0230501384893107,-0.0654055354037626
1b85ff00-712,5.590603263389461,0.11723373092220957
cfe4a971-dc1,1.2816217630491609,0.008058518334887244
cc3234eb-aba,1.3556352775749665,-0.07266464982859494
758cf05b-add,1.5391709693423503,-0.03172636263339457
24a35a62-4fd,1.5260153951448117,-0.03693682332099407
8d0b48e1-83b,1.1278341479688587,-0.052911612116476825
c60cba6e-dfb,1.1343512393440083,-0.05543748547097027
88067a55-9b9,1.4341636146710934,-0.0542018568764881
9161151e-59b,1.5060808179056433,-0.04307444323760712
5e63f3b1-dd7,1.5971917045691209,-0.015516226411281309
1a194c74-bfe,2.0637405102020803,-0.008072505786419493
9f93b6d8-326,1.5336810357808701,-0.06127272155286828
03a37ced-b2a,2.428418480567669,-0.00866328102714381
306bc8b4-42f,1.2818089872667857,-0.07613114139396088
a224ac79-ba1,2.0259627855167506,-0.043265451176896286
a680a2b9-a44,1.3610385428423346,-0.05191563219414491
0e3c4a11-16f,1.3570858626340039,-0.007498010324045401
9c45038f-46f,1.954689213379479,-0.0300513124966853
0952f754-9a7,1.0774096387294327,-0.014946860189986755
a2166b04-344,1.6708936663165566,-0.04626083891377902
3b0f82fb-7b2,1.2452159041261748,-0.07569084157165196
b6a1dc6a-65a,2.0969144849802817,-0.05815795571929988
8cfeb7b0-2b0,1.1079083871082576,0.0042613242626046155
208edaec-02c,1.0572682224725594,-0.03392076962098234
7fbdb8da-73c,1.1743876634224117,-0.06708234892444748
c1e2da43-085,2.320690781327402,0.05296377752287129
80e7a1cf-ff8,1.3125911195037143,0.005286739345475078
44223154-8ec,1.4296566944222389,0.029300666100806727
7c105fa6-41f,1.3168923175809395,-0.06272225262844772
f3ceb801-539,1.6958934153466385,-0.0382997656824729
f77d1c11-87f,1.5841148329516321,-0.03898291765171846
57bc5167-d5c,1.200032561213212,-0.03410748058633978
d60d17d0-5ce,1.3568898420612538,-0.07552659627775504
18bf4684-f94,1.5867190773636408,0.0026200314323984175
f9e5cd08-5fc,2.139133557638365,0.014717320092986652
ff8b7f82-5d3,1.892759218161984,-0.04099875230397709
9efb4666-415,1.4930921659235108,-0.0088289288381449
890bde6c-ae0,1.2185119899582546,-0.023784377532879597
9a2aa811-609,1.0534290775004522,-0.08027326884837249
9c3dcdef-568,1.0806935268535414,-0.019136279542502355
29edd254-698,2.180515111647404,0.021802746556619845
97e418dc-335,1.249359513823959,-0.06849985505461753
2d1420ed-b7f,1.903452782142103,-0.0462761927372391
26c05ab5-380,1.2265347651365184,-0.057154705500426395
63249341-cc5,1.4282993982988827,-0.07372094319934525
faf790f4-21f,1.2895019981127323,-0.045123049480908506
57aa1c52-cdb,1.1205579004541333,-0.049862430572378325
09ce7c4c-94e,2.213773332537122,0.002135226077439656
873f994d-741,1.1919218174695494,-0.07027437341911169
ad8c7936-0a4,1.5347108589454326,-0.01476546920042221
a03650ab-987,1.2065282320267754,0.019393569784922127
fef33e35-35b,1.5091213254330205,-0.046841491389604306
3208ccc1-59c,1.1857916387301712,-0.03885262339628354
32a19d89-b16,1.7767976106066345,-0.03872014435751686
e215c6bc-626,2.0858648078028885,-0.03730686976851155
fc044e94-23c,1.193155252049256,-0.036916744200728546
1fb0e470-291,1.3957558815381732,-0.07369261796190801
e978b028-fb0,1.6771718441802816,-0.006381337296281875
decd4ee9-564,1.3661741866786499,-0.04936105122268114
8ec58884-f2d,1.3660011209183116,-0.04037062620121118
205778a7-2f0,1.291370643562221,-0.04802716819083924
778596c5-30c,1.3984404962243744,-0.04309415554834456
44e21573-db0,1.512301259232333,-0.008863588792225985
777ca24e-ed3,1.7175703280789971,-0.028570329603783085
cbf20458-7bb,1.2823544461511593,-0.058699279247781955
3af1a556-b92,1.6710041968420883,-0.00897337235550788
2b4454ce-4f4,1.6534429020302817,-0.002589299245254917
c3defd3a-8fb,1.6699930468662534,-0.049488851096815445
49c93c2e-c61,1.739368641619948,-0.03547192648957154
fa810f60-9f5,1.367897594023528,-0.0690874789689428
5152e446-a35,1.5265486416295602,-0.06747620733346821
672e98c9-3a5,1.4176971022161808,-0.053263981720092335
82be5020-bc5,1.6195157893023189,-0.041537134109345564
eb2aebf2-279,1.1974101695138395,-0.06878892098704853
4b33888c-fde,1.5532956544634573,-0.04155265967411331
54e59472-c09,1.4777940129224605,-0.04399220322893205
f5c55a18-e91,2.081050382688823,0.005272647436752376
4c76c19b-e0f,2.1141611140967775,-0.006282508614063043
094194c6-e84,1.170849018046511,-0.05145595317033885
3828832d-5e4,2.0407450909892395,0.010259309997100563
62fcb0d3-775,1.7016327199613435,-0.007118037438000435
a742b4c3-32b,1.8117701650114677,0.04523245534273068
79513470-02b,1.3945973882010958,-0.06620504787375225
a675b806-7ae,2.4842585482246857,0.03149221020822357
fe28bb26-7c5,1.4538523571631754,-0.05344962874372028
1594a9a0-c1b,1.4854549127987482,-0.049665709661456614
74d704fc-98c,1.5894033457868728,-0.05295492196148921
5172c2fd-71c,1.4524201800263594,-0.020209939643946184
342d4f7a-323,1.9720865460207464,-0.057399057846937385
2549841e-873,1.5854655587018567,-0.0596979537600999
c5f8f62d-2b3,1.7515007263817612,-0.04031736322235513
b0929fce-5ac,1.389164750330616,-0.016817978746269502
e69e8089-788,1.249369739450838,-0.02061709711657711
6169144d-3d4,1.8813616074919968,0.058878918950215686
4c49da77-1e9,1.6474416300635528,-0.035138404104864296
de7d7923-eb7,1.4973422202198194,-0.04389744322924116
4a5257b8-4dc,1.8087440851184062,0.023260021017057597
c2663123-f66,1.502318597383715,-0.03151093034380731
ab643790-bd0,1.9280890103855055,0.0022273216981683053
f94cd999-030,1.77355624983147,0.004638836548019887
fe685b8a-4e0,1.647702467494551,-0.04043003119024069
da5d891a-391,1.6523206785680242,-0.02674899583624346
dd55ad96-26d,1.3497205256036842,-0.03552113060843365
443e832f-b17,1.5131903876916453,-0.040859659416697724
f9d757cf-e44,1.4885870391196487,0.010161827463461948
a9e1ce36-a17,1.5892151737978504,0.010971532535831385
0b39c4c8-9e7,1.509135231046708,-0.015033323080571315
19bcda53-ceb,1.5127483308986127,-0.04623239892370706
383cac96-fa2,1.5464431059946957,-0.038502981690549554
15765e28-f66,1.4956187031250194,-0.025014531770736925
0bc0ebfc-bd5,1.7537987707356864,-0.028419640748372332
a4fb47ff-ea2,1.3681943439864421,-0.00928596878221638
94d7d39d-5db,1.4567453095029932,-0.015253260307359684
9ff7f582-934,1.6223096116820261,-0.02034459395811339
d126887f-a55,1.9939221786365442,-0.005306130750251492
d87de5f8-9e5,1.8107003995849644,0.004222169531527209
d4bd531c-9c6,1.6345850770382402,-0.022619754714787388
3c0002ba-549,1.3696880321635039,0.018634382619011403
6f6cce98-ab3,1.8732024485646752,0.006036271590601716
7e012e62-ffe,1.2555379954149586,-0.040997401242648446
5e8fab96-4ea,1.843383563887396,-0.035977330675628416
0c64b1ad-b3b,1.4328724356312503,-0.03307085903374468
de287e48-3df,1.6944999378028753,-0.02169170658706393
ec3b244d-8c3,1.302857629889912,0.010680161213031836
1213d19c-bcd,1.570885708444544,-0.004012376073214641
2039c814-051,1.642360176878693,-0.027403777006979435
1fae7989-707,1.2875398852990545,0.015318124555241397
fed4f328-716,2.6073442687354023,0.08966570181398126
0aac1a10-c4b,1.4777342992883251,-0.02627514062417252
acdce261-ef1,1.319683592519329,-0.04174461220989023
a7001f96-f62,1.3206952779771766,-0.028968459399054902
f95fffd6-2db,1.4574911852036352,0.012892912666495393
5f729ffe-d1c,1.4966052757175634,-0.006340211324674883
e861a107-116,2.278437040443251,-0.014864982661533799
2e2f487c-e15,2.0941125559028833,-0.0242063131684076
3233d2ba-08d,1.5676659546958607,-0.044859037170182914
4a2af892-9fd,1.5172073594947397,-0.04755999914122455
3f121746-82d,1.5244880972173795,-0.03761193774750643
191955c5-e58,1.4500828097986125,0.025009136942268362
c9a195c0-712,1.8517817031485457,-0.021645190718377894
b67a0e36-95d,1.6509750983999334,-0.03417989894971807
96b654b4-6e8,1.7681564737537612,-0.03638201135650265
c1e5374b-f24,1.472707597633527,0.03538084186006463
fdfe520f-b3d,1.954257312426455,0.02657896858670672
4537395f-f37,2.2173244397114313,0.03574956500881998
15bd21ce-8db,1.9764535762907558,0.012158978148676836
ff341a86-8b2,1.4410393450537147,0.011323540020250045
853df74a-530,1.655506471566877,-0.012386255028438042
d3e443b2-0d3,5.288119254164712,0.07323520339401368
f64b1304-619,1.597737721131336,-0.034428739026211685
aefc2a14-d96,1.7211438148546465,0.0015468754574547994
84e6fa0a-6f3,1.7375606982337277,0.003511582457993656
c0e5fb03-46e,1.3519140542873123,0.013184714755766769
a0e23218-674,1.3846275526305827,0.014149799884327519
2241afef-7fb,1.6576367295623533,0.03365774633916696
015d8ea9-492,1.5816802987099974,-0.012326392687159404
c039b049-a7a,1.5660254724208684,1.7793055131831714e-05
95827230-29e,1.8885214655483835,0.023775423933297568
1177633e-c05,1.384669718535439,-0.011931951135667307
764a1784-03a,2.3471279995275216,0.035219590813052926
91b79d5c-ab9,1.5910607022002508,0.002013827647258104
fd53c8d8-2b8,2.062262578833205,-0.023065055499790932
190c9710-4b6,1.4461239725190511,-0.02519883622007546
521361fb-5da,1.479707598818507,0.03684273664258708
2830ef1e-1dc,1.4248274926128488,-0.001230618105266812
cddcddf2-30c,1.7332412382502769,0.03470422143612062
d4cd984d-154,2.0302816831233135,-0.013590951152282371
ed00c11d-f6b,2.333743991309199,-0.0008905308288790215
da72d918-d67,2.2943694299705344,0.017930604356581448
5be7fadd-007,2.0651007309249487,-0.00025008250149566313
efb30bbc-9de,1.832353842290794,-0.03532532653925391
e5f66b57-1f8,1.821110775057897,-9.045862437051522e-05
baca317c-64d,1.6582037208334623,0.027691034893585043
1f657ee8-80c,2.0161477846657667,0.008740362573606442
eebd515c-cf0,1.481211539840205,-0.02114867084569466
ee47075d-0a4,1.8502063861263915,-0.03270973147930201
84dac5e3-acb,1.449204542026001,0.04162481760702297
e6c8354e-0e5,1.6466694177079857,-0.03355345041546143
69d381cd-2b8,1.9811049344300415,0.005549915790496018
8d66620a-276,0.9283204875904659,0.056539260612037845
f02c274e-ae1,1.960443958182545,-0.05234469705747746
ffc12bbd-ce6,2.0262535420970034,-0.0541659679583808
8e5dd6f1-093,1.5051005856733268,-0.009974383508984275
6e7d50e5-426,1.5825002887526707,0.006797527681688953
4219e8dd-e6b,1.9530264899631447,0.02202153789592387
61e1e395-7d0,1.7095520051616953,0.030862259942968984
038fab7b-b4b,1.388303976373109,-0.009347207459949103
c45b512d-3b1,1.854571385103324,0.03527127715841816
55c7b961-44c,1.6327683108239273,-0.011108365690150779
af9388be-959,1.7168139459610774,0.03459772982444864
a6a647bc-a12,2.2147488143829657,-0.017227807756527047
262b0ead-ab2,1.4100690904112132,-0.02640649908115633
9eff6147-6ce,1.5848251974845646,0.024916775812051317
b8ac4792-2ae,1.8345777886469932,-0.029415222276149955
148515fa-ae8,1.7058059368357723,-0.033909843758418656
8e23dbdf-6b5,1.3865162345969586,0.021862265032777883
a18601c3-cd0,1.475742290123754,-0.017011464346952443
1cb7cbf1-d2f,1.0293984046400348,0.028141218717451344
f7bbb69e-3ee,1.467723937195601,-0.032444034306404024
b1743fe1-1a0,1.9065054181686674,-0.03850205033579479
214f704a-bf9,1.925462974095487,-0.04469668180064934
92dfedf1-6e5,1.8258728598849692,-0.06155260135825569
5bb8e55e-6e0,1.89873652198078,0.02017785438879105
d089b05e-6c0,1.5686832122135412,0.01464313557494723
ef769e2c-970,1.5282169177122682,-0.0284877812333863
ef0005bf-db2,1.9193869298007682,-0.026074986618398188
8b924c72-480,1.4207011429766727,-0.007395391498023263
a456dcd7-40a,1.325162885775789,0.011922104853141047
888b62d2-82e,1.6081843324442529,-0.031957823279960884
00d1e2cd-2f8,1.4139288360625093,-0.007863816959340852
dee2fd74-2de,1.505786034354191,-0.025843420152393826
aec86978-e5c,0.7881931544480023,0.03503212366813402
ab15caf3-f50,1.9524797785340904,0.02120561452554459
29587dc8-cf2,1.4664069857073536,-0.048739672791558
0d3e1ddf-859,1.6550302969244,-0.041998172679191925
b548fbcc-e65,1.4978575908398328,-0.03315802489682279
8ee79f0d-b2d,1.4079688658335578,-0.02067901778402309
63bda352-417,1.3087715838114973,-0.03314855179091453
6bb7de08-a73,1.290192427949457,0.008980541477032977
916a01e0-277,1.9441972318287946,-0.032715547606647966
798e46fe-80b,1.6052908760956193,-0.03805821459193287
6b6ab7d6-98a,1.5204315672652586,-0.05247476303292803
1421b9da-22a,1.8427891969042702,-0.027565841355624232
3ad43058-463,1.5038480873887263,-0.04429623074214889
b54c3b27-792,1.6824631911354826,-0.06400333153936483
d4266ddd-5ee,1.2839329241113706,-0.04094723268699352
4abb5bde-f2b,1.6282828053834464,-0.04684737840448322
3ba8aa0c-03a,1.1387977514845338,0.046781556732510055
cbf5935f-727,1.5485772581446304,-0.04491870704773859
dd670751-84f,1.2919371409213924,-0.004945644062135712
7102d722-b16,1.683543130106162,-0.049342075275527475
bfa86f41-b8b,1.8917576838497294,-0.025966324110724526
f5c70c51-760,1.7252675056402822,0.06852693962036627
e87a7c6a-60c,1.4372879871229234,-0.028962879152301835
77984395-865,1.2785725957153373,-0.0010537044164042886
a2767bda-04a,1.3205529009745476,-0.04002707734501404
4c385fb5-403,1.6415151349701376,-0.06126561456366214
c7d8d1bf-b0c,2.488912364123494,0.029481773274390943
51563e28-efc,1.5841810908723308,-0.03664481123811858
33d1fe93-f2f,1.4110377279670174,-0.04155426733012996
595599eb-c75,1.5798798852845783,-0.07282165627099824
a41eb51d-a6f,1.5099109071906482,-0.053517536223786244
852a2dc1-c66,1.7202496584352076,0.03126284866331752
fe001da2-2f6,1.333301875666482,-0.047548370376820415
5ca9d96c-b65,1.642202891987087,-0.054953912913818015
f5bd9203-5ff,1.2688522050760915,0.015788463075111725
346f7357-bbc,1.8633136906673506,-0.07031168440486674
90720378-878,1.2353621526491265,-0.055914667162450415
752845ef-e4c,1.5576298696883983,-0.02530466792917163
c6c891f5-12c,1.2274530507811785,-0.042727677698819855
c5541a35-7d9,2.219169147137687,-0.02363508024513805
8109de2e-8ca,1.297884389447164,-0.03822686141343101
5d0adf25-820,1.4057580461666759,-0.03535063575516234
ec716c92-07b,1.5565381383500214,-0.015110335389286078
42e490fa-944,1.8564681787649437,0.023112347515353626
d162834f-3da,1.3328462349551273,-0.046311497603125584
c842d951-d4a,1.6244181396195834,-0.06481464389765801
b3aa14d4-924,1.3809448832310156,-0.019882199855756122
eb009fc8-cd8,2.006650416964652,-0.04884739218634265
58656b8c-802,1.416423604892433,-0.009749684135962777
5ddb942b-157,1.7676911502262995,-0.0545196531190853
ce5c1715-fc3,1.5870743140866175,-0.06399107505454471
01ada6df-19e,1.2131475986623539,-0.02803572759633033
44e5bfe8-505,1.278650043133268,-0.043209743815067536
878de671-270,1.7673913739810212,0.08157329751849107
a2d13d20-761,1.5024743052349716,-0.0340226786167494
2ee3689c-9fe,1.5386277180128543,-0.053298059424671806
51c8658e-1ea,1.384782705782036,-0.05986654027457927
adab2b12-6e1,1.30801063734743,-0.033776637781964214
a348c8c1-199,1.5698331608409646,-0.031081133936703365
4c61d29b-f03,1.8528850223873148,-0.026797890452682382
57b778e5-009,1.7266158934093807,0.08776491350824367
a565a616-4d6,1.7831522011908474,-0.06929366684036814
6a0e714b-8c7,1.190701997727658,-0.060500171715978324
7f1fbd8b-e56,5.473471456871163,0.07081048779913746
c5078606-3e6,1.8021899343677985,-0.041672504508965036
b18eb2bb-129,1.373148398733199,0.002819254557584916
a359d13e-13b,1.4164067233711148,-0.03302786847972289
5a78c709-634,1.9235631790068806,-0.024844345521065347
9b6ff509-97b,1.8113023579293552,-0.054149835426356874
c772901c-832,1.2281651866359395,-0.04278876218663835
3cc55cb9-13c,1.4674968118205243,-0.0050709705357333545
3c0f90c3-5c2,1.3782805318506042,0.0783605369565511
31e7fdaf-9a6,1.2172607666320299,-0.013330251083933486
f3284c23-615,1.0396141420079372,0.06600025974772916
da040321-91e,1.5092922373312643,-0.06912413205415102
42122971-b90,1.4656300305606536,-0.007735284335033066
9baf4814-ebf,1.446736518639662,-0.007264426573283356
d85847af-b7c,1.4763271873869563,0.0035575092557803556
0d6d90d0-882,1.72421719293409,0.0064611546940767095
aa6cdf5d-f0a,1.225315146794615,-0.06101304414163661
33635d13-540,2.466116694739026,-0.029641468202090793
6ea14494-3bf,1.1788555070001225,-0.0038575222818416077
c66a8324-5e5,1.1789367878812078,-0.0399525180196712
b486b517-d59,0.682888105088894,0.042068268979485124
73cd5132-7c1,0.8727356739391363,0.03377616630363889
8079dddc-9a0,1.6591019062011998,-0.037754094003984384
74f4a449-001,1.029653128881161,0.06049987325426409
fa258c69-91e,1.0099519404643789,0.06314721954356317
498d7d38-c6b,1.2045109853746796,0.06182266597721309
e58e5651-fbb,1.3486056357086196,-0.005620365410228811
24a87196-c68,1.2931878241288026,-0.008968309851370149
de1bf414-067,1.2526195067895944,0.09737156303210115
9933525f-46f,1.2938212841273722,-0.011134534859025047
27019b03-a2f,0.9088099918062613,0.034667083970881585
f18e4818-801,1.9181713614529696,-0.015851501598781015
fcde804a-652,1.1452717408906967,0.04170603128173156
7cc21a39-416,1.4034753038453518,-0.07006579962842557
3f94bed2-a05,1.6135224739307918,-0.05875814356782272
5b192868-825,1.2939873861814517,-0.020724955945702672
f2927b1c-4db,1.305025434283957,-0.05383974050818913
a4ba5f2e-789,2.0574055910354505,-0.03653860010688814
88396f32-199,1.461628510169061,-0.038235419222306
f364430e-906,0.7061015806334687,0.05554164017291652
a125ffe4-4fb,0.6758758065697615,0.050217647542061594
4f9f7dc0-c9b,0.5351002912693827,0.04578596644994681
fe62b62e-0a7,1.9162342240445138,-0.03463022857590381
57834fc6-7bb,1.513044920145153,0.055794865038638064
4a8abda1-079,0.6499266511448573,0.06769308536745011
bd998c00-607,0.5923238476445987,0.08899566840571005
5881d672-3e6,0.42024582235135205,0.04998731668929046
769d02ce-383,1.2307993919126001,-0.01384492700046941
d562b840-b11,1.3512877184480714,-0.014554096161145502
b8341d54-1e9,0.24425169710971448,0.031930737672253295
30498861-f34,1.683390474122087,-0.06433150404315396
26306869-01c,0.5661409229624947,0.045726004600355474
5cf7b67c-ba1,1.1008855150537984,-0.03966757932208537
dae4cd33-0d9,2.560565926396994,0.02141264582386082
8063af80-fa5,1.2968171890056437,-0.009977926067808895
2a68e9da-ec0,1.818497515632957,-0.058554885335461326
3197ce02-96a,1.3710289895709005,-0.03924673961091324
df0dfbb6-0ce,1.9266593805487164,-0.024761948768893538
a3a8d206-46f,1.3470023658573564,-0.05853299685768032
6e899807-7aa,0.27449001394914047,0.0368744532888613
db6c6ce7-1dd,1.8961042269358424,-0.03852745035667182
e8387968-db3,1.2421599405921548,-0.05510660903887682
1e732893-716,1.46528568289876,-0.04516157830191231
04a60dc5-642,0.31681165236360714,0.025514616298619175
39215fa2-651,1.400794895254271,-0.05763435467090933
a443229e-841,1.3656233198310563,-0.06278993103946101
ae04b3be-92b,1.4086530086233113,0.08282931537858462
a1eccab4-87e,0.27880533460559864,0.08367324838050094
b642a211-27f,1.2087069531532133,0.012733762197478682
8befa6d7-f86,0.7838115537393341,0.05702267996136057
89c1b4de-7fc,1.1293041434033901,-0.04383001563689809
a7b068da-a6f,0.22275258748823257,0.058212541831733855
c2731847-ad9,0.17660672146042794,0.05054577086109768
ea93475d-337,1.5595145760236475,-0.01249914817464054
5876fd03-981,2.0284994407496924,-0.014859885696512809
a6e5536b-423,1.274202081935681,0.00016043476704941106
7dc15154-5b9,1.3976096564783458,-0.011731279557317675
1abf08b1-7dd,1.207228149999187,-0.07558243713963442
e8e386dd-27c,0.4945937550864201,0.05298296758872789
c53fdaf8-087,0.1924138461724545,0.05474826065627769
f0235eed-ac7,0.6502003937311835,0.046679455871971975
da8e529d-e03,0.2401116772670473,0.03159932925689646
903725e9-826,1.7020691938966905,-0.014210907757098712
0052fdba-c2d,1.5503682567627217,-0.012700763743752952
fbc89644-f53,1.2056557222987865,-0.05858752521264954
de62f1a4-21d,0.2653242063852778,0.024617560074048694
4c7711c0-60e,1.5948871902438948,-0.009660926351222454
155998e6-e48,0.4676619229023245,0.03919896810136825
8807feb0-8ab,1.2171446303995817,-0.03417764169125198
56cfc3aa-2f4,1.1211535327749935,-0.056974119101178555
dab02020-543,0.5641034176824816,0.0399033280563269
aebce444-a56,0.579483882719471,0.032649004591155495
e9019cca-af7,0.269727126539944,0.02896514548538709
bf59bf2c-9fb,1.0925416688299296,-0.06576860474812307
5d5dc947-07b,0.7450366795187366,0.04545363230317978
9b533bae-485,0.27987725039689193,0.0643063156275474
2bb4fc8a-e10,1.6535153296144238,-0.03579536774991765
162e3e4f-63c,1.641475555316502,-0.024698160213254272
00dbc3ad-78c,1.3211029783933295,-0.01636967696361813
f978930d-ffe,0.33420839161091365,0.040385090760893805
2e87fdfd-700,1.911750867375142,-0.022258688111472413
c68852f5-e2b,1.5745709235921996,-0.030708061522261132
b10c061a-b28,1.3111135716156173,-0.0589545416764492
dc44cca7-6e9,1.507957359281813,-0.025220770833127792
818370c7-b8b,1.1589353622256682,-0.03877142224230595
a42ffff8-4bf,1.1470948814808921,-0.02386804439908463
97a903b5-16b,0.3967775895452361,0.035774489806161935
54b41360-93b,1.2398594636369054,-0.07665705775918569
75841263-b4f,0.3716528601289134,0.0218689772616093
93e7627b-3d1,1.3352519407904908,0.06977537624241659
5a4033ab-48c,1.3597406085024772,0.06619683020990508
940c7c29-8dc,1.1375365465187337,0.0756393432214485
87047959-b93,1.0445369912196796,0.05069633093467707
326a1e98-7a5,1.5695147278035928,-0.01290628376334707
19438b88-cf5,1.77326723664161,-0.018955744273282393
1e1d8343-285,1.4074100289800602,-0.07951290905072955
c802d476-a3a,1.2796739405916062,-0.017848570974186073
b2f57485-63a,1.2478747557018441,-0.030562820215340625
597d37d7-a5e,0.9084993067548324,0.0480852187852745
1196d5c1-64b,0.6767598298856851,0.04437634069127805
52c35e2a-e61,1.268511986418682,-0.07656591002657825
4c44a772-1db,1.0425526762961277,0.020977688644798986
31e8dbd9-c9f,0.7699338716774183,0.02883199209892584
8f2c2ab8-a6b,1.2031576318364055,-0.04230671895622068
62929b0a-422,1.6704509599160136,-0.03125932653050817
7fd9181d-c93,0.917284113767787,0.027989529994064455
503ef0c3-92f,1.1129088230950916,0.05218068175793278
ce213176-684,1.593685011721739,-0.012734406714619506
c00b2912-541,1.1288013068975022,-0.07246617662097099
67608a96-c31,1.834141926245601,0.07574860919997306
8925edc5-61c,1.1755060885773332,-0.04565844658652918
87688ca0-a88,1.0453852661711118,0.03630645694350165
7f3e3252-5d7,1.1609477086241478,-0.017419852049975537
cab3bd65-79b,1.7111057562283478,-0.011907595612737187
1e811135-8ee,1.6992540895137118,0.059500818830302116
1372abcb-6c1,1.2813685590517787,-0.04038924170089425
475e1b1a-c8b,1.5834328967220126,-0.05678939864965349
af55ea07-44e,1.3697135742851225,0.03692197822592924
10bdd79f-51d,1.2634851381404242,-0.06179463555476927
3f83dbab-761,1.141789674347208,0.07743921440441293
990c5e45-c91,1.3883645871200594,-0.07262102273289023
c0ea74ad-a60,0.4327117485261797,0.07995018364472861
e03eafb3-bd0,1.0452958882991747,-0.04703429411353388
bccc86bf-055,1.37868464234381,0.06096634899276565
c1fc5da9-227,1.3988911488361588,-0.07596801558583394
1228cfbe-ec8,1.7974322219453545,-0.04512589138268924
dbed3a71-46d,0.37529722086800205,0.05532726417559786
cc7039a2-9ff,4.854238877785116,0.0347257205406748
83c4a08e-37a,1.4914041997669183,-0.013440695524345292
69fbea7d-05d,0.3221133953597275,0.028344939754610277
f366202b-dcc,1.5439237320488133,-0.02669904960624253
e6bce8c4-a72,2.3733644027228427,-0.018432780717447084
9a58d76c-88d,1.3231461574847905,-0.04148861932464182
a44519f6-6bd,1.2429634502742137,-0.08429701959866243
d6541032-f88,0.6784000318352577,0.033300642832228444
54e47466-100,1.010881380668572,-0.0241281725353239
7d8fac33-8bd,1.2342913105130158,-0.020628218133758702
837db77c-9cd,1.1787593762097852,-0.059236671862467505
89cab689-1a5,4.875987534882091,0.06371374808225205
7c060d29-a5b,0.8232726383920701,0.07071187025945525
0afad402-fe5,2.0090987140663445,0.09132844561875031
5282881c-dce,1.5620263284022942,-0.06423259729580982
fc174fb1-7f1,1.247861313990242,-0.026267571060888062
28867ac5-04d,1.914601707860599,-0.024220383485217045
8498a54a-477,1.106613300105125,-0.06061588279633762
b59823d2-225,1.5217699273884702,-0.0150881308712138
027b42bc-ce6,1.0641866234362065,-0.07532321386584195
010b04bc-2dd,0.57866607953062,0.05957720964962798
9d0dbc11-e05,1.689379639570633,0.05539832844005432
2e728621-cec,1.0002676646237996,-0.03545366736057681
e447d0c9-929,1.1739072339786396,-0.024224713145270582
593343ae-b95,1.7757377885076535,0.06593932863413388
b8e7bd84-d79,1.0175997054302415,-0.060652070527394186
018b1698-7e1,0.7555458807016174,0.030657832435514232
480f64b6-da2,0.4529769656161504,0.03344021646119755
b3e2cebc-f30,0.4277544522641254,0.033174640285465684
039b0fcb-d83,1.1904768589062722,-0.024844696421988
aca8aefa-e40,1.1688544238156944,-0.04391333372636491
5d962f79-3ce,1.747189036109999,-0.025383510513382834
94533823-32b,0.9494578768679369,-0.0759955947729542
b2e8a4f5-27d,1.36347212267479,-0.061374416322387604
c2c8342d-358,1.1396236572373661,0.06829196115451341
9f4107b9-0ae,1.344255098441776,-0.023881750764622567
6d55127b-299,1.5157105611762582,-0.015625546993412287
64c251b4-d87,1.6415860066596997,0.07113329663928025
ca52c82e-efd,1.4248891527342327,-0.0313580718836825
c27d6ee3-765,0.7398577106618559,0.0276858786185894
696a1a4f-efa,0.6322039004062442,0.02504900526099474
e7fb94dd-ba5,1.3119847175239576,-0.05688453346780481
2c45a07c-ecd,2.0447973093436063,0.03529566450310173
00ff365e-ba3,0.9020526165836016,0.05141811963613341
1b247c53-e11,0.979182182140662,-0.036930444029286524
7aef4b3c-5aa,1.1512347953749509,-0.058397125393582716
a86aae26-128,1.0297738830336316,0.07138108996125292
65284cf2-7c6,1.1024555213059914,-0.03192808714874357
436c7e88-500,1.54743969926181,-0.024862599619181414
4566d9e7-4d8,1.4142996712298348,0.0810230506993499
729196de-f37,1.4064060881784046,-0.0738012628194934
13f23f51-b65,1.1516410516195175,-0.039323972486835224
7df08a52-be5,1.078239454768621,0.02412519578673944
8716a2a0-80a,1.093200024783104,-0.01964786762903975
f389cbaa-5c3,1.3043640984288625,-0.03936668730521797
608c4c7d-dec,1.4915813471342414,-0.022970971745176372
93af0dfc-2de,1.3126952765938278,-0.07782872243303551
b88add21-76a,3.0063319861304727,0.11567901103570144
791e46cf-de8,1.15398958847996,0.025355333579637485
34a2f795-638,0.4103732112646889,0.027049503302897793
5648dd96-7c8,0.9424650456698292,-0.043935880005806616
211a1e93-4a5,0.6500906625547691,0.03110158506104399
e19362de-f0e,0.9219709437991506,-0.015322566272863658
e2e539c1-c79,2.216187754003428,0.03434415637201327
b134e311-5c7,1.7472035255352552,-0.05892603229047905
fc05ed62-eb6,0.8184794656060571,0.039693109568350704
021031e7-df5,0.8217037387462155,0.03514155709338662
e1c75073-7cc,0.6297223118220161,0.030838019109704518
0c3d8abc-474,0.8202322142509104,0.030729597326437874
c334579b-e7d,1.4066511553721324,-0.05391254309016286
f55b6fde-904,1.044164958278108,-0.07871055465675636
a349b7e9-5e6,1.2278955788771424,0.030427576631756326
634c02ee-f89,1.1422818548935127,-0.016829442869866207
067d1941-4be,2.3059261275783483,0.014642271475738378
d63d356d-2d9,1.3684183200120144,-0.034171352916706255
ea3448bb-616,0.9521282902031932,-0.07834199447705648
33b4573b-732,0.9873780488650438,-0.017533425910225386
38868f55-76c,1.2456262293495066,-0.07115055088231803
0f9d6dd4-59e,1.8396164585432704,-0.03672279454565647
c5c591d6-384,1.180550423331456,-0.05379835137486222
0b4cab89-b04,1.5111248716939438,0.03248393476358202
80200732-1bb,1.1531250626675769,-0.043552628575599495
06ba0888-b47,1.1213342201101688,-0.017869373172729575
b5b503fb-3f9,1.2042837526815258,-0.08194719509678561
dbbcd92b-8a5,1.7386937906167252,-0.048635620277799774
31d29baa-c65,1.2353877250889749,-0.03821622370754707
24fa31fd-69b,1.0196104423769692,-0.07800696115052008
a2725f6f-fa6,0.1427108697396987,0.03593954749136774
494f4bdb-cea,0.06215185505049223,0.04054283352596155
e3e797d2-dd2,1.400929640231079,-0.06008933878217815
df8b5cfd-0a1,1.0327670472851556,-0.021976013205031786
88273863-b7f,1.0286388936805122,-0.06072752708410861
6e884ed9-05d,1.158836128236228,-0.03969501501918926
5c307cb2-542,0.3838841895860077,0.035689781582223135
ce11624a-13c,0.42395552024656674,0.02202322921192812
08f20d6e-ee9,1.041373628997753,-0.06516082191262873
cd8c23f1-3e8,0.5933432441223762,0.03026066315057163
05fff44c-8e9,1.0925796318286967,-0.01581179181435155
dfef3916-608,0.9289958838743635,0.03198822226331011
b0ddb588-898,0.642243185773602,-0.0018391819932617737
9c7575b1-653,1.038774233000598,-0.07581896114334508
db365084-4eb,0.9099601012760217,-0.053462018922134646
fe8d5b3b-d9b,0.5882088252038891,0.02699721467031979
6694b55f-fb0,1.6644011409292838,-0.02356422776956746
43ca2ba1-ebc,1.097748306781964,-0.026122596529585318
33d937ea-72f,2.681573842175142,0.15183381191189804
9445b266-d8c,1.1049370921538442,0.012239042609441309
4480ad36-461,1.0025156074663049,-0.050835634275183006
bcbc7aac-873,1.2337569064601546,0.03309510240076896
04c2258e-553,0.9963656605731952,-0.05541653060597601
1a0ccb99-a87,0.9883580953956098,-0.07946395021136365
bc0ae4d6-9ff,0.9293999920674033,-0.08670757778912591
fc91ad5e-e79,0.8811122110727141,-0.02231996516819068
e1993e41-5a9,2.346515369613216,0.03674678392537756
78ce3e06-692,0.9129176213395941,-0.0508785207847382
6358a7ee-38e,1.107689595258241,-0.03532975967424479
3565775a-8de,0.888493643357966,-0.06867259583198843
69276a57-984,0.8874997065135185,0.07246127928449886
82dd71a8-b63,1.8595674379067855,-0.00666211362876179
48cba070-565,1.4339991945190869,-0.07706196683119976
02413a12-27e,1.0888137978334425,-0.07191666625867149
2f353064-bae,1.0823347962036762,-0.05791049812360127
772169e5-d88,1.3565024811673312,-0.0648597524442645
12f20474-be4,1.1621748902465465,-0.05666325900314101
446d235f-02b,0.9011418530184165,-0.05983031520049281
b676504a-580,1.16000092888134,-0.07056646867512867
29d18b72-815,1.2722231385066904,-0.0046383347160585675
284c0fe3-c0c,0.9826433229871454,-0.020737632831761832
8b64b012-513,0.9697874886091977,-0.0770793839773386
bef37ef4-22f,1.0633318583185505,0.04787024710639731
a315a32e-8d9,1.0201641561393857,-0.049737204041233773
9f9b7c97-3b0,1.3010028607959645,0.04140062155610025
e6a0af79-dc8,1.0673862356972637,-0.05556879878813792
41eee993-a09,0.9650622972430034,-0.06046458080854861
50782ada-25e,0.9178949464528126,-0.03685252114962262
22bc0c08-c24,1.2615370334575546,-0.05570884179321034
74366087-8f4,1.0574838872777246,-0.07109081556876296
d41aa0a7-a9a,1.3141642942260046,-0.050243587670352086
eb565539-5fc,1.3893523460149262,-0.06864248093322506
683b5f8a-749,1.1161380212591618,-0.028391270631643817
c203cb51-824,1.197993661836194,-0.03864640041577222
733eca91-868,1.4463734410915916,-0.04699019982357222
850410c6-d12,1.7848250987504533,-0.05761071372470322
6dacf8a9-43f,1.085840643046465,-0.01613149192277802
794efcbb-613,1.4184529060179565,-0.0055582645850010826
d3ce8fe5-083,1.1278142914374387,-0.016856800293855057
e5ad22ce-10b,2.2292087536437215,0.0693554402051173
fed9c363-4ce,1.0826766092042983,-0.017081528040839955
da73ab31-a35,1.8351422004633366,0.05590724649587353
c24af027-1bf,1.0144235122136014,-0.03457341581477147
36974342-d71,1.3192455415778257,-0.0597313371602477
4197a1cb-88f,1.0040723668347515,-0.060284876533609144
3e33d60e-31f,1.2027260147680359,-0.03269791661960425
19a8ae73-769,1.2077072957959514,-0.04550716729203008
b3da3cb8-82e,0.9875129631276636,-0.01219090902111114
ffca0fb4-9e6,0.82415130846485,-0.024000609791426153
c2dad0df-cb2,0.833057881913223,-0.024857680871145094
8a5f0f62-017,1.2343837477327906,-0.052573897997507446
fa8fff88-16f,1.2015125845157288,-0.02769093972151393
105d5524-ea3,0.9882505580624201,-0.08004317371927144
a37bc320-c56,0.9331972405386086,-0.06334356099599908
d24eaf6f-326,1.1478238987760103,-0.07369611044096852
b3861982-ec0,1.3589153670621215,-0.04433027311130322
001ae6e8-2c2,0.9586968092793444,-0.0471854151005911
5aa8b1d4-e66,1.1858480374059166,-0.07281571226903988
c6e3b403-f06,1.2756419770250245,-0.05277017460517103
ae7e0613-5af,0.9859903957682671,-0.04593774273773449
1516efa5-40e,2.0325436888683828,-0.01809009365516495
dc581193-2cf,2.9558749935058066,0.0760670959464228
b4a2622b-698,1.5618181111978653,-0.058939124184210434
9b3b4e94-206,0.7837912366442719,-0.05683693733657763
f008d795-84d,0.8098974910253108,-0.050626812468058
97852bb1-e1f,1.074178879542776,-0.09988769636260403
9d39df56-c62,1.1829404812947284,-0.0533250417413802
bf906fbf-191,0.8575315216621351,-0.07022724140374514
63a31846-947,1.0861966577559659,-0.07778923522432007
b6d8c19f-ab1,0.7628542542819138,-0.054931788123281367
b81b7a14-a67,1.8229139807631722,0.009686312875422431
1129c1e3-90c,1.0813944817214127,-0.08306106710587047
fc729448-a27,1.2890983391702155,-0.09644731921272898
43700f8a-e8d,1.0972882450054051,-0.0776526292000203
4a649ba9-f52,1.5076990371424364,-0.07872970060817264
b636a951-baf,1.0102866400519277,-0.08669507789942021
af4b09b5-5d9,1.1628951173002675,-0.03684538533705284
8948fb57-c98,0.8235329564742241,-0.0675194652243663
ea061a5c-949,1.440192526061847,-0.03246895109384429
ef9494dc-c82,1.1473606215374377,-0.09055300394653554
3084996f-249,0.9549159497703306,-0.03162145004757
c5968204-c60,1.061172400775547,-0.05033719811451509
da7de091-b34,0.9493868095688289,-0.07199730106296592
130f8c38-249,0.932260286411669,-0.03681484098806265
d27009e5-315,1.5969887717181546,-0.04411967457414129
f9719423-422,1.9347726853283924,0.022687231748853343
04fcb008-db2,1.5466892920100344,-0.07833613816783541
6f616553-ae7,0.8978385109230143,-0.07261367880060554
41c23ce7-cad,0.9837877245922448,-0.07943978706124238
d1aae936-961,1.640569510704116,-0.05371917283404837
c7331fcc-d8e,0.7475892846893785,-0.09217675518781654
20e108d5-915,1.2672631117848812,-0.053090347404278315
7dc8b81a-a4e,0.9258117441383873,-0.09765839837998669
793c59be-2c4,1.072786465074379,-0.09681301142647347
5035808d-987,0.6941156938352007,-0.04350999505065195
f4941801-aa9,1.0378437445002473,-0.06433103495205533
2c2685fc-ff8,1.0160314810621212,-0.08808386345698616
e0330e51-b04,1.581948386097878,0.02248679295810574
0b4f579c-176,0.9577266213859285,0.0026129935312458885
cac847b5-472,0.7731107100507674,-0.07677222774601788
99e1faef-21d,0.971160222330956,-0.09103613477116068
8c8f8f5d-21a,2.3144887281673743,-0.005424010597349538
349a045c-6a9,0.7477301219745771,-0.047123176996984595
fa467762-cf6,0.7397588702899334,-0.09651688889775528
084f64f3-4f3,0.6465492328682126,-0.06859118101100847
68fcffa3-ffc,1.1020798814730122,-0.06124160041727267
ea6381de-b8c,0.7148346798876821,-0.10484805168953537
a948ede9-3d5,0.8594012944233406,-0.047115875766652715
c9a35b14-a24,1.0856491583939267,-0.07880550242077772
f869176c-611,0.7145563023416494,-0.10582905907654755
3798967d-be9,0.6977055439615223,-0.10219891503053552
da97a4df-b20,1.6570708311238946,0.007594082108982381
13fa05cc-454,0.8345936090517303,-0.10398027686510669
e9eebca4-9b7,0.9895200864156188,-0.049173775284137744
2fdc4d1e-132,1.0638576653903316,-0.03300717510747503
5f7f1c55-e97,1.293673457806896,-0.013860041864521166
00692bb0-dbb,1.1173957931402314,-0.03189300108661258
a2b4d6ce-538,0.797424808353047,-0.0674155676480443
15297271-293,0.7003863591980032,-0.047613889530926545
76780843-b7b,0.7011016375050606,-0.05356748688980889
ea70a9df-e91,0.975360201770227,-0.08149392064074701
14fdc2e2-d2b,1.0198267893794517,-0.10660875638840828
03aed1e4-529,0.642812607006843,-0.062206209177158855
b6bab0a9-94b,1.012434413901344,-0.09768246634157146
40b8705e-823,1.501510816345602,0.03180470284661652
616f8e94-f94,1.057693729578505,-0.07895217198760862
c47013cb-73a,1.0971512261479763,-0.10083691889184038
49c434c5-a4c,0.9123496786493999,-0.04840610746139784
9133befb-4d3,1.1535493766892337,-0.08821471385126428
2e29085d-3b0,0.5477907478852697,-0.08904173274680577
c460501b-0d9,0.9347494661955156,-0.04817001387670472
d6c3a556-da0,0.5400039382895919,-0.09976696936150908
49ad7778-ce2,0.8107656259469509,-0.06310799948508089
a5b828f9-b0a,0.9378916079906829,-0.06567025363620632
f7317605-ee2,0.8097409595769148,-0.02722019343501847
fd56d3a4-2fd,1.1821276217583931,-0.031084561208449324
0a201492-397,1.4744800176763597,-0.07462846984620358
a02e5ef1-eba,0.6483065988609329,-0.07075285464500142
6e2bf098-4aa,0.7515461715816574,-0.09795579686066674
0e120346-9c5,0.6144601736204667,-0.05003926422664068
132bc645-1a0,1.1757204362722937,-0.034925686414666535
bed07b5d-ea9,0.5587689871235341,-0.0933225355880758
87e8d2d9-c72,2.363926713999475,0.008796712692197284
7598767f-446,1.0992136551256402,-0.05729566950758619
7abc809e-4a3,1.269381290564579,-0.006936634807810871
6a76386e-c62,1.0466167818764802,-0.03936585573493606
9d230d36-3aa,0.6800347745631323,-0.10038734008915567
6799fe48-679,2.775722310839347,0.027894533030117796
e0c066cf-c7b,0.5920291668729396,-0.10082389476562054
ab376ea8-3e9,1.3602362929249665,-0.04895844380670644
14cbe2ea-63d,1.0225032435909407,-0.0819336095078817
3ad2402f-386,0.6684558804467642,-0.048573555589342454
52f065f8-508,0.8555701885435237,-0.04082241482210647
9872e930-342,1.044265407713425,-0.1029902349111137
38e27caf-f28,0.5503983540139168,-0.05239862863427863
6cd3064a-298,1.9082235522043014,0.09434202095409394
f6e3eef3-357,0.8863875711614373,-0.059916567585224734
84251320-8ad,0.7738850833914658,-0.03834460519899857
1e01f22f-811,0.6364938097016173,-0.06372984740197446
78a7c094-e2a,1.5746987153831946,-0.009473777430862917
609f8d22-c04,1.164020225220121,-0.05412945575775596
567ccc5f-637,0.587563266068825,-0.060471270258991794
ca66199f-06c,0.5915559898785782,-0.10000310301834298
bc783c2c-9f1,0.5716615611381924,-0.050017231854828925
c2dc7bf6-743,0.725272311060048,-0.09947167500260029
ce2888b2-7cd,1.1028623989795419,-0.06656656526328258
374aadc8-340,0.6407212978147165,-0.05909807033308717
4c220e81-30e,0.6129804572963172,-0.10598101928376397
5069aac1-734,0.5957048250109604,-0.09976970662931628
649b7c1f-4c0,0.7735056239125799,-0.09845612206322463
27ec5c39-a77,0.8539408657591657,-0.07911646204535205
4e5ff39f-f8e,0.5183641089483892,-0.06828252044108907
53538ddd-461,1.222849887227626,-0.006515700927125501
c0578a45-f52,1.0175333336532162,-0.09027818858229542
bd72cc4c-ab3,0.9174301522406512,-0.10449882045912601
dc94ca05-afd,0.48346757998272305,-0.09943533926305803
b52ccb87-532,0.6446758774997761,-0.055223456548841476
f318bb54-2e6,0.6758955733588117,-0.09171854621333908
124c9a60-4f8,0.4510666855412978,-0.050721427564039634
d9405f3d-1d8,0.8982057019217469,-0.06984905350952642
621e30f1-a01,0.40483284181131735,-0.06006920149515932
370b06e2-6d7,1.0086415471214938,-0.03231290534251974
474feec9-322,0.4960509262804903,-0.08109205378897177
a2a10876-e23,0.9181499969932599,-0.039786284937490424
aa2c566b-791,1.0934875619346405,-0.04043941436867776
5fa45506-562,0.8115856172208467,-0.05217814002223792
5a2102ff-065,0.47336555650409295,-0.045414815570237965
e536f253-b7e,0.6290391345869675,-0.07014946984826587
fd425365-709,0.5337896871108386,-0.08459779985179294
d4053cfb-3b4,1.264894569400702,-0.014315432492024105
d8a73120-a3b,1.9150823338535279,0.050165497606738274
c47b15ed-dfe,0.7439871547370573,-0.02624577438467357
dc27bb2d-26a,0.4418059619128779,-0.048559344741467725
ccc4becd-6c4,0.7412223246346057,-0.032913867519409445
688c74ab-844,0.5812915411239543,-0.09960910474592494
0406e704-5d5,1.8384992271467067,-0.014727956429349431
784a5acf-f27,0.649226925613876,0.003842974238641217
5b305a15-170,1.0010379966663745,-0.06231429615633316
0ab45702-0ba,0.3671005750179545,-0.10313744962811755
6fa3c318-9f2,0.3887199820732501,-0.08636497166813817
e4b20aae-13d,0.7089101657245093,0.023240417789320955
cde1d7aa-414,0.7376529099101743,-0.08368360137458469
67fd32df-149,0.32968671832839286,-0.05768270493352501
7cbc0bdb-6e0,0.9625494127328507,-0.07771677174493113
3f58a5ef-6c5,0.5292846173358884,-0.04141092622727466
38aace63-363,0.4789157645901452,-0.05642864966403949
e754dcf0-513,0.8868773231830549,-0.052838516600246965
56942623-f5a,0.8624488363111049,-0.03989382170090672
e2f980eb-812,1.12601657426268,-0.08571840329915309
fd9f3d87-c3d,0.9541878841806651,-0.06144666789008052
4c80d624-614,0.6260098887303548,-0.09338663146407422
3dcc12b9-1ce,0.7811734757681824,-0.05716743569897825
0b2b88b2-b4c,0.46660467101826997,-0.09805265479234948
ee3831ba-867,1.7763203999576738,0.06641172927889827
66544de5-c75,1.2567627805322004,-0.0393348783350399
48c8e02d-d94,0.6206461886005992,-0.08859768801797402
9254b583-b7f,0.4254073135114038,-0.05533326235458719
0a854d03-4e6,0.6618598495337711,-0.03945588010766776
17709372-624,0.6519753037140927,-0.05876929225003219
fef447d5-6d7,0.8120570210928506,-0.09973935922107258
fd81424e-cc7,0.4813037380867879,-0.06967282165149097
fe984ba1-a27,0.9131155233542402,-0.08880348721343123
ce2ca806-45f,0.7939784310718869,-0.042660182986874295
4887c904-a4d,0.8593109995529078,-0.09144729810993951
f160f247-262,0.5979956822359773,-0.09075243395347071
cbd13280-d50,0.6013822794430327,-0.06780271218896711
813e425e-e68,1.3963657407284011,-0.01825328731285636
40b2628a-cfc,0.7301938564793786,-0.019633427273268833
089ca91d-253,0.4228533126727596,-0.04028703520164639
2dcde85d-42e,1.3211955972612148,-0.030309660404781946
4efd1f32-c1f,0.7466090673943608,-0.06352947341876136
8341c791-ae4,0.9426505377821905,-0.06648152418891107
8b0230b2-0d1,0.5742074397218315,-0.10189743592366501
a393ade1-fb2,1.2567500715334137,-0.038942959328432114
66de2974-225,1.017848700852232,0.13453369879499122
81891cc6-46d,0.4254076101312364,-0.02343441237251892
a1594934-d54,1.3834270509596487,-0.01720534216578229
f07f2cc4-9e5,0.7771109362186658,-0.09384844344311749
ab53f4ae-625,1.1255739014293846,-0.0562541325720598
22520ab5-67b,0.7596209108128711,-0.04386437609694738
675a23ff-7dc,0.8226131478716339,-0.03911239994580823
a9129e6e-456,1.200844120645554,-0.06855858852140329
06a16b08-86d,0.5549870406973343,-0.044834593945058676
f6e490b6-9ef,1.2027664663608064,-0.013198366172096687
c5a0d997-6fd,0.48835802714755766,-0.04493112587274589
60f4c4c5-c9a,0.5107970904462937,-0.04231426285640516
eaec7d92-1ab,0.5946988715294121,-0.09322263549572418
0200cd99-bfb,0.4474154620379949,-0.09458874189635846
81f98c41-3c0,0.5988973787660148,-0.018744520628812433
837ef44c-e05,0.3596207737427826,-0.0906436353208151
1e49fc41-0ea,0.35857013008749916,-0.03539139260691765
77c93aa1-b5e,0.4853361203097193,-0.09147630311113403
18551c41-ec3,0.7923772725498688,-0.0322943961166855
be25432f-61d,0.29594216202343393,-0.05228411603601657
e713bd2e-3f0,0.401435019403233,-0.03765704914069162
bf3b2a50-408,0.3331236724998708,-0.07517692217365235
1d25e5e4-17a,0.3883189231954586,-0.0912815717964755
95060fdf-8fc,0.9244448540484076,-0.08082913548117127
18f4bb53-f73,1.263035210183502,-0.048365014727488165
5d5f280a-c71,0.3429175691505375,-0.05910314590441873
e93e9283-a3d,0.9432538834505575,-0.047730383011819866
707d22be-1df,0.8752197255162728,-0.047689367734832455
af1058b8-265,0.5359528615506199,-0.02136213513866736
0de96445-976,0.8619336099932368,-0.08842647617418575
0faabe9c-3b5,0.6539473687077243,0.02472491790827336
c863b15b-a24,0.6351736819462938,-0.06623466321117244
f7a81041-5a9,1.4430793931988033,0.00935525199327314
10464314-ac6,1.0672547890480286,-0.018445191656043802
a59d632f-507,0.7154736937376851,-0.08446339874014214
3e0319ec-228,0.7343489774252345,-0.036935000682079
d14fc256-bef,0.4563485355110934,-0.050888405201229836
c22543a5-dfe,0.3966513865324498,-0.08905174431917973
1d3d324b-17d,1.3130794334116629,0.02088630562355076
25f33b3a-108,1.1739473350783336,-0.028592409529864637
9870c30e-cba,1.0812743582012683,-0.019335702566608326
6f0923c2-49d,0.5461131292836701,-0.04687118228193432
ca221a7b-ff4,0.3571711001503266,-0.04428610838132546
7f190fe3-ec7,0.6965703676717974,-0.09791853202484657
d486e9cf-29b,1.1611377371174614,-0.017512799224165432
195f70d8-04b,0.5138995244346943,-0.06199022084429784
9c6eb4c0-d08,0.3963074133984693,-0.05058464477648661
cef2b822-42f,0.8814490872506955,0.13796775434639608
6b4b3882-6a2,0.3163945392008902,0.015679062990961112
7ae8e86b-da0,0.9422358651317778,-0.0722419160907341
3060fbe0-fc1,0.484865653902723,-0.0908320890541684
a1daa1d4-e2d,0.7917627598615998,-0.033100163146691064
25ee7870-92e,0.822392669331335,-0.03651052486178302
6759982d-685,0.3789144025453904,-0.0690671113760854
d95565c8-511,0.7166879048319166,-0.03837216752132605
2d17fefb-751,0.34259714284695125,-0.05826785451273997
e7c54129-983,1.567121431941994,-0.009731294312353589
3d8e50e7-a02,1.5600534643354258,0.16042696490752062
009c2e42-b4a,1.0738339926848588,0.025177736804924078
2c38755e-53c,0.4120973598505897,-0.08656544344418415
16152e23-622,0.34550687829067855,-0.07849854094694336
452701d1-36c,0.40961574945862955,-0.061028648968135035
f8fdbceb-454,1.3106465939866356,-0.01754890990766017
c0cb4141-f52,0.5245738396032263,-0.0812533709887393
ddbb14c7-bf5,0.7394947782552537,-0.0568409984515198
1bd6a727-b4d,0.7467126684334593,0.077450281301773
418cc523-76e,0.7097218061306196,-0.04276415002721312
290d9dec-416,0.8538574679457157,-0.02636022001541566
7d819289-5a6,0.4824086436421491,-0.04019076013494122
5d1eeb97-e84,0.27789463256109337,-0.08895132886890023
60792c48-8f8,0.7860227181374292,-0.08219055585634416
6870cebe-7f6,0.45089229077612003,-0.04424562303982116
d7edc738-5fa,0.4161833871075845,-0.09042330507935176
030ca804-bab,0.7450771147830044,-0.09215791967856518
80c4cb5b-7ea,1.105712721167101,0.015448745921855966
42cf919c-abb,0.5738962706768433,-0.048510942648961886
c701b2d3-219,0.6125092029501564,-0.03707912893303039
25924833-2ed,0.1302330077018358,0.055620373909726295
4e21e126-3fd,0.28247844541853184,-0.04363757246273903
a458c5f0-902,0.43487196356361335,-0.0729881119153698
b7b619ea-151,0.9897331824545454,0.01256383196934685
0e92ae58-5c5,1.348933164316333,0.017786006076113803
50c8aef1-d37,0.666195311764189,-0.09456284084349487
cc1da2c5-04e,0.6421487013108359,-0.029594202794695545
6c245528-2ce,0.7236789319231485,-0.05555491755702385
a748ddb1-a33,0.2714931877375494,-0.10355887231290761
ceaf1088-694,0.730313660620018,-0.0758973712730398
6e37cd7d-72f,0.6352827790320754,-0.10344569763045158
1c21260e-85c,1.048317348574539,-0.023502063705658827
8d87eea9-a15,1.016163643333683,0.055034700385189206
b922d5f9-1ce,0.2508374703244932,-0.05989976677063674
2edd581c-d15,0.7372448566350083,0.03890151140677445
8169b2b1-20f,0.5466224168088996,-0.07628444426585318
b6cb64ad-1e9,1.7338184272885875,-0.00038775905935017896
6fd4ce39-516,0.2936806957566117,-0.07019173516273758
0e8b35cf-7af,1.211329285006105,-0.02578794852241756
299ee30b-777,0.576297999086052,-0.10188012418217007
47a46efa-c90,0.5137839614488245,-0.09126689716566877
0a025deb-bda,0.6163786524945786,-0.08227308513105513
7f537f1f-aba,0.20439151868106878,-0.07071437016478543
02c0288f-b9d,0.39547819591851496,-0.02885673178558562
d32b7f2f-5a8,0.135527853917289,-0.09521017871304904
7e8a729f-605,0.8482821833568512,-0.07368793646355426
e9b18593-55b,0.6404648434953233,-0.04235099530243408
5de3ac34-ddf,0.2896503762406443,-0.024757290567224255
1b867ea0-52f,0.3292580698921581,-0.09784948258469706
cb5b7d9a-61f,0.3368815611085265,-0.013657284178346218
88e85146-c0e,1.1442480580119125,-0.030215698214902553
75f22cf5-0d1,0.3269300813398741,-0.05797939149369996
55fbf419-1e5,0.4600024430051257,0.03344160021758191
9abadc30-353,0.8456008803467112,0.041236479866950115
cbb8d12a-f50,0.7193381735870836,-0.08247112815743968
45164e96-e0f,0.7000365405988161,-0.02822643183318657
cc221b02-ff7,0.382186095601255,-0.05310480765754855
82455b2c-cbc,1.0110651040884313,-0.0011348710209911905
bcdacee1-e84,1.1544273386275536,-0.037831961023807315
7bd8e9bc-04e,0.32954878914243985,-0.054942593313905
08a1d3a8-817,0.3721296247171064,-0.09602538040527236
d3143cf8-124,0.27481147567181125,-0.03715723660579562
79383e36-c5e,1.5980232792911337,0.06589273122848394
c2f88f59-2ce,0.5287411438295699,-0.03907057527720548
63b49805-0c3,0.5058767415705361,-0.04258838549179278
49e9bcf1-688,0.44388286394226434,-0.033294275165580645
820539f4-f9f,1.36569608304629,-0.03931621862499968
49401426-901,0.5760486871371293,-0.040688676511124344
6e33a1db-c95,0.5999180042304646,-0.05577887276886373
9a4023f8-5b2,0.24517586684660053,-0.060438761648833716
53fe81d3-fad,0.29744093770870367,-0.026543775333827457
9460ce2e-f81,0.2420693782582304,-0.053990172729727726
34923fb5-4f5,0.49247425856766686,-0.06353698873628977
06aa96c0-cdf,1.1124234637102473,0.019420883512791476
bde9f11a-8ca,1.2542090814036222,0.01864653763099966
72349c03-444,1.312313300948158,-0.007027952622080447
bfbf06e5-788,0.4864828491424698,-0.09408758345490714
f4c7ddee-344,0.3417416590783168,-0.051938895060664625
9eee6086-273,0.4591975989579405,-0.07604268391817814
381e9984-934,0.9256197504686047,-0.01438468490732664
00bdc469-b33,0.18761647634600218,-0.07698023548531174
ef4a3f39-6ca,1.6036279235558193,0.11036096262143391
d594d8df-9af,1.4520376161974995,-0.02796801814142552
31094d78-874,0.8266484941700285,0.053526923760366385
0cce7d76-431,1.3754829834211781,0.03931419817656623
36a57afe-33a,0.39866801389175105,-0.09346512243316496
6c2638a5-2f9,0.2412793217424941,-0.07277590780552101
f23aacfb-444,0.2799532203902497,-0.04357256541779436
95ceca29-1b2,0.5845341445077966,0.037790157611474195
79c633ae-35d,0.13906535649124827,-0.05483020495479385
77f34172-5c1,1.7120826282264097,0.06361076398126653
f586e685-a25,2.277130086083589,0.00610591208026956
43778952-5fd,0.4266177968834967,-0.0428375816355423
3187baac-f8b,0.9382566777456683,-0.052249164375024026
fb6619c4-f74,1.168539538171077,-0.043338309972889566
52c14429-dfa,0.10811234117103363,-0.05901760086405172
cc2eb8e5-d83,0.5273290867883809,-0.08182815664923593
d2d74a18-b08,0.23278577872513076,-0.06370199760855733
af3136a4-d38,1.2725631448041765,-0.012383809359943099
0aa998a4-539,0.8124853161493826,-0.022221082202363185
f36e4697-210,0.44470964201588437,-0.042474252677880464
7b49c9d5-422,0.18809961139859532,-0.09286770699942792
1c6c5a7e-a67,0.5482086300107238,-0.09836915420553782
1b717252-ef2,0.11118839346291104,-0.09835651245071292
a2b95f26-be3,0.1892908317549588,-0.0665080026126631
62d2e2e5-b42,0.05733427849189236,-0.07478151368825675
6a96483b-225,0.11382651889746218,-0.0912744699584534
106bb14e-3a7,0.2188934540881002,-0.04644243299015682
d8f4b3ea-690,0.0782775913913253,-0.09589389148109251
bb74b18f-0a9,1.2608113630928721,0.05422861112934951
89d4b428-f51,0.13104801556524107,-0.052795581841733386
90a70311-9d3,0.32333565678725673,-0.08975607101162686
17b25be0-e13,0.5182731239031058,-0.04833600555110462
24ed53ae-69c,0.2990524784788031,0.06027119697310934
ed2b118d-e9c,0.5127275587926219,-0.08917736577041674
7c4f6344-f8a,0.46217246759524144,-0.04832835633491178
4b73115a-ea9,2.4704372491595135,0.006004586181577842
e25ec485-087,0.2939836079887132,-0.03795965151285713
515b3c9e-66f,0.4147752442992957,-0.11139142581201655
3d800d51-2f6,0.4281279633328097,-0.08042627883270459
a433319a-33d,0.8028127079162137,-0.07835488370390498
6dd4a040-e58,0.23557238699277258,-0.0638191734328406
502e6f94-0a0,0.11428458369756737,-0.04537097352551078
e791a92b-9e1,0.3561553961892123,-0.09101505460962128
276530c4-b34,0.5783098039677748,-0.09409837933604975
2d31d4af-8f8,0.50366253273659,-0.11050730500688305
dd4d3ef5-4e4,1.0001825427535413,0.014698983801991972
3e5842c8-719,0.5266608927765659,-0.04534994491322619
f146e1e2-6b0,0.43422563656956675,-0.06969477207057434
b588dc4d-c90,0.5848705163329182,-0.05887218747031092
6b2f1644-9f8,0.38787636734731623,-0.10779774894805211
88433b16-0db,0.3409447212875058,-0.014709003450547375
83a124e1-a05,0.5666253543916117,-0.1093187961279734
fa72aa98-f2f,0.5087175800454157,-0.03760089143903006
4341f56d-665,0.26502188139063715,-0.10583764691098796
424cd015-8ce,0.45737187672892904,-0.04813404672647126
3608c9c3-519,1.430474236649618,0.03295332278240426
62c84072-b0d,0.4141177183503742,-0.06125595725897065
0145288b-fe7,1.8263065151516966,0.06428258624756455
734cc5ae-94d,0.09768817781491922,-0.07210777903639465
9f69a058-9bc,0.8522163910213413,-0.013874545025755136
2595a037-959,0.15865995311553754,-0.02813541730052127
e86eaf0d-335,1.0046301059483396,-0.013920226829821358
8c2f9fd1-0ce,1.6840734497084984,0.03940237033807259
d8147f77-85c,0.27198675753630625,-0.10536462261989055
8574239b-23f,1.4244486621611236,-0.031103563624277075
e2b70a02-e16,1.6598066469886459,0.004719628935923148
2170cf2e-621,1.252816866206303,0.08774089736297086
e4a62276-3e4,0.22436566259168775,-0.06926200887060968
4ccfc505-c9e,0.46025761089727,0.010592891446640551
4f4413ce-5e6,0.1213835540691729,-0.09908177386084299
48831730-02f,0.09333499537299259,0.009035590529164583
622365f2-8d4,0.41075428034250605,-0.10026998051902619
cf2b1f0b-ec3,0.6984151104059882,-0.05104005724064531
e28fcd49-be6,0.8139723632928723,-0.05728261690475306
fcfd1663-ad6,0.48831517540758806,-0.049144036969127114
7420f6fc-da1,0.08028886194028229,-0.05062914954286035
a87187c9-940,0.5064984203163798,-0.06635533828542262
13dea8f5-ce1,0.5250728912314334,-0.0034744194448394494
d03522da-b0d,0.678494191303594,-0.03854860946905936
224fe6d6-f14,0.646109792045958,-0.008638773893992091
e03fea15-7c0,0.14014638268468096,-0.07523599759143917
75bc87af-f47,0.31514632542885496,-0.06705590647254794
ad17dbf9-d7b,0.7150699074677196,-0.032341128447017475
5d127575-484,1.498594246113802,-0.03182636740134642
430c8d70-f77,0.13631230532814076,-0.09908438554458554
88ee2af7-5a1,0.8017489458445568,-0.03989695180085839
44fc8c84-7ca,0.5019915761989229,-0.04922953780601391
aa5c348a-423,0.7520895298081967,-0.055151758128297645
52dd72ff-b54,0.2468924596972926,-0.01406840775409468
7c7832f1-4ce,0.238607620448129,-0.019358916692852557
14431ca8-a2f,0.7659401169845159,-0.039630907256161974
8b13d952-8ec,0.3796012362354511,-0.017435855493078856
444957da-f4c,0.8056565770163326,-0.05629606328656994
f61225d2-455,0.31358211451910084,-0.0851932990568196
271a06f4-36d,0.3267775112922843,-0.09314482284710746
05eae0df-ea5,0.205322615612593,-0.0956139699739777
82d1c9d2-e6a,0.7312191421876448,0.03917394202419022
887e1612-a88,1.1531495671345877,-0.004649843627694772
a9744797-dec,0.1635871255105477,-0.10817577918061544
d199fe7e-0bf,0.18311875742272715,-0.0989955359962073
168fe048-8ce,0.4951642285180032,-0.0819151494359538
c7f6de84-b5c,1.5614556933157688,0.02075418740597179
fc4588f4-b42,0.1882884569661899,-0.06426170785826246
43c1a257-786,0.6350514707801722,-0.06097531962697317
58d77152-ee7,1.4809455965906482,0.06768795418911011
15b0cd0b-4c9,0.7112168012643054,-0.021240146664742166
336e753f-5ed,0.7328386970731788,-0.03171997165232193
b72ebaf8-546,0.9979664591149445,0.044370401408522886
4e5804b3-6f0,0.30464949928574087,-0.04707249200510161
f6ac6e9f-7ff,0.9734999032783859,-0.007524688804694202
770387a6-7e7,0.7692523710432292,-0.03567706537404852
c577e4a9-8f0,1.0709384183950095,-0.040224124750500745
83e1bbbe-9fb,1.2622480343541786,0.03545566018537105
764df4ea-cdd,0.541824180656213,-0.10362035279269605
f5fd6e83-302,0.20132682954941414,-0.06513063972204391
6f93d386-33e,0.6194788975857884,-0.08210480342164866
50601ed7-861,0.25797992785831914,-0.04925651930258612
6c593dca-c85,0.26115844856411874,-0.0754297173590398
d44a752e-8a5,0.8822638498821606,-0.08473474658019936
5b00e8a9-228,1.2980135653963119,-0.02244673808948916
277aad1c-a74,0.4537441486207314,-0.054906236776841144
9710779a-0c8,0.44295124536578045,-0.05513503440430806
829daa53-d33,0.980070994986088,-0.005275783229284403
9b790cca-5b0,1.2763340410564485,-0.032100844265660455
f494a1af-f02,0.7061989934266248,0.05688189283097611
be5d356c-eae,0.7074063529157327,-0.09429979949402761
3070c8fe-298,0.3304899935397159,-0.05576704631174545
ee177af5-6a8,2.023366080207418,0.026551250972524754
a125c65b-49b,0.2339613741995347,-0.08792942072084592
671dc71c-020,0.914350730434355,0.006807680662418658
533ecf4d-cba,0.3162793481201438,-0.05392622166030081
41bf4c7f-edc,1.3224230516377184,0.06392349177677337
481fb2ce-a9a,0.23923813537644412,-0.06972433429154856
c09feebd-2e7,1.3718037127011815,0.03752321975052886
6ddd6cac-f72,1.5253565094201422,-0.023239698501712813
39a1011d-28b,0.4804531266577942,-0.06791576887247369
7b7815b5-5cb,0.4897666266300323,-0.04740036719338464
ef643603-728,0.4183703081753406,-0.06587588344857587
750da180-46d,0.3878081360516291,-0.03135791432402263
31f147a8-084,0.6500071784515403,-0.059107104552450274
1f733ccf-3ca,0.734844699637013,0.0676555929171776
1d4f5dca-3c7,0.5489480125102466,0.0701228823351715
f88673c6-1ab,0.5346083193019308,-0.0028134676200800013
1412108a-b12,0.3006749103143851,-0.054917577450325494
bf4d316c-721,1.0622048280976149,-0.026459579518946286
e25264e0-dfe,1.1922311725606862,-0.0051968216209390405
3ce772b8-254,1.1643146197040992,-0.003920522209678756
ffffd6b5-cdc,0.5339765056878903,-0.0812009859386345
8fcc8f33-aeb,0.6788237715842208,0.032471951771196994
d0d3b040-d2e,0.5337050047850593,-0.05027840789287352
feaa8009-b4e,0.875416266453658,-0.08241774620697673
4dd1ee48-44f,0.6981016466047176,-0.09489182890770137
b1a9035e-2e2,1.8164320513164316,0.059846189134026506
787ce641-322,1.1923904918948103,0.015261820647418767
aa2230a1-861,0.9859530197404676,-0.05326642902694484
586edd70-432,1.1678239018678098,0.020747048880842667
2d7d6645-107,0.6358556799349359,-0.05156399151329344
e4b61685-fc9,0.42169124916927325,-0.10976493437279017
1f604b79-aae,0.7343716269939744,-0.037575769693378724
3967f8cf-fcd,1.0065885834839716,0.07034052231035548
c29c3250-887,1.1389409271343838,-0.09619746968227672
680ceea9-ebc,0.29969389698553395,-0.0971522074833045
435c7c74-645,0.9197004101142441,0.11895991677428341
261ff66d-41a,0.23390487667755114,-0.079439055260563
1eb7b72e-bd7,0.4071942124123487,-0.07239645725338734
662c8f0f-c1d,1.1451200287429244,-0.059345485097745565
16e8fa20-284,0.5260551466651727,-0.10913718166093728
aa3c1bcd-716,0.7656480676306765,-0.10119613237707298
cc935e4e-19d,0.5108863161002293,-0.10847342650396169
2459fc0a-2ec,0.6152424165818201,-0.07287139612729149
c45e328e-84b,1.2195168884378653,0.07415151443634349
1fe6778e-8cc,0.7452722492133739,-0.06895244311125981
c380b854-dbd,0.9599399293138966,-0.01974484555982503
c26337ec-56f,1.2770613423072055,0.02576040125409762
dcda2556-31c,0.6989088765711745,0.0227459135936966
c1eb0513-e95,1.203927175159952,0.012468747067547303
626cdb55-f81,0.7766128529897691,-0.05457330380919173
98ca96d8-ff9,0.775711713468018,-0.1079092198828075
fd9c04b6-9e0,1.039008122673568,0.02841543940215152
142cbb9d-d31,0.4564738061799542,-0.06920888363930672
59659b29-ef9,1.4010154349661676,-0.014864356935895329
545fe61e-a41,0.6828173058099681,-0.01973747155206107
a86b1a9f-5ef,0.4291101798578233,-0.05380750887954333
01d0d152-afa,0.5387862115242412,-0.0710802069337117
f37e13d8-ae6,1.0666945949000008,-0.0019194771217280748
8a6d5a90-26f,0.6416175847353673,-0.09384158666957532
5475df7f-321,0.38927926401296387,-0.05126137394310232
c18652a4-440,0.30732862633177405,-0.056605613706623314
e722b64b-c8c,1.78839333464152,-0.02129679193534323
97499b93-4fc,0.5021041216935268,-0.0272660954073356
bd34075d-563,0.5627013811124383,-0.1007157068983498
0aa8513a-6da,0.8545478149228688,-0.04411310460845236
3024c554-f16,0.9581983375646836,0.034614078649626956
43524355-b82,0.4386524329895955,-0.0814797112476141
19439907-9a2,1.163756746751436,-0.050174995151782587
0a2cbf19-bac,0.2869177092054418,-0.05295273393492311
170aedbd-63c,0.5315657061612082,0.008615322370573275
b71080bf-252,0.7988786027471149,-0.06288396713287558
bf6fc978-90c,0.3873650111743573,-0.051796583923937156
dcc0d831-d8e,1.1254703235744343,-0.05247301789305808
51a94b0a-dc8,0.7479749227090657,0.018389947965799625
b6d55a59-77d,0.5112160967014916,0.044505155164929255
784ed503-430,0.7573537439309668,0.027943089978278324
dd948993-7c2,0.5654247981398095,-0.10754437764654645
e2f102d8-fce,0.30713927851092143,-0.1020100429694707
4843685e-b92,0.33560132922040065,-0.08881168706559356
ee7cabdb-60f,0.4198206706578159,-0.07059807981780658
3437436c-c81,1.1479841339723706,-0.08478411003649988
556aa6ff-e1b,1.5447269351598456,0.07008937312635766
a92be8b1-49e,0.5548429004437164,-0.10463863956822728
645dcafd-74f,2.147894884843467,-0.002805996041035097
f9dce2e5-364,1.7675237699745332,0.05104911558605563
ce3f91f4-114,0.9338662710522907,-0.021413473912319292
b17adcfb-0e2,1.7214351348631256,-0.006487617135412849
d6b58a3b-786,1.371054054939017,-0.03081511219385019
d553a7b5-4d9,1.6270774504508163,-0.04718715504737342
68462db4-6ab,0.23489552183818221,0.0402798571619839
c85d3d1a-769,0.7611226681851111,0.019508724458593196
99d39826-2c6,0.6143476052803275,-0.033583385526936516
c1a6fa2f-b2e,0.9798903242641039,-0.07852823769950928
e8e06a9f-3f6,2.1520784092244085,-0.0018851120820410627
938a570b-6ce,2.5798369013152067,0.029552592421960733
cb990a3c-e40,0.5886218643910134,-0.08878265234381899
5ea0b534-f25,0.28966648972704245,-0.021762670140756446
f1b0a8ab-f0d,1.1820132095519469,-0.043415114807012434
91b8f726-c18,0.8850851240001505,-0.055021895228352435
7226c127-b34,0.8161244012969913,-0.0991104382551975
1158f15a-7ea,0.6173506908976456,-0.09101355064855549
83b69761-ba4,0.5351978798783859,-0.11533848681233633
4da8fece-373,0.34957801580402065,-0.07382038123059936
5f1f3106-9ec,0.3577803221115027,0.0422848797120553
e46a6b45-b4b,1.0733452280321703,-0.061083637941522995
380b96ac-98b,1.036258500760037,0.02687686070244555
e4adda2a-916,0.8468947222619085,-0.04548639773991592
1734f256-a26,1.0202160095440842,0.028939904200978916
9ff7b08a-af0,0.7937147306565988,0.02015929660810123
015e00e6-968,0.9434969421227768,-0.08945475466371855
8c3dc0fb-531,1.0631853419311943,-0.08684706891034
e1a92ead-490,1.54249421443566,-0.0076179007601733795
767035cf-403,0.8518553895256542,-0.037600737937810325
c3ecbd0d-a21,1.0987803576266197,0.02046770817367083
96d4a223-83a,1.851220911846486,0.04787675363144306
f1ee5df0-0fd,0.9660222197394139,0.02250328002867441
324e9f79-19e,1.0567594123759272,0.04517350151667043
f86da247-7fa,0.43316719557805283,-0.11311630241738013
a8e5f3a1-baf,1.4767454860414306,0.006797081283529849
998eaf39-a64,0.8683714496920886,-0.022811957591154952
53d9f139-ec2,0.8033415083580322,-0.04931707629551524
ae59cc75-9cc,0.35036565343931464,-0.05697610231091277
584dce4f-543,1.1545423073788503,-0.016301374329324048
6cd3a98e-fb6,1.0575514480247543,-0.03172773191615691
3ca0ede6-919,0.6486029893365923,-0.05828704625364867
6b14263e-ab3,0.4110662838375219,-0.10369726786595712
775ee7f4-2ff,0.8112331718768568,-0.04870016455853715
590b6d04-9f5,0.800351424438682,-0.02831519859528614
65f19679-8a6,0.5231281015123175,0.0652949650707102
58bbeec5-82a,0.4590629451541346,-0.09071399675449249
463af219-832,0.6141289251802083,-0.0652738317169601
dd2b0442-023,0.36156015281969844,0.03747610379995081
20c96570-2c2,0.4159968717643103,-0.10914083407198555
293933d9-7db,0.5673534644496271,-0.03297872640714966
73850997-fd4,0.9768974878763954,-0.04779684652316962
548a451b-eb3,1.0903330299629976,-0.02797084317173837
4212a469-1db,0.3548812451496837,0.011240283742107837
141b0d5a-c9e,0.8554850448956711,0.0694963518462246
fab790be-105,1.8238711067630378,0.004713629172986011
1ac6bbdc-33a,0.41136283691587383,-0.06597897924827639
7328ed58-b79,0.9056615882252481,-0.10327606154046676
acaab002-430,0.5858713059918874,-0.10388240678690347
48ae6cf2-1f1,0.19059652270884145,0.05240940471549849
e5122d5d-c5f,0.5617445459291611,-0.1043263722259612
5c5e386d-fac,0.34857374208328534,0.04262777734143486
88f0fdd7-92d,0.5571838350864448,-0.01880248166699061
825e4e59-079,2.1155851477070438,-0.01601890493743008
a7ba756e-b53,0.7667191701640743,-0.10803234058522893
2e2b8d5f-f97,0.7590099305837148,-0.029368253062955874
4a8e754d-108,0.4678463242122758,-0.07013369519923462
439368a4-bc4,0.4450092030720719,-0.09418605181464623
32639a27-2dd,0.7478328337638668,-0.07103724685566715
c0c519df-346,0.8698722680733963,0.004559907825156029
0f05e734-b3c,0.849822069367214,0.056282153233862764
ee9d0308-69c,1.1715362679340522,-0.04005335844221081
c5704786-b88,0.3116488021712278,0.03965169981918659
46f6c440-b68,2.0419081880404923,0.09071196256336567
264b23c9-4a2,0.4713279787813073,-0.10376274497125554
d9390230-253,0.6112323830050399,-0.0885863615756487
1ee42506-3e6,0.6618595923853086,-0.017823652054659023
8e5b8f06-054,0.39856155907547663,-0.10895237550980297
6119b9e2-41b,0.42527755728383865,-0.11095756072922092
fefc140b-cc0,0.5509028983895827,-0.10251516162472074
d249d148-565,0.581704706806826,-0.027088287871715744
87d42d2d-0a5,1.6901055060668464,0.06978384180444219
6d35ec4d-616,1.037391529081844,-0.09374912769110588
c333bd58-589,0.8240583066643314,-0.06292094170473322
b3662436-fd6,0.5924431379442462,-0.11341534884516569
18bad5a0-072,2.5394645234281423,0.048674223459586385
09cde773-edd,0.7162364681860653,-0.07018658085474916
56fe4d1d-a21,0.32651819424416995,-0.036066403008240544
11291b51-a25,1.5291047174918644,0.05032509146101671
1e48ebbb-0ef,0.81250875836255,0.03686608107733724
566e77a7-4a1,1.2945227774220114,0.046246550202554526
9a629175-b29,1.3792007400404025,-0.06860917083655049
df91aa04-da6,1.3277480669114947,-0.07382119969697576
fd827821-758,0.7621577326069691,0.027130781447393115
990af2d9-d98,0.9436474045509868,0.03352400415677892
41d68be4-3f4,1.0409460836760294,-0.08661521768920971
e86952d7-dcd,0.5147657524773975,-0.03331618617763277
cd347ba9-0c7,1.1773824025412092,0.023884662972191495
f1ab586d-c7b,0.5612848547208855,-0.1029750476247892
d4d59cd6-e32,1.3683491006642274,-0.08476162291322809
4baae164-6b7,0.4500270231166541,0.019260706640382708
61f78a3d-fd9,1.7233860916120718,0.06296303175057527
ba70913e-904,2.0013827217873814,0.09827884816015042
05695024-abe,1.4971109845270523,-0.048273597686264214
ae13ecfe-8b6,0.7518334132587006,-0.0895993218776367
df820936-923,1.5951142061010763,0.004831975381145215
32644c65-ac4,0.6879006678590779,-0.08920959035903342
04bff860-746,1.1385898642132868,0.07620015067189256
b08654bb-549,1.763843520208507,0.04618171530885362
6ea9ac5f-b02,0.39731940904788454,0.04499541810568508
50cd9053-001,0.07176333835871107,0.054230830519455875
f587b16f-3fb,0.6000983551607961,-0.07643888957977085
ab720723-0de,0.5148507011231878,-0.10220137869388268
12d04862-dce,1.1486058320382484,-0.04986599056173269
05765c51-60c,1.086038877489977,0.04635975177055174
9a417d92-160,0.7987003162156593,-0.10496577057886108
ac870eb2-3b5,0.5777069188792119,-0.07700369876175167
b0e47bda-56d,1.084027401641439,-0.06754914699783182
9f5da4fd-885,0.558370166353533,-0.029012369048360687
3bc0586f-eb2,0.9251064476882459,-0.03389057441965376
07672a66-ed8,0.3821748564378903,-0.02016102186037294
0197c50b-b73,1.684769958551414,0.036714194300364045
1141ce20-47a,1.2953357589109844,0.05056847569217826
71b8f649-667,0.8875719562001771,-0.10577354974111369
653b3ef1-354,0.28156873719577863,-0.02273220351539429
586fe959-1f6,0.6029764318641163,-0.09418550769166922
b2fc4677-d9e,1.2785578774948914,-0.02775527179355619
51331c52-204,0.6921189812371127,-0.10129513526100653
0492ac54-e53,1.0457531241734608,-0.03699020793691976
ac3875bd-6da,0.8384774465965753,-0.09481279651837177
bba62327-b5a,0.5237047263823116,0.057679870180755044
12a90e7f-71f,0.9199454095321196,-0.09562012841135886
15f77185-5e1,1.2398231769959587,-0.07021305712374648
0180c569-108,1.1143325330813294,-0.038744694493103415
939529cc-664,1.0801079934577693,-0.09302721903022781
efa990c8-7a7,1.1444466745185233,-0.08472669444956105
490e1e19-1b5,0.8804280778804149,0.021284873119518544
f0822929-933,0.2025403571621246,-0.023186417897034517
bd946a1d-136,0.8222889543996585,-0.1010376253239833
11de44c0-d02,0.3895623659581926,-0.022841594565343293
7432bc0c-a36,1.8776112138365688,0.056048956191379395
03620c34-b5f,0.985201574737437,0.04836564113903219
23a95590-403,1.0189468927790624,-0.0948306554244247
e503f61f-e17,0.9063087870189332,-0.09526441984884287
b5883375-c7a,0.8046454180551662,-0.11039027524105294
d3ad8203-90a,0.7689514786870539,-0.08352773517347345
9529702a-65d,0.9323452345753362,-0.08300845498535803
dc1c5e61-618,1.0378575306421731,-0.03618965362719828
f7ea5260-e8c,0.43625402391371687,0.04597878115624565
5360a46d-a68,0.8863734746992189,-0.006858887445598927
43f72d25-6ab,0.7412782086277541,-0.020018227204427086
13827ae9-39a,0.9266526124956322,-0.05695984523917108
c6188d7a-bb6,1.9064588296940994,-0.006791247882578733
394db4ac-535,0.6531089625969613,-0.09143847209463118
f52d47e8-fcc,0.747398064379861,-0.013153911428807008
17604063-2e3,0.8300707591193085,-0.07317975147205147
3aafc091-ce1,0.6450980059629491,-0.10346232863471394
aaedaeb0-266,1.024517756238141,-0.07762611217612064
f2481e25-a21,0.8479370606286774,-0.06963994612592461
3eb25b94-aac,0.8968584691565432,-0.09799790215375448
53f4cd26-783,1.1409686418843505,-0.05605721751255127
01ccae14-df9,0.6513935776198458,-0.10418694600381018
6b22bd9b-b1f,0.756922301782118,-0.02426094156181874
7918bb89-8eb,0.9635897643167178,-0.03550907579964235
b5082be3-609,0.6692226135844362,-0.06979973036768983
7ad29852-a18,0.7518520863344128,-0.07071935202653645
313c30ea-e3f,1.1365086840775778,-0.031921682622068126
3504cb67-3eb,1.4257297662326356,-0.0581541943933504
319558dc-36e,1.4234490971262568,0.010278643448254354
3dd8efc5-ece,1.0128635478583856,0.10463133809624725
d077f1f0-ff0,0.9095320083465321,-0.0969766723151802
ff55d402-da7,0.8198523840874288,-0.10334393854236057
21928ac1-0a9,0.8441020562734408,-0.06023297429452529
b19310d4-2b3,0.8389562715275243,-0.014974278824527898
8dd2155f-4c2,0.9071380244682186,-0.10401668753382687
5f390a67-fc3,1.2585072330512634,-0.0899949539826746
6c4d40b7-7c0,0.9849755672803728,0.021948713675827403
ce411038-034,0.6275072644800138,0.0006246329480426027
d9e09baa-023,0.683219914370718,-0.03228232344767212
c63acbf1-e01,1.179021450106572,-0.09406161765819226
af841406-a64,1.8766238480121404,-0.016746815667363024
48ef193f-16d,0.703573291206443,-0.03884983046956303
f0fbbfe4-585,1.3571055231094147,-0.04244697801806152
cecf5117-236,0.6740046355275953,0.04112103920419641
67cb370d-75c,0.5984297435333737,-0.0043288559091584355
7cb23a81-496,1.3658764126402783,-0.01109154437804899
f7d735ee-c36,0.8822528346077192,-0.020535483082970984
c1179423-75b,0.8711258482846351,-0.0885445771924202
4c1afc4d-c78,1.2235457661156013,-0.0026988969590677203
8122e6ce-44a,1.1060836629440585,-0.02186567802597006
8f062de9-bc0,1.4793128721620992,0.004442160768015735
f6fe11bd-271,0.586268372953085,-0.09923287722461627
f6a1a6e3-a8b,2.551421503411071,-0.029039040024645912
aad4861a-e49,0.750944288670808,-0.0529727511734846
4198a901-238,0.6613121948974943,-0.05036028551136523
3bc4275c-cbd,1.2570913823161085,-0.007340971869425839
90f40327-e16,1.544811238494852,-0.056912484983165756
5e52a6be-68c,0.9889080830284811,-0.0857051279693734
aa6365e9-2c7,0.7455389932401213,-0.11061501704226462
78606a0d-cf7,0.9313329972927191,-0.00482924059562162
9976df06-6ac,0.3331481988027383,0.0011877257209729208
a32269e0-27b,0.8450927935062243,-0.0999652984862685
2ec3ff0a-caf,1.0904638156964501,-0.09711833317249191
7026745e-6d3,0.5601215925271121,-0.018441042390705653
ac86994f-ace,1.6198174391573619,0.0015304900093578988
6db9ecfb-362,1.3626951757570818,0.02899159559272335
d250274a-7fd,0.7690352099672312,-0.006665092858023858
8dae2b0d-180,1.181294370001147,-0.08208180465188164
39e4ef5b-eaa,0.9308257024288842,-0.025747238094565417
15299623-d0f,0.9180970066340783,-0.10656649480409391
b1f75b3a-2e6,0.7436473026894503,-0.057706523441653834
1d9ea2e1-c1a,0.953230566597886,-0.031419732896208585
1b1b1c17-f8c,1.5382212569024976,-0.0775823359312362
9a1cec7d-606,1.534777044299699,0.03011468150561747
b0f534d3-941,0.8538229487283902,-0.06934373590850362
75ced26d-919,1.480292733896753,-0.07614405216226444
d8053a91-591,0.8658033890575602,-0.041665055700637554
e7e8a442-0b0,1.1491285995669955,-0.08504263529977746
3439acdc-401,0.19461533121877084,-0.004806281504659171
f5e14f85-992,0.877276426371086,-0.09716234864135714
4166f262-55b,1.855048614048742,-0.015496714930852362
59bf3c56-d4a,0.8585662646219785,-0.0820138632141803
1145d126-600,0.7266482978567571,-0.058824176999539735
3d1bd84b-0e0,0.522306145040412,0.03848975999964244
94762fd5-fa5,1.0585063618933133,-0.03306377884485995
90bb8cd1-b21,1.2317678913395784,-0.0938895942620161
e99ab346-4c1,1.3047387558799337,-0.04728210700586599
3a72b563-02a,1.0115948429758224,-0.015606117290259292
18d88e0f-93c,1.3340631280162731,-0.010498582589058114
b1f73ab4-b46,1.9125687266428797,0.008782491172844575
b33b7cc6-9bf,1.22823620092122,-0.1014733336822069
e9cdaa13-902,0.8454340213330789,-0.09805350850108496
f068dceb-d06,0.7487434709990557,-0.10147486685625728
fab0c3b4-373,0.9980190324751621,-0.062137975794981426
8fe80f7b-712,1.7478222101270742,0.04853259336923732
aae337f3-693,1.1402534665448743,-0.05309999364170548
64c1520b-ff9,1.4781125871474194,-0.026567749826385156
69510a6d-c82,0.800106929365858,-0.06558246407894563
5b6ef8fa-328,1.389408595239249,-0.02132851857922391
ef2c6c58-bbc,1.2896187514036666,0.048365584212539
15ca0311-9ca,1.1424799244040937,-0.09642091682556564
394737ab-1af,0.7627637880278866,-0.05203911164070857
bb069f17-307,1.4698923637287054,-0.04480354519639873
4c389585-2ee,1.2560423433211674,-0.0896176973295792
099edcd0-262,0.9120701789186556,-0.037712289098811747
ad884be7-805,0.8988447033170129,-0.07754896498066999
05327182-dc0,1.0985069740168196,-0.08350196639676993
c32340e1-eee,0.8555475760431027,-0.08301679146450891
0911d0de-0c1,2.1850990922189464,0.005358996071137878
fd4c3140-9d2,1.0743628338631568,-0.0677807230228229
05dc7ebe-a86,1.2095380947045156,-0.08847398343549806
6ae594d3-a3f,1.016861138176812,-0.09510586421554734
bcb592a1-d30,1.8847247335097252,0.004570223016485242
53dcec39-a06,1.5069441333306646,0.0011055712875938095
d288aff0-9c4,1.4768802787943949,-0.018233890531966834
19694f5a-d81,0.7861837779709752,-0.06282355429727232
1470f4f5-6bb,1.1043116440996825,-0.08698626625356698
a013aed0-092,1.3102806549569466,-0.0020650993632391756
cab51f4b-97b,0.8849379272238429,-0.00745558938268942
a3fbb2c2-a80,1.3409595296333847,0.12900464581023707
1c45ebc8-590,1.8550737983140926,0.010260486809991587
ef11d50c-323,1.0089524717039624,-0.08600102121087211
58bafee6-6f6,1.1539475747967376,-0.06318255624329117
3413b1d9-fcf,0.9665266811212176,-0.07311701854159453
f3a783fa-d10,0.9042787721502299,-0.041902531987894176
c90cfe20-d5b,0.678957556779483,0.05249344314016102
b791f1ca-dde,0.8089290254182725,-0.10206682861974459
82b8b487-287,0.8000759087537985,-0.1012807588832505
98d5bd77-2bb,0.8044074946148503,-0.06277539734224447
b7331004-2cd,1.0919577737805537,-0.031967735992239565
01ebf656-3ed,1.2441646698927358,0.048133899756091836
a3d03a30-e77,1.3360485670963391,-0.007992118268960624
900402b0-6a1,0.8825523096776339,-0.08875089996882085
c2423e3d-ad0,1.203444537303901,-0.10383522279570073
9b47fe77-c37,0.8753172818472325,-0.05686442842925998
c95e831b-03f,0.912294518035445,-0.08806690521552857
5926f56c-2f3,2.2824874690849186,-0.0068699648408080405
59ca1188-55c,1.1407173826218062,-0.03799649348742562
fa43ef1b-5e8,1.0814108673659943,-0.08106012280840319
4e3d8ad3-b0e,0.7487266458565813,0.005170359510574651
181c6ba2-3e9,0.15339658148638907,0.004736141963310514
10b74cdb-3b6,0.36033234398936065,-0.0010135980087593865
116a3eda-d40,0.9684375269834105,-0.06313737227193006
d0abd43d-e2a,1.1700746773102455,0.06256094010729496
8c177d54-60a,1.3559971621638627,-0.1042191168100462
c37d0d46-74f,0.8900568369060569,-0.06409699965322019
93f1aa69-9f9,0.9192867674446923,-0.09849424133394857
3d397c96-3c5,1.0345373570517955,-0.09505487648413669
c1bbf16a-383,0.9698379327744744,-0.07343582395663911
73248182-fcb,0.9511273077670599,-0.03995373270587643
a41caa89-09b,0.8690227524703957,-0.03933700407427071
d8ec3729-c8e,1.3682071925906394,0.005447181767264109
1d4faea1-137,1.187475537567401,-0.035809435197145245
96b23846-f8e,0.8831367346431005,-0.071224912025947
ae59ff84-53d,1.3915857402545586,-0.038460990126432004
c04f2828-f00,0.8426864234535485,-0.028562531394601964
9736464b-dc5,2.1195039658190504,0.02699504169425826
a00411c1-086,1.2995393849142753,-0.05555755655513922
d4e296db-0f2,1.5553526607484867,-0.07472520649299064
182ddad1-9f4,1.6976236973511711,0.002506436898618958
a1133397-136,1.1591546922203275,-0.06301353903158463
4d929dca-178,1.1426944790676887,-0.01960746260102797
166a25d7-534,1.2321498742864057,-0.09152340068495501
c30e59a5-9ba,0.7821220262190779,0.0034866027528568377
3cefa036-e88,1.2564179188644133,-0.051532196908948114
f9e21166-e51,0.8557928382478089,-0.07996908412863851
2aa3618f-0a6,1.139510615012247,-0.09560014568430913
b0cd6bde-96b,1.604982147370622,-0.013080142002867223
a4744167-013,1.3132815632009307,-0.03549313269494503
626ef4ae-dde,1.4297463948984452,-0.0849352415999643
f91dda50-f50,1.3904862058115681,-0.09678092476330569
a4dfd38a-f5a,1.252722443413668,-0.020607238629990587
f280e90b-b1e,1.2159719345057027,-0.07020805058998414
6e9b8965-d72,1.7111503458577453,-0.058817538201137776
64f6a220-ee9,1.398368701850035,-0.06102209122472835
11f2a02d-7db,1.5147837699207471,-0.07760644483764945
28fab6c8-682,1.2738568483468748,-0.09501688863672464
39cd219f-2bd,1.0473982935818587,-0.10263916795230416
3cc6903b-510,1.2729782360979243,0.08763926852797699
2c02d90a-67b,0.922698160205514,0.0023795641883964658
f105d894-c37,0.9633532804867521,-0.07595576924655989
f268ff4c-edf,0.8218578442901728,0.0017462854681448148
e3500466-a53,1.0139668382110716,-0.09073785599048267
edaef70c-8b3,0.8723289812281201,-0.08487975050143898
bbcf7928-0a6,1.3152558757333008,-0.03582510936885169
fea40933-f51,1.276980098053692,0.003912460672653384
36b618a6-79f,1.309717118769635,-0.04201266897640299
48709ec8-3fb,1.1324207734674248,-0.09447427776961698
a3dbcc71-6fb,1.4146768578621975,-0.0522226204194024
d40a4a0b-dae,1.4196527937806918,0.0527471453398759
0924aa10-860,1.060257686287013,-0.0795051175293992
cf1b7c5a-685,1.2174701032195339,-0.02530557265872657
d43e3613-57a,1.5230397417414216,-0.09250448183779231
fd28b745-bca,1.5766100664427818,0.03259390347635971
e6c0faac-5fd,2.1275638334925704,0.0032864239580030485
e8e5dfd4-14e,1.2002956655309058,-0.02981853721289407
c2226749-2e3,1.279883070289657,-0.08995277634616455
0e8cfc0b-9fa,1.569398978856672,0.08761274054250145
afd3d360-9f9,1.9271900484329891,0.01769475580069224
371cf521-f96,1.792930751267921,-0.051784632278741194
c348765f-20c,2.0866151770256525,-0.06370390000171089
46e4c862-c32,1.3468306044256333,-0.09542389046243038
6a538a53-48d,1.3201909832988852,0.00021741892426396792
245311e6-447,1.0846782700118471,-0.05904507555556371
e0543547-2ce,1.5326304379968723,-0.08363736127249699
fff73f3f-e30,1.2989237634342046,-0.05422412184595454
bceb96f3-509,1.0213268643871032,-0.03974385404299896
85c9f7ce-9d2,1.3162611591153652,-0.04769006966653372
63a4f2e4-f92,2.1869706587739275,0.0008193428643596956
8fe6381f-63b,1.5035965635199635,-0.056393799914615794
263e4beb-dfd,1.3490308192139828,-0.024033976904507814
0528e849-d0e,1.2754925222556173,0.005555173490837784
c1fced36-90f,1.1544474272884764,-0.08354565144495224
79ab7e29-843,1.242933101201067,-0.08070025987786178
940f524b-06a,1.6587617886494355,-0.052044450612205584
db53e537-19b,1.4649544619075892,-0.04862504126706635
dc61f199-e8d,1.4427985435506794,-0.040093386578630985
dcb4bde8-e93,1.6121527022978783,-0.04783734802558798
6fbffc49-d33,1.2149053688534917,-0.0031142789116040404
65af1bfc-830,1.1746310076828164,-0.006913333207652306
f598e77f-fa7,1.172583039189429,-0.08981838055415542
4ff8cb67-93e,1.0805216137439144,-0.09324998451132988
13526cf9-074,1.6326098275812997,0.10285802732721427
98e3f5c3-1df,1.0362183975621142,-0.03447492515942524
a57801e4-a5f,1.2003596859398327,-0.024103324862844444
479f4d04-75b,1.9746997992514803,-0.06880325391172831
70a01afe-60f,1.3580352385288272,-0.01796536966070611
6a5d81f8-90c,1.115548228653848,-0.07969420990157505
196be914-2d1,1.1892330088520355,-0.022839721302533256
660404c5-fbd,1.0337336747724377,-0.05954868654260148
04e02705-670,1.6238242806278391,-0.08456212196071966
27e99ede-6bb,1.0208281954718097,0.0004714848894209478
36f9291d-20f,1.7605581599931042,-0.08383567710252221
4788c2ee-de3,1.6819976376134962,-0.03532387819296934
b89f9d00-c5d,1.1989908774603568,-0.07357762981986032
2df2936b-8cf,1.070840802405355,-0.0477074485923204
dc95b499-b8f,1.4311007886259726,-0.05741402463148526
01f6e9ed-cc2,1.9238690456670235,0.05638944785864741
889eb9f7-fa7,2.0180504853520724,0.012148301813509232
156e614b-ff3,1.6748708001024792,0.05994564806441072
17555c60-25e,1.407270656813692,0.006032160122192098
36e7f9fd-7ff,1.1125631920970678,-0.06364290579804999
c4d3d745-64e,1.6359140762114603,-0.06531455537732267
b597de4b-b57,1.9112105010935947,-0.00998868256938834
d49b3791-2e0,1.3396961324553867,-0.06878340947262579
9e93394b-456,1.4176845328336194,-0.05002264129588313
49f5fbbb-357,1.2056139379873567,-0.06566662651737931
4bde7737-96c,2.328334517530811,-0.06074219036535938
5602ef1d-c36,2.0226100620334413,-0.03815605878809519
8ba11c01-939,1.4759855136640445,0.002386579425192381
9548bfa7-b22,1.1204696153405918,-0.07081506967162088
16397c90-a6e,1.2554325373107555,-0.04662503947782265
599e46ba-ad2,1.9444138662431163,-0.024602311860393633
53f3b299-18c,1.1430426911097893,-0.04926999554768896
f8e3a31c-378,1.5635542969015284,-0.05688267845412409
7a730d0c-06c,1.5163835951283626,-0.04586114060184304
f42b2996-244,1.7323439063445645,-0.0013547498576106931
e458f3a2-5c9,1.8054914988831614,-0.06919784378129973
6f8cc252-ede,1.223014799746418,-0.0672633060374162
da7269ab-7c5,1.2168214997278868,-0.01306211472120733
e69a3164-617,1.198641655384001,-0.016465259689478484
360ff627-4aa,1.4966441147224514,-0.05179187139715352
4eb133b6-9bd,1.5226333874024651,-0.059768711259557294
2a99dce4-d6a,1.5953654163860422,-0.07623695543646475
a78e3940-a14,1.2913931639864922,-0.08780231182817555
ae9b9be9-06b,1.4682366560310993,-0.04628348253666775
757a92b8-a6d,1.3604067046019448,-0.07455535183611389
bcee538f-2e7,1.3687165635518528,-0.030326799739257004
6347f4d5-9f6,1.4560148555160937,-0.011277192473432451
33255a6b-063,1.3216264519149703,-0.08663164087501973
ffc07015-cb5,1.2496887815736453,-0.04253158733478285
7765326a-5ec,3.1914038489364382,0.06138530757085525
33671123-b37,1.2096887008030057,-0.01220189669193994
c6c36f06-b60,1.9280282779072322,0.01490080008266692
1060abc0-121,1.216463946102484,-0.033380916543278794
cb657b0d-acd,1.378370083835741,0.0014737036512860735
cfdb633b-39f,1.183843642393443,-0.019926829258921974
46264d1d-4a5,1.1955063471623582,-0.01764709393820235
1fcda3a2-e7a,2.3797767085775225,-0.024282950114721313
c6d7cefe-049,1.7448328991274498,-0.0016451083519716803
fce7dd69-ada,1.282249348044173,-0.005449971946614118
9ef6a406-6e8,1.7915876493993546,-0.022287491553889538
b0605ac9-c83,1.6117494564156365,-0.05255263756359163
71c8ada7-7f2,1.155099253975079,-0.03643761149914104
d6b1fc9d-2bc,1.7417842258856826,0.011706516110073228
f170f23a-2bf,1.6212258003353528,-0.009197505777449821
1bfd2af4-ecb,1.2536242357072584,-0.03289658035171977
b94ba0d1-0d8,2.4059082018469082,0.04203430542857367
e890595c-bd4,2.0836552597498175,0.0002578650014095629
ab7310b2-aa6,1.5950758251918362,-0.045898783530264886
4dac8632-3f2,1.545667909498368,-0.039161944218268796
5fe6d643-b44,1.7124864131869313,-0.046613743282929554
cdcca87e-f50,1.5701302862844304,0.010929703553862247
9ac238e4-33b,1.3993211997598307,-0.03953977019012089
cdcbf397-031,1.715368181866747,-0.01869073177059577
f2f881cf-145,1.3935644261497597,-0.002260427313920621
c537e951-7d7,1.2685032503669704,-0.030759106601693564
17623ad5-dbb,1.4828164741898566,-0.0197925534767876
b3335e50-a41,1.5957121210214928,-0.0551881737754043
550014a7-e2e,1.7568980812083894,-0.03737578464745517
729a823e-114,1.3085158764222258,0.011147731034314212
9277c3e6-fed,1.2282679518620898,-0.03976398348499388
b35cec13-b61,1.2468881802211607,-0.05824625937465544
b24da006-073,1.7248764330222963,-0.03682127007251179
0e8f645a-79d,1.4756976771307595,0.014707731382606948
5144674c-503,1.2806453632903576,-0.01618805163290954
b7d61038-924,1.2675860423720615,-0.05259576165520874
414232bc-341,2.2313033676079,0.006926020041338243
f7ee7492-8a5,2.0157213629726902,-0.03794355190442472
ecc9306b-f35,1.4354088373883602,0.011022726233780089
f4b7e3be-395,1.265193594136596,0.02154921797250131
6be42815-028,1.255595815815712,-0.028382464020394682
be6f0742-b79,1.3665649918620293,-0.020340947870635395
3c5efeaf-0fa,1.282016088556282,-0.05280725694502936
315a7b6c-83f,1.4097466908214011,-0.0015083405541458372
e93f7cf6-7a7,1.929441793160653,-0.05270267135912965
9eb2c211-c51,1.5136031201686075,-0.023504411867147912
5a3c5381-83a,1.3726664980788774,0.01820452245643711
ca078fbe-9d2,2.1254629151614957,-0.026358476447459755
85b1eaee-1b1,1.4949456314890377,-0.0584490171455635
5e10067c-fd9,2.467605017256931,-0.01239657590579435
b8e28a5e-b17,1.9637763951540823,-0.037557232653861794
4e49c04a-486,1.5163204623519313,0.017453576536839766
806db07c-d78,1.8844630433928435,-0.007279795603536754
0477f6ef-741,1.6026586860989975,-0.018291763939901062
fb1e2095-ce1,1.385356892855815,0.01968605168590809
aa50c5f9-0ae,1.5930733224048006,-0.01966890900046281
2f5161fd-6b9,1.364872245086554,0.013340100532638455
d01a8305-eeb,1.9947096642185569,0.013712065296966669
24778843-885,1.4327094588874962,-0.015114749573752528
daa36281-75a,2.1843047761995713,0.016142757628429205
77995d33-20e,1.4006231217834408,0.0030106282770163695
29590ddd-726,1.3926766071059424,-0.03891805040808549
b78bb3f3-039,1.5183689031038374,-0.035266589544499405
056c413b-2b4,1.5539645005833906,-0.003814346565155946
8e75ed3e-d5b,1.5699626710251358,0.010053526741172436
1d5a4efa-f16,1.6250939630249677,-0.012408215390088018
74f4b08c-32e,1.888195646233194,0.011630600730667351
9c74a1c7-87d,1.8242703880884032,-0.04889765903094889
e028c16e-70e,1.462669315747829,0.020242986048562117
926e2556-fe0,1.8465154921974736,0.013280855293438143
23ebd027-e32,1.7111909220384598,0.01581936914329629
f7e5cc3f-c91,1.9803998767732134,-0.011452896828055947
fd9f6168-050,1.5651497860772259,-0.0068556889999993875
dff0f350-86f,1.5547787792303107,-0.04646775722921476
ccda5219-f49,1.9791541661929357,-0.030982047093799536
dcc274eb-caf,1.7090631045920197,-0.026266046579259517
9e0c196a-d09,1.8845389283061293,-0.03468128866023806
1257a357-68b,1.38437024143895,-0.045566833587442346
e519ce64-ddb,1.631551770768419,0.009431804335703231
cbda12e2-d12,2.137776073374109,-0.00787070704628734
0b7376e9-5eb,1.566275987840755,0.010734578776345094
cb2fc229-b02,1.8170819836403074,0.0097903447591986
7030cd16-96c,1.7487982427506519,-0.03870370408403789
876cf362-3d7,1.5900145019609626,-0.045883264639625
287f9f22-8f8,1.5818072983593117,-0.017591192067463957
3daad313-df7,1.6012395382125184,-0.013346077411230395
ad48f062-724,1.8036748289527365,-0.025796741944257795
b3694dd6-12d,1.4865000483528412,-0.019643571736461918
aa174666-f20,1.926762761894763,0.012946624492289116
09620d6f-b6f,1.673069106792939,-0.026544725704920835
ab9383b3-823,3.4892177327822167,0.16889450069395306
7d9db4e8-91b,1.4360909724678113,-0.029110494368619344
7e64c27b-49f,1.4774846187713027,-0.04382414841720916
f6aa53c0-e06,1.3891917053509633,0.018891655503347593
a9e30a59-67d,1.681787978022105,-0.004674776464149544
8b92f439-f95,1.931538350553109,-0.009062561998210872
41b4a9d7-7da,1.684435989645689,-0.018678760771129066
cab75d02-7d0,1.3471107851288058,-0.04324130591139436
5b20f4e1-e18,1.5332017815048633,-0.05916237381404965
2714b203-237,1.3533090691616292,-0.007270760907665763
4327848a-87a,1.9907328887366385,-0.01814693606925022
7ffdb0f9-b82,1.5653924570323103,-0.007059341638792849
ce28d5a8-86e,1.600466636166778,-0.03352798642337668
00b7e086-ea4,1.4185320692790162,-0.010000655096942479
f1227f7f-ee4,2.317355623166663,0.016328032350681698
84900fd8-887,1.4957258528622432,0.004309493777625795
52997ef3-509,2.0427119638155755,-0.019163648307881753
4ae8f98a-85c,1.941513882381697,-0.018584299444736996
f6816cee-88e,1.6130689576193111,-0.05297167189920665
eb489252-5f8,1.4498344992519727,-0.02790563219236286
b9d4ab07-911,1.544501544018111,-0.03615193225889696
5b40f64f-405,1.6060353846140418,-0.05164639425311274
d88d1e4a-f54,1.353523898455063,-0.012575086674826319
1a531bd0-d8c,1.3425258779959046,-0.03676517569296717
a7440168-c03,1.29495218504041,0.033628587912506
224fdb0e-4ba,1.7620189658860022,-0.03504563453275322
91b763d2-35a,1.668778382924988,-0.028122876473121006
a1d27243-d97,1.4877269086905207,-0.051685609323252724
dd9866db-8f8,1.4185295072079975,0.010465408647751695
7b70a563-8c1,1.4868832938091892,-0.03718333983164529
62af3ff8-913,1.9884672217474804,-0.01495860458727366
ac59ceed-0cb,1.4617524898645335,-0.004523467479700172
c2d28ec1-ce5,1.4598373135318579,-0.047026320840876545
9111df5c-994,1.3569945685774494,-0.012317286041856501
0d73561f-99b,1.5342065216609675,-0.04720965787335102
daa9d06a-2a0,1.7616936039409583,-0.04550926548553208
3825e1d6-161,1.8067779610620354,-0.0024977287932488323
23250d6a-1f1,1.5699496663620112,-0.06938783912814983
d0303152-ee9,1.9377870795456584,-0.04943914364108909
57996cba-4a0,1.608232260361642,-0.035822577454327265
8cd04429-abf,3.2384350489377667,0.14367794412048907
e20df637-047,1.3874778987302938,-0.033162862844353935
cd8f6900-bfe,1.671268897355017,-0.052152271568812414
50ed566d-06b,1.3761079600951376,-0.01060895729849115
0b062cf1-bbc,6.244826445790913,0.08920863271260826
abbe8e91-072,1.7837299716283828,-0.007084165592029346
52930b67-1d6,1.2740764509692772,0.002451236829062009
1647c566-91a,1.5416556108029036,-0.05411781685027123
a1f48445-ed6,1.589401855213223,-0.05334333033058103
6e3ba07f-6c5,1.5920990464368223,-0.0004781301206228661
7ed5f6f5-561,2.1152589192705755,0.003325651277960806
35f9ff83-9e2,1.8466282422001445,0.029816222949961446
0303d808-64a,1.802206946272181,-0.03929215972207367
320aeebb-885,1.4345832230100648,-0.017021008740391808
e5e3628b-648,1.954438031193169,-0.014039416010922734
bf034816-f0c,1.7734221102714873,-0.06831884117916376
a8407891-ebc,2.006764381907241,-0.013609248871601809
034b5c56-a00,1.5831088714204062,-0.053622259718663356
9da05028-85f,1.6932140150475425,-0.05209021028126254
84276d3c-a40,1.8426771751061077,-0.0062249671295000475
fe3d6b79-3d1,1.5809772684920924,-0.058375415974045
0a7360c0-d2e,1.6444552464011997,-0.06391155811685967
d01f41d1-ddb,1.6235186612675439,-0.03440337244037489
d4275735-20e,1.7895335086520023,-0.0273931776822553
0983381b-420,1.7016041313691677,-0.02470243044574305
5f590cb3-784,1.5042401687303175,-0.07178645134785827
4c51261d-950,1.8044080680091565,-0.07507245498457038
8e43d672-911,2.7146462341590096,-0.02276289650387081
03cac179-7f0,2.447112686109959,-0.058613718133419146
1166f0f6-a06,1.4115775973048308,-0.07647275824399152
99627c7c-ee3,2.0306858491668454,-0.019113401299672428
910e23c5-57c,1.694016912129207,0.1096942999640369
4a894fd6-547,1.970015418637196,0.019078786227310518
367fdfeb-a25,2.1504415252117615,-0.0016884731284481092
613a8a47-ae6,1.292191346989989,-0.034951225042809064
c0af55bb-b24,1.3882650070245859,-0.061257835045248454
0eda25cf-ce8,1.4432917400115988,0.0011077926548194172
a046f088-e1f,1.4448019900239446,-0.01849988286272858
26ddd528-0f1,1.2704821470102317,0.10148704915668139
0e8853c2-859,1.8347752816655811,-0.016527162618721836
ecd1015a-160,1.2715684300138672,-0.018606458879080967
3288e268-545,1.5612051051359348,-0.03908106889965385
29838531-4ff,1.6539198151728534,0.07488039339996899
aca24b81-39e,1.4723054466348746,-0.07687269780490896
107b19bc-219,1.7430860304191214,-0.05421950467674963
db8c7e09-3eb,1.5867921573729276,-0.061411795917342304
64223521-1ce,1.4003588758916878,-0.04582928023223021
26af64e1-02c,2.0301257699345485,0.012906717958726222
37397543-ba0,1.358620754714334,-0.07222561385527193
f6be7dc9-26a,1.511737592355885,-0.013901484900419314
689b46bf-157,1.5053914852108705,0.09174836356729588
cd0fb56d-6ee,1.3622902327572401,-0.04034890275358216
76750b80-86b,1.1220230713453703,0.07762175594580745
a2ebd4e6-97c,1.353936086556769,-0.03513713767061927
db8c744f-faa,1.3310389585474292,-0.03769141596897463
407518ba-208,1.3103520348543571,-0.07706512522891917
e1006cfb-f8d,1.439690065759323,-0.07148582684788751
e52eaa16-7c0,0.6986252308737635,0.07089217362879818
c6e0aeca-9a5,0.6850536653390897,0.09387235860352505
b37fe98b-35f,1.5768773384715977,-0.0152277310586027
abed28cf-63f,0.7225125011896555,0.03383783189168621
e27ce4c3-a2b,0.8699707073918032,0.04955138940986814
7c08d745-058,0.8154435118464216,0.03904684313561646
f0e48b2e-66e,0.7310183420114617,0.045777917491223064
d36e7a31-227,0.850655681512356,0.058370480034250716
3ea94ee0-c1c,0.8178515304538712,0.04902382150069806
26de50f1-371,0.9905306316849544,0.04906144730234885
9eb02fae-5d7,2.222947368234377,0.11984433193815325
22f96023-06d,1.5814316586879507,-0.011701921895846512
d23ffa48-777,1.0537422750354861,0.05482555050209148
325c05d5-e24,0.846259728752244,0.019500605550118233
4a00a5ae-411,0.7959684650547089,0.05209172556672914
435ec6ff-660,1.2532392543790798,-0.014449445749303513
bd374efa-625,0.6398979741652258,0.04927212634921552
ed949c77-ce0,0.7228030982407638,0.06991231920497276
97cd704a-d38,2.0428049165318956,0.09662220131485733
64c785f1-818,0.5020309687469349,0.050356436012575445
2c7f8ae1-eea,1.3716040817502297,-0.047963542347017996
23fa8246-789,0.7578932229450759,0.02506340337727364
cdf84dbd-e0b,1.1708190262160874,-0.022573420877134875
66a72493-c54,3.35721157278336,0.14031879899600697
50995787-1a5,1.4640227976816724,-0.036773255711757435
5f167675-3c8,0.6705645159482063,0.040222550699394066
6b837975-eb9,1.6947080438967081,-0.06068421381366129
844e1a8a-1f4,1.2557526220665611,-0.08651217056394273
71c50e32-027,1.2495296075110822,-0.0845387922475695
f1ddb14a-37e,1.1935145393496194,-0.0254449631716942
1e628be7-3a6,1.2516216259246373,-0.08296641658351417
fc999d1a-dcf,0.42298780420379267,0.07014542270241553
04e999ae-a74,1.4063171315433038,-0.08431164520817142
24fa153a-d60,1.397242314847299,-0.025587277975253786
3e32456f-f23,1.6972546328218143,-0.00975585118344624
b193ae0a-260,0.2796569224662949,0.029314070879936094
99162565-4a9,0.3736912795981278,0.061806242185627136
25498911-205,1.3684857658657625,-0.020108679327387025
a7fcb85d-886,1.7305553597413321,-0.06600737742031781
0136d98b-e54,0.5267727061565329,0.03550406261930539
fea15c04-32a,0.7301251545843119,0.04568351474010268
a4e43f4b-823,1.686097698491146,0.00016695823141232857
3dd6d8f5-193,0.3160784965035748,0.047246191110284164
afff15c4-f8d,0.13545024170360787,0.031251771847514265
527f6afb-454,0.9136980713154147,0.04234922750035297
85cb4f46-896,1.3906762631500067,-0.07230343304276138
7db1394f-107,1.6687778954064558,-0.07212655152328423
21d21905-5ba,1.1531232959575675,-0.027862621692292255
a279d055-421,0.845818793474819,0.06031474129954517
a86a7c6e-061,1.318541829521452,0.07516503239516392
ab295357-3bf,1.4327271495262512,-0.030131223789577388
24795423-6f8,1.072209569924428,-0.08661274521520124
ea13b2b2-d6a,1.655073012059256,-0.02585620897876101
6c60cabb-40d,0.4939097816672678,0.04440993094863377
03b03120-83d,1.724634242691863,-0.031329443468904594
dbc15c8c-5d6,0.2619190036465791,0.01749395419711397
0bf43230-314,1.3799015299979118,-0.07821863664623391
4c0bd40f-a07,1.0709411909956792,-0.02361440513051538
12c8b07e-bf8,1.4071789571715558,-0.036470349834500815
33a5b3d2-5f5,1.269493472125971,-0.07336609239743497
254675fe-eee,0.9409077798105374,0.03132356665625291
852e5994-334,1.1080669660807227,-0.06472803832606999
c35af088-801,1.3817590019793689,-0.017154554750793916
c1c2a7f8-690,1.0374746709362797,0.07667872656392072
aa2db7d0-f1d,1.6764709610655077,0.039970901214266275
03a3b403-972,0.7769505740151453,0.04768538570497527
ae977bb0-3fd,1.2956939358297266,-0.0824852395984279
f9a4e055-aee,1.3325299816641796,0.0642212551128466
b0e682e7-0a0,0.7684068901919806,0.045878845145078895
126f9e53-a45,1.0476744743327224,-0.025923698781934346
c74d3539-248,1.1046922992444497,-0.047493039611229415
b6f19e0b-f1f,1.3917804850614668,-0.02488152734137311
a3822711-41c,1.5085586299952762,-0.06523980082898251
8032ea51-e2f,0.9582289333884543,0.03740843623073287
32c0b417-5e9,0.9108509969904225,0.02729671499936137
5608d3d0-c19,1.5081529455024691,-0.07814986541522684
f06851b4-cfa,1.3694905375532522,0.06818383828181118
de54a4f6-709,0.8170650674938813,0.059675962885115674
b041a4ac-10b,1.2709209791501384,0.032515466245729985
820ff28d-e78,2.1833479416861366,-0.010509491713104557
1304ffd4-0fb,1.0344732739947,0.027716219881858573
891e884b-e82,1.6183204671261393,-0.03961683628139595
4a5769a1-e68,1.1554442865253611,-0.023209568439704342
4590c72f-d25,1.4460397073529192,0.054313987178787326
0a9f953c-2ae,1.6766588388612533,-0.07138776395776092
c53a7ca1-a6b,1.041837203224558,0.07998653278390244
7dd203d3-cdf,1.150051532471969,-0.04954541061360057
6dc0a3af-9f9,1.1631374974130346,-0.08936913185042078
ed2bdf50-411,1.774032412250887,-0.007926793685759326
21bc33fe-6a0,2.021567255642135,0.0055675564151895784
cb9c5197-d2d,0.7269791811346765,0.07946065593562568
a758556d-484,1.1053834210744198,-0.07377392856049841
f2be39f1-097,1.2304324838164404,-0.08038879957123374
88b540f4-df6,1.046200860761818,-0.03428765789486804
c69a20b7-c91,1.0888326277310265,-0.023641327577987925
8b11cbd7-1ce,1.6427119308931393,-0.019125482156939377
9d962a50-e22,1.237510634202164,-0.040009551065997684
095de2ba-228,1.3474806637581331,-0.0706765292841785
0fc4ad19-d48,0.2942613842716556,0.0733987999002873
35d2dabc-c86,0.8765324340164197,0.032092572432632194
a1528d97-2ff,1.2149326444185484,-0.05277136850836822
6d1640bf-d00,1.3680617264645445,-0.024374220703096028
2beb938e-91f,2.423833843351574,-0.0459607351324785
07b993c5-b95,1.1802610018777349,-0.060456019997277455
8e26ab04-337,1.802573273929558,-0.00923859806108257
742b637b-14a,0.2588562181928158,0.061136725748952125
1df80d6d-83b,1.1051119086998369,-0.08978333058147336
d3ccefc4-e9c,1.8827516487920115,0.05565842820560396
af3625d7-441,1.4197883348721012,-0.016856959641446678
20c26887-1fc,1.3499918303354161,-0.06727491823734011
b2ae20ac-2ab,1.5905041520988366,-0.08175440993372957
c247eadc-58f,1.5683004492808479,-0.04184976260736012
8bb22334-76f,0.9508404233113993,0.04379494022169628
9f2d244c-a12,1.2901233652111983,-0.02162324474699201
15c7d4b3-3bb,0.5621502059907078,0.029076698590959738
4cb61234-b21,1.0296019349147811,-0.05062775280795939
2e060174-56e,1.7547905477472536,-0.02436585828944815
d933bea5-bd5,1.2737233613079169,-0.03791444975051328
3ce8e4ea-376,1.0554886625915072,-0.05970714149839085
674474be-949,1.2972998722159863,0.07012936893781696
53c27b78-1f2,1.1861520610079301,-0.088265484328853
3d6e62c9-7f9,1.7982992887389555,-0.005519481622823341
a3e0b815-87b,1.0447344055717789,-0.023362641195535716
63e59ac4-996,1.1583252034853668,-0.08587845530463994
2bbf763a-c1d,1.1411085864211326,-0.0647253453540822
1df0a904-eab,1.4549422163089845,-0.044410501797450874
a5450377-f7e,1.2284804879631857,-0.048602998782827145
3dc3bc50-ef0,1.013289371540167,-0.009953357538442176
d7c5fbf1-e15,1.5078712891817525,0.03145628185258975
e39fc33b-5f8,1.171884091281268,-0.05401723151679633
c8bb9cad-2c4,2.090381456529946,-0.041568642722684845
bbda64ea-77c,1.2860989745584015,-0.07155016693637378
58744745-98a,1.046602839284984,0.06746711949435924
8e2af561-bde,1.2402618626571873,-0.023836442769168353
3e32ba24-20c,0.9289649051022822,-0.048249511820182
dd58a5ec-3dd,1.2460955913288754,0.028001886051236657
c3f73101-e4d,1.0312147666230271,-0.028412149047285562
c81f0f3f-8ef,0.7585033590008581,0.07092530687179655
1768f4df-2cf,1.633134085612585,-0.027185947908522023
b6110a17-68d,1.1356049521741416,-0.04787017030194757
10e817d8-daf,1.796942054883954,0.03858389887476499
9a569101-f18,0.9275425857078776,-0.08305045045381815
11a2e34e-30a,0.7495211216155176,0.036871612898983996
afec224b-b9c,0.9440415061736419,-0.05737606421719088
8acc5ad4-e31,1.3034293925583202,-0.06044812003750716
09af7304-c54,2.089528694222439,-0.05969169651565204
b85e19c6-3f3,1.4244663906970398,-0.021765387828922178
9e46aa08-4c5,1.2961212502466064,-0.04467356147930884
ce558bfc-f77,0.9972563636640971,0.026507061277631916
c75a808d-f24,1.6647243538004273,0.003213659654659584
bd8c0f2e-b75,1.5065220189316486,-0.04118388368433479
5cf1cc90-d31,1.3700011918579302,-0.009831320788466436
7c7d0416-0b1,0.7482150654371176,0.03632507114770134
f3872af7-b4f,1.0036892576298535,-0.04147310518207553
0d9e16a4-0d2,0.4669389684477591,0.024180321758072942
9158e72f-1bb,1.606141102358488,-0.011513805641281072
945ededa-558,1.1726809218819423,-0.024693545650059545
de714174-607,0.9539540229530885,-0.04744128183946539
2499fe67-1f6,1.5697363571994565,-0.01812290860134058
c7d353ca-5e5,0.9836032098597796,0.011348239093544099
95351b1d-dc1,1.202300577659843,-0.0770798422080009
ddda1652-c6e,1.2434821664696019,-0.02242182013902555
ab6c3833-454,0.3220742741760893,0.04710472546077449
eb6d7063-b78,1.3015049950687614,-0.07623587764375417
066027a5-3ee,1.2546515746061417,-0.07471428033390881
ae44dbf4-c73,0.9440676211771952,-0.04900461063981043
3413c387-9be,0.5871330048298091,0.07128859569184864
ad462bca-e11,1.0869793175665858,-0.0820282397576878
df752e66-df6,1.2078468264735776,-0.05041931031874203
32db32d4-06e,1.4862452920978286,0.07293148203811117
3d0438b7-827,1.2586838225759491,-0.047187697824491504
224ef2ea-577,0.24286700014163093,0.03923195487565245
edfedbda-345,0.49244448277431574,0.04064705811930602
bd4ddc86-a27,1.4760959163181606,0.07665943848106493
dc5e34a8-3e3,0.9507743657898102,-0.0590944457102362
9651b743-967,0.9323851870270743,-0.04561589975339153
533a879d-ef8,0.7363077709338298,0.03072163645728032
7aad428c-17f,0.3463533841596648,0.03603440995823037
c14a97ed-ee4,2.2363883861161575,0.02857324146503304
44ec6a9b-885,0.47150271798295207,0.03655608390475573
cf5b5c32-6e2,1.6555132235500478,-0.06973104907679217
a24c9313-acd,1.1978355892736465,-0.04773709259565323
89d9f656-8b7,1.6364077078275765,-0.030448975577393067
b0f87bac-46a,1.0953512080956276,-0.02057361709928296
7e40c197-5b4,0.9805361359730536,-0.07599733189818902
857c0663-ff2,1.3007172771426583,-0.016512588056544764
1a8a6534-550,1.1982498856880548,-0.06602663266172148
2cf48911-ec4,1.1866215735531302,0.03789292164639191
cf24e428-76b,1.005072578206542,-0.09280033074077276
a0dc7e5a-124,1.9694925391253046,-0.003357007318409766
32110d2f-e8c,0.8684626741798627,-0.08999091845218549
a40cf336-ae2,1.215239575914692,-0.04799934152155755
f0d9f44c-1e9,0.6789476403950694,-0.006313240368371387
21359790-ffc,1.6531836779689182,-0.06868348162177051
e90f585f-b58,1.0175383847651136,-0.057677031371679954
17c087e5-4aa,1.5568767355912578,-0.02575153370767347
04f2b96a-775,0.9304507177995409,-0.0868293153524966
c90463f6-01d,1.1359484634053847,0.05993973556313981
dfebd1c4-083,1.0897542406430119,0.025254716505083374
ca35851f-e56,1.0692229372188966,-0.06708141738657114
d60109f7-de4,0.8810652103715838,-0.026463144879944167
8e542ebf-8ac,1.4033690565872052,-0.08325685378199632
2d1a0d84-eac,1.443729423871165,-0.08194189873359087
851bdbe5-e04,0.9249240443103206,-0.0856236928719003
0f24db93-007,1.8238934737150219,0.041667709770186634
91fc7995-7dc,1.5781483631042623,-0.01626722977963707
4434a79d-ab7,1.6039848128679295,0.03385147407610234
047b9122-009,1.8166660205688743,0.0383155006891408
6036f67b-be2,1.7130616083634402,-0.03325286339089456
5a9702e7-55e,1.5653462224717276,-0.0354001909989522
e454c01b-888,1.3479508210429638,-0.041852006081989745
85d98664-8ab,1.138993092258661,-0.08629794119673367
4e0f804f-b54,0.8286871501281109,-0.04851380967621344
c0cedb11-adb,1.3086020178954834,-0.08185432830955153
980415fc-437,0.941982119829223,-0.0655520529096068
4ec91ba2-c9f,1.242637243747146,-0.04980963849024911
faf7897d-5ad,1.5332353966738412,-0.004131926614086623
5d3950dc-e56,1.1979340612284535,-0.04361059342426349
2131c385-dfc,0.9347637545496952,-0.026240236108785564
1f85aff0-ec3,0.8787466103033167,-0.04103795280980094
4463651c-75f,1.9050940172770656,0.042234305689952234
ade399e7-758,2.8532730029907327,0.08136002715856516
37ff2b43-b1b,0.9188905211692973,-0.07030486895729343
ddc9d0a3-b7d,1.514918957440967,-0.02947229426420428
c71f292f-7f9,1.081840001363024,-0.09040180157760797
be479630-636,0.9648695862697751,-0.08330904810192241
f437935d-06e,0.8546957450112508,-0.041166600132844344
f2b17796-e29,1.3866449472277425,-0.037948783515613815
0fb7becf-601,1.080942870241949,-0.02032593982584141
4c38fade-0d6,1.134879052586972,-0.04164030755543585
dadec205-c04,1.1122199833019555,-0.017203152941782207
e39e62e8-e65,1.2478931128954445,-0.054160025625124064
7a8091d4-77f,1.7883142960724103,0.06906843443118571
bc3dce46-b7f,2.0979882963414194,0.05894846592726999
de982298-d6c,1.2473464749783825,-0.08560841617198012
7b73be77-6f3,1.4143386472297825,-0.0389880572993343
50f6ef33-9f8,0.7083837454341246,-0.03131698512615644
a52b5e21-8cf,0.7091766316466003,-0.04521402416212905
1edd367e-17f,1.2309473984377592,-0.07718092423773748
3f5058f0-6eb,0.7550321925309689,-0.026350248901910234
eb323130-292,1.7307766731627428,-0.0035552621242224136
6868d784-6ff,0.976518820397041,-0.06235607908069296
28ca2229-d1d,2.6117436553356397,0.05480953050162596
2284ccba-da1,0.8359233857896383,-0.02972479375502085
d10bd97a-556,1.4713165898763911,-0.044062246263156524
f67d0def-642,1.2172000459240857,-0.06428282393634838
d626f65a-be8,1.4996858220363252,-0.054857616192151015
f707c85c-a18,1.1241893985501368,-0.02237591345558726
e99212d2-4b1,1.217469341651269,-0.09765172283415774
6b6a4c53-608,1.0056615920229874,-0.07222053010224727
2d4289ba-bbc,0.906430980982013,-0.06187986991557559
511ce1bb-595,1.4265911739621706,-0.023926602526298746
44231617-114,1.9431725237015716,0.022428013111787992
bd90e0d7-6e5,1.2885912667054353,-0.06607081487895766
b2cbde4a-56d,1.2638900408194784,-0.10648287343693352
8a4abaea-554,1.2728135681777086,-0.06968313778231688
64507577-e5d,0.7683167924521099,-0.08798761800763777
428c1e71-a5c,1.1816021264430705,-0.04572087613719156
a71b4fcf-771,1.3186845290371534,-0.01758373850515743
eb3a7432-d83,1.3411110312375443,-0.06892551887997023
94a7cfb1-692,1.0958757910767545,-0.10013579344213375
b0b19ad0-93d,0.7497428208159281,-0.04939680651513384
ec1125c0-e4c,0.6352070292414342,-0.061710312054355065
2ba36f08-655,0.7447777432410653,-0.0649413440244449
25433a45-246,1.206181648715249,-0.04629048732638591
c8e9dff7-c93,0.8192648725368441,-0.07882066253322562
11afc38b-14f,1.1021763167223009,-0.10834994080475568
f7d7272a-2a6,0.9189128751635471,-0.10533850851428828
cdac56c5-312,1.1919027003714842,0.05874709360287189
dee2634d-190,0.9086388743072922,-0.0530463574996079
fbbb6a00-d64,0.7029132616412369,0.010410271326878773
aee86ca4-bf3,0.7442277351467932,-0.0789189624588773
1bf42b81-5d1,0.7953051918465593,-0.0765012547867927
8db4c4df-8d1,0.7677660565428002,-0.051018340336093704
73006309-1d8,1.0318224997387724,-0.09722033161226712
7eaf29e2-2cc,1.0247255837603202,-0.05787191973219136
175b23ab-20c,1.1806790367480313,-0.08930090234983301
65bdd968-e11,1.6510686844717581,-0.0817571725386807
ce13c505-4d0,1.0621896708863499,-0.08436893233808551
3ed49738-b8d,1.2440036811314878,-0.09336344629572663
e16ca224-e8d,0.8291454884423579,-0.08814793769078177
d3d99822-456,0.7128821589469181,-0.049649494500843605
4735d8db-9be,0.7349557780405401,-0.10428027553049857
767c877f-af3,1.020011525851017,-0.09983070107310066
4e192371-f44,1.216294639629941,-0.04423238160758042
093a66db-1e0,0.9843696842464257,-0.0924698027391978
df060499-56d,0.6353179372313809,-0.09064143396861207
7423491f-e2c,0.8060728731956825,-0.09812770585499009
3c3ae4ce-cff,2.1292934010807234,0.00044654930280330074
1da57bda-1e6,0.9122884235076147,-0.061272251730837
2f1ba396-98f,0.6619265053333688,-0.10011884986915942
26c51ab0-f52,0.769380850858023,-0.050909074291000944
8aca1af9-a1e,0.9379927756380093,-0.07307092531153836
a5e92705-fa9,0.9637739713943582,-0.09469612571564551
914bb8de-84d,0.796115641476051,-0.0635399162124215
b027f1f4-e94,0.8428220239988018,-0.05137794520386024
af1c034a-1d4,0.35157823873050653,-0.024674638102381685
25292b18-903,0.7051121350737423,-0.050420020589002024
2d8ed311-b6a,1.4575102422138118,0.06182277968456196
55b00f1a-847,1.9780232438319723,0.03648722187681952
7769b40d-843,1.0000990401744687,-0.043299534077572754
fa3468b9-55e,1.1121198465690816,-0.039782353093263334
7e7af210-9fc,0.9312328623425707,0.0018711517050807869
d095a3c9-5ed,0.8229180076114454,-0.06519556786610436
27ca7cd7-c2d,0.8734180220013485,-0.04612381920387043
ba069bc2-219,0.944456360073309,-0.09911218051746867
5f05d2e5-2ed,0.916286898693423,-0.07340519001596973
1ced06b0-863,0.8133241148284199,-0.07317604521941146
6aca861a-a87,0.7349833182767093,-0.05168945467368119
81b4f788-62e,0.7237516912682609,-0.10381803349360152
ca24c660-be1,1.2545445484175084,-0.09212918424051941
940aa619-852,0.8498177099224791,-0.04598766859950998
4065648c-d67,1.8447623642493562,0.006622044967649621
444b4c26-1e4,0.6351526362936384,-0.08423202956411052
60aa93f2-760,0.6954145327485418,-0.05090760067372896
cfc49acd-8f7,1.3389434055409608,-0.0287755750405167
c49697c0-317,1.894159739483905,-0.015511996730279753
ffa76335-3a8,1.0738007448231308,-0.024452758022239063
26e6e3b5-736,1.8153012119116865,-0.0460924440274002
f8457434-5b1,1.0782577092489238,-0.03338987703922891
3abd9766-882,0.5823201136535581,-0.1001189216580986
148f4da0-a45,0.7618624222233589,-0.04608714374175066
3d1dd3ea-2bc,1.094244318100893,-0.08498354262674335
3aea5783-107,0.887024218762803,-0.06204504496086177
25541b0b-839,0.5957309871196323,-0.04603000219468584
3961434b-6f6,0.7009389219069969,-0.0752521835619443
e6c4d6a1-cd6,1.231599762938591,-0.05812777266950875
ecc0bc6a-191,1.3152915535158998,-0.07372693075436854
59590986-fae,0.9471082865708831,-0.05188066262031055
4a69801c-43c,1.0613213460540976,-0.1004951254841685
b4c223bc-102,1.8769582145636927,0.036246606500969225
9d8b65ed-b65,0.8032261546161497,-0.07493850027566151
80ece27e-ab7,1.2883726178851558,-0.03612146303006658
2c4b1288-8b3,1.0885978168884747,-0.04467986473485558
adb2fb8a-ee1,0.958314121679599,-0.06618864352185544
3e6d395b-2d6,0.8489660452002696,-0.05048673515134827
32c18290-ff7,1.2438651588409835,-0.03823582039500162
475d9979-13d,1.0213204280519128,-0.0691418619677645
cd5cf99a-d59,0.9168349454435619,-0.1025964599843851
dba40e80-344,0.8650016872672115,-0.09219808747797265
72779eb5-9d1,0.8996803875843917,-0.04378687129355974
b52d58c7-e1f,1.1250405327493826,-0.0913547363860297
1ed72386-84a,0.7340635381715396,-0.09537501712194474
87df231d-3fc,0.5290210287291639,-0.0481896073737772
881050ac-1fd,0.07310139410409064,-0.04690182452085834
616282e1-95e,0.542956310144165,-0.09926939763899811
2e621906-821,0.3563808630608514,-0.029961213935781217
35823a3f-777,0.8533546721292944,-0.07295616434693014
bea70f26-56c,0.8445369368186393,-0.10581114690592436
bff510e4-2c7,1.2612245714598909,-0.051005675539640916
8a3c78eb-a31,0.6703997829208416,-0.07381733373276567
d8b07eb2-b36,0.5660712206948059,-0.06946755011650824
4511ecbd-74e,0.8123600935163319,-0.07937755631263194
59373fd6-728,0.9478064021463811,-0.047707513307805705
ba2d1bd1-d29,0.5196213503107968,-0.09492858892634887
a66f2500-1b0,0.805506939376325,-0.0951043711022343
f3c70a14-d97,0.7695361290997782,-0.08491816048258122
f1a02b91-85f,1.1363464906766534,-0.048616652532582905
615376e4-8e9,0.9039059945393051,-0.044366371863015286
9b85e9e2-120,1.1415017343187082,0.004702141359569922
647131fc-14c,0.7158518726741848,-0.034839304130668325
65450f9c-6e6,1.518705203762227,-0.05859177506408059
e5d7a784-0b6,0.5692198923828551,-0.10352485173809084
ba17fc7e-688,1.3443057447182871,-0.054993059334106476
0e782524-aa9,0.5846760721793323,-0.07294882549602322
f2f57ae4-c00,0.4272064219765802,-0.11096437101955503
9ab74698-3aa,0.4765077735111211,-0.07208464890446664
17137932-66f,0.9929177856399634,-0.05206301268895258
ab6ff22e-693,0.4814699108695918,-0.07998043884174605
d0f94529-a72,1.2351611885729736,-0.060205073406096155
f922c4cc-27c,0.66369493107832,-0.06567778326190388
1e1b37ae-645,0.6591622742241631,-0.05973987855533469
169c8f40-686,0.6879136763109723,-0.10508968645879319
feb7b82f-531,0.7990915684515136,-0.018731759032866224
4377e177-e7f,2.256817362939084,0.029335038878388175
17d626bf-644,0.7516463438337149,-0.07468310838441838
92204edf-487,0.7901041913418633,-0.04466123366420838
89cf76c7-72a,0.6051444156393226,-0.05064545626590461
b29854e1-696,0.9706003551090081,-0.10086409777057853
0ccda8fc-3ea,0.6157765589549726,-0.01564735616505558
923f2261-096,0.5166397795230218,-0.049338529034553436
e2cb3f8f-1c9,1.02817308539551,-0.07099076098462348
cc8cb0ce-cf6,0.4872017485286847,-0.09755644742861641
7126daab-229,1.0786141659505324,0.002531134142883973
402f3fa4-0e7,1.0290414708477302,-0.08935062178914555
b0228753-c4d,0.5051046588181862,-0.07525831906651365
29df5585-3d9,0.8086865681810939,-0.05536325117394708
74123398-642,1.2844511051779794,-0.015936642218717767
e8d02f8c-7fd,0.7585805768623781,0.004158018107107586
3bb0f783-868,0.6340206065712815,-0.06055872283913577
28f01f2b-b6b,0.5025362902608191,-0.058987771831518154
e9966819-cee,0.9848639543208884,-0.08008920854833396
f188e4c4-3fc,1.3731771672272837,0.09154133905455575
29d4f5f2-fde,1.145896247392835,-0.0729171451569815
87c7a862-ebc,0.8764200335629613,-0.07221881980322287
49dced39-634,0.8084563956046139,-0.10065693155270311
017c8f24-df2,0.9253686604330391,-0.030981778805248383
c54662e5-169,1.004023202278212,-0.04249898230641719
b06cd840-967,1.0988724437524908,-0.06765863307655556
6c4f1742-c95,0.4561567209704524,-0.08927292103184448
d0520a8f-0ff,0.4188229213174367,-0.09396216577823002
4924c150-d9c,0.5511947316399683,-0.029581991632766202
5cd163cd-cd5,0.39044663547504077,-0.07735926359188416
da503c47-a02,2.295682467368635,0.04873608871892399
d9e3043f-fbd,1.151304216619891,-0.0475862829018065
f5681c2d-227,0.8987730351548624,-0.07095641772342215
d658af5d-df2,0.6002131650621912,-0.100429879387264
3157cece-f2f,0.8000598411602555,-0.042859907273476994
57891da4-77a,0.1932818316829039,-0.030801681985310136
909ceecc-4bb,0.9296713454015549,-0.04431596459691867
e70685b9-0b8,0.3811122193979657,-0.058548214572738566
957c0920-640,1.5048237831340103,-0.020230982639307893
65fb6142-84b,0.4370796465052311,-0.039650614169344456
f6732d42-cac,1.4124240734856846,-0.02033212723385963
e0f0a4cb-a95,0.48981186673680605,-0.06004384259440809
a37bed7e-ecc,0.6935583143851924,-0.09103426895939182
16474270-58e,0.5992253649043229,-0.06286562701921922
58e923d8-45b,0.7577341470819021,-0.09655373626495284
1032e6c3-9c9,1.3268190822122297,-0.052223517621594995
47ffccfc-e18,0.45349589947841334,-0.10844102475594647
2f40b0ac-b48,0.4701804032927782,-0.08847054512835467
99aa15bd-0c8,0.6989228060747417,-0.09947288191837939
2bcb1ab5-63c,0.5679267893515678,-0.05039089191592694
4a6f1686-7ee,1.9676831870799245,0.036409937719128704
c51954b6-e4b,0.8214748803000551,-0.08761136970217454
1afe30b6-f50,0.9769477886443656,-0.07793571932442506
be1982f2-fef,1.205936956749884,-0.024955440477666457
49036a41-6af,0.44321148872238814,-0.08997830317956823
8fd7aea5-02c,0.7870715605782896,-0.03514713533331315
a4889353-5dd,0.5415138973015325,-0.0820599347335545
5fe10877-d7a,0.2864577621035451,-0.08497222805697269
77bb16bd-ac7,0.18372992954656395,-0.010793467876362484
9bd7de36-c5b,0.5266884065158633,-0.08516836132807837
8635133f-9ce,0.4191067531497644,-0.08343345180354222
74606cfb-21b,0.8329350310584729,-0.02690232915009888
cda9a2dc-84a,0.5891145151815717,-0.040377861843558294
28ee5110-768,2.2796892264516764,-0.019728301472874354
d930f627-021,0.596074118667326,-0.07119760602178848
b4c4236b-3c8,0.34201056156640647,-0.0016379496039138908
a0fb4a4d-2ef,0.378692075648202,-0.10364460304015372
4272791c-2ea,0.3957162610890952,-0.09582492303309764
6ca6d04b-b4a,0.5644958543274918,-0.08238866556602675
8bc88dcb-384,1.2913752517177177,-0.035599720906981214
07478e1c-f70,0.277290072654233,-0.06512055719393661
dfb2a4d6-2ed,0.5303950110960631,-0.08552201175150498
134e0ac2-bea,0.6000720771277371,-0.04073317094157375
171159ad-ffb,0.5100420168441053,-0.09394892962735119
e0d1f27b-685,0.9433980443709997,-0.07943563435465761
88a49054-0ec,0.9194426615162908,-0.013399409498278558
e6f6ab90-358,0.5532549760824322,-0.04846352211275756
af0bf38e-00b,0.9408556819208009,-0.04567084385490067
e713a07e-ea7,1.6947631869729483,0.02015889817786576
fe8c24a9-221,1.4894556209457461,-0.009431122710515327
42b4a7d5-15f,0.6288152652596217,-0.060119841518261496
265a14a4-479,0.5058438212591874,-0.0723715606403002
4484045c-c45,0.43159127152931354,-0.0893875274949113
25e130f8-2ca,0.5337861122087824,-0.0750415505468614
37909a3d-367,0.28587365107272433,-0.10699612083257537
fa826b75-994,0.7992900813531121,-0.01599430883132691
7c35b0a0-5bb,1.1015776514635478,-0.02821703387266522
675f612e-f3c,0.2477804867167977,-0.06373069395663467
9a89840f-c38,0.2571288098606293,-0.07643026481111903
730e3ee5-e46,1.6697793381832946,0.007785241959365696
fba4db57-855,0.23231562465513914,-0.04651348968599367
8cc81bf2-6fb,0.6499390296230102,-0.0367668581618219
7b442899-ced,1.7038229227969297,0.028114558875147244
6435335b-d10,0.6684695681541515,-0.05257425892871065
5c05f9bd-c87,0.5748623555310381,0.03633064902992056
fb9ad1e6-8e8,0.3082273560365687,-0.07877573462409032
e896bbdd-255,0.2774163687210868,-0.0902871875499705
cdf19e11-1f0,0.7007096866845268,-0.029965652534662823
aff22a8a-e20,0.39974481149253255,-0.06491809982809449
45af1de5-fa7,0.6961498613508186,-0.09769086246821179
12808e9c-ae1,0.48931617316148324,-0.08976213789169452
2432fe7e-000,0.6607821288861129,-0.029273902309996658
c31ad026-5c2,0.4681175325687596,-0.08465934074134379
db3421ef-a92,1.5569486392537009,0.04063946429612342
3f2824ac-5b8,1.6530743728388426,-0.04237481872093907
6797351b-68d,1.076236861597689,-0.04797411501111476
415a8b53-692,0.5853644917217841,-0.0572009805448091
39449add-7ec,1.216507394173003,0.04996693413422382
6aa3529f-db1,1.0484538011221285,0.03813558475690415
8b2ce95a-3f1,0.9957476352038462,-0.07729404601813883
8a8ec382-87a,0.6507031253030565,-0.04359109625337165
17cf7b6f-86c,0.7530265978084183,-0.06696887864392598
b43df5e9-429,0.5799783036045254,-0.049239667952286015
fbff9560-57c,0.9462574724884215,-0.052952195270857316
36972320-76a,0.2752566582379967,-0.09379136144501354
e7924742-b9a,0.5095481040274015,-0.05769191608146407
d0c51dbe-8fc,2.305850298166025,0.0324884931810292
a3d0fcfd-482,0.6259390677272358,-0.09874482672185958
0ed760fd-349,0.2098004344718371,-0.07409436818649867
0a0e0c17-66a,0.5898044131358515,-0.04526248512403663
35b3fa15-a25,0.29197890026873874,-0.04389756803653794
3d09d515-728,0.6749845163741981,-0.06380645930706325
655ea88a-59f,0.5941360401547492,-0.03114228259235091
5ec2c7ed-20c,0.7789773960828236,-0.04113118306643665
9183f114-e53,0.3489210106579774,-0.06382614460278385
11056a48-9e3,1.0019992031236808,-0.025000795984057467
678eb065-39a,1.763884522118324,-0.0011809370820575205
dee1fc66-dbe,0.3417703039810338,-0.04621260373824365
198210bc-485,0.54730185460885,-0.0584887431289251
c607e604-12b,0.2511236806456518,-0.03465801636946109
b6534ccd-65f,2.5153985877444587,0.00957887842145655
d303861d-b70,0.28422759061756764,-0.07807650294629659
a8e29cc3-dd6,0.3215337862846612,-0.07158211494692424
7865691c-261,0.28165615741303607,-0.005893424214150733
13141792-7b9,0.4843428615466651,-0.06860396823067072
8ef75360-d31,0.18831064519561663,-0.05386222824471826
590db7e8-04a,0.3106449305962535,-0.02172125703731803
fbf3eb76-bd9,0.6739426272624958,-0.09158720600834491
683c1a6d-00c,0.1723240078034602,-0.09207405612452407
81a41e3d-f79,0.9655966532668749,0.03182034919576615
1b1e6629-f66,1.1157129115483788,-0.01687212220727341
77ab0e49-a63,0.4998529489026747,-0.09929824611637283
4f088490-f68,0.7891336950472587,-0.06870179756072498
4807ec6f-fa0,0.14206764185715526,-0.10092963738000771
b55d1dd7-9da,0.8696579018820262,-0.02436355189906908
d9d3e51d-455,0.17656222333027022,-0.07617029236712519
bbf432da-6ee,0.34567803715308243,0.015333577544143995
787d1662-bbf,0.4620830240214232,-0.08267454797773427
fe21146b-753,0.7642558759400269,-0.07312500557637808
8e699798-a14,0.246683691366124,-0.05283644915939284
f1cf92d5-629,0.19808572607369695,-0.07022665830943531
22a79523-e50,0.6753732406907949,-0.06306807012566351
c711af21-682,0.6790866179319832,-0.0789890919704635
057af105-d29,0.9945713791923232,-0.028382466712835452
e9b1974c-1cc,0.26067906606335717,-0.09827453086297605
337aac6e-79f,0.3394352979578566,0.0037665001067405113
e9da5552-87a,0.3520658076286261,-0.07625521158582893
4e13828f-2a8,0.25112091316691304,-0.046033563531693966
f83a5325-c7a,1.1390974530586049,0.01905872426213262
0c2860f3-db7,0.07252256980404784,-0.04287693346520033
f1a29f0f-455,0.3988364923945038,-0.07209600150972079
3c704785-a08,0.16770196027568934,-0.026088701338579934
10ef7612-54f,0.440604063621703,-0.07798797232918764
877b0748-b50,0.27961511127891314,-0.0632493467051079
2bd123aa-b21,1.4139762646876117,0.05395534140315683
ee4ddaf4-5b7,1.2394282464808355,-0.024521205004575053
82135732-ff1,1.463416569597901,0.022469872577183136
cb895550-7a1,0.6752612345078046,-0.01527170235636588
3f815788-b29,0.419207470242143,-0.04644255162886962
0798f7e5-292,0.7617094539135072,-0.026952857408566344
d3528280-d02,0.2791610964634875,-0.04478094840880381
8bc1aea5-3d9,1.3801680487608052,-0.030063417775159307
39768107-669,0.6400170230960427,-0.015460070934819825
126850e9-46c,1.9765011361431442,0.006139336676864948
aec1a2e4-bf1,0.4634693409780481,-0.02933199071376913
7599949c-024,0.17948714971189672,-0.04652812010956581
453c753d-663,0.5875398443484465,-0.04441981783812665
dba363a0-be0,1.0648329149067368,-0.01164094096283158
0b5ccd3d-18c,0.10917288656936378,-0.09358225067901405
6f875b15-854,0.33763991852075287,-0.05525626483411722
072ffb09-ff8,0.4215538717820625,0.05450539765096685
f1fc71c7-359,1.182519738611201,-0.023380241604961216
7da52df1-416,0.23390596703016253,-0.008476615842695046
3678f433-5ff,1.2983897273425096,-0.014178860355751721
c620aaa9-609,0.6244754176004023,-0.05445155374409999
09d1e0ec-2af,0.5671727470403141,-0.034539890834306586
89dab91a-2e2,0.8258428851515499,0.050157028754275634
84ce4c51-db7,0.1647754436318249,-0.08537421745284263
19a75c96-834,0.12116132678921153,-0.09412563574610777
2302e90b-a89,1.8371578595183047,0.0599043843981133
ab86a91c-24a,0.49303307484201697,-0.055297004233671676
6435aacb-029,0.2557723013300004,-0.045206675771058025
40e92a3f-f45,0.48360591794139995,-0.04276723535261712
4a658e60-e62,0.3095131930894859,-0.04004958380560625
3c88de36-e6c,0.3917510907921311,-0.05730764917449499
1572e5b2-bcd,0.8498359139495717,-0.02877919149695224
735d59d5-d5d,1.0640460607847848,-0.07914423436117463
3d34a654-8b3,0.5478108273984691,-0.07671158537310929
54d4adb6-f6f,0.6329990365715908,0.029895675484657325
dace4233-3a7,0.4866406109730255,-0.0948276369467933
c7b80f02-e6d,0.776656379633662,-0.01648328798957721
1b88775c-388,0.9389138023457844,-0.024532783671976144
f2ae1aa2-ae7,1.0940143637425117,-0.012271048904091586
c3ae2a64-414,0.21130154742211404,-0.05428377216908642
3379a013-91b,0.18789208752880568,-0.10885948711519239
215a7dd6-dce,0.644795165247452,-0.04030556326275608
924d1856-646,0.353720048527379,0.0618054149044972
96e65d83-b09,0.355987171589367,-0.07049889825781724
80985330-542,0.5746598759757603,-0.09395637026629083
06b6045a-438,0.17813980341059288,-0.07240498008977525
ea52e84f-567,0.15195828243624354,-0.08654719993640847
a4a7bc0d-73e,0.8230163203003582,-0.03984531942140085
bd4a3f94-f72,0.488109089860644,-0.045705186684970533
9230130b-87f,0.36848985571226084,-0.06474093382571322
6a3957ef-a2f,0.6472105855256057,0.05091412008898555
0e3cfbcb-fec,0.9181925036838414,-0.07421416942414227
de98055f-5d4,1.2497655737625255,0.0040609548909055215
51a88f97-a18,0.14588678249530926,-0.05314285723017381
5672a8d0-3b7,0.22200881333722605,-0.05779263514433203
d3feada6-1d5,1.228652865742566,-0.016401162697575133
a32a9e39-5a5,0.25030298412952545,-0.06820779132446947
a13b7fd8-366,1.2892381764770204,0.01083942185576603
b6953578-b35,1.5813252814631906,0.037391384745992906
de32052e-8ec,0.49913711568874786,-0.05246743606695342
1f1aa1cb-a6e,0.42373534980198385,-0.03824369528789473
9a2be8cd-aa9,0.3282981498359114,-0.09746270947259705
5fe5e88c-684,0.8410313518847284,-0.05345074224259461
a667418e-894,0.9111570171949577,-0.014308973223814414
eae946c1-1b0,1.7792116931723263,0.017372333071561274
32e56fa1-316,0.4290678470816889,-0.0580128209404871
29512640-aa2,0.26190875133813296,-0.10306517434881823
0103e552-83f,0.18036486706327864,-0.06774026865711696
7ca402c6-b0b,0.4853967524927153,-0.058233319482609014
6e5835a8-dc5,0.8648368611011782,0.08425972618105715
9e2b92ed-364,0.38179450570682427,-0.010043277671092143
cc3ba7aa-7ff,0.8113079808294015,-0.03200040357320705
020f1393-530,0.21864547306883997,-0.0692247827665321
0f43aed8-68c,0.37761467896286266,-0.03036551670764248
83759a6f-418,0.8182115448023078,0.017135336126271827
48966c26-36d,0.349459404507056,-0.10396458503125489
f9eec102-2b1,0.3452537381995869,-0.08124616320169675
2e2a45ec-b5b,1.9491734413743291,-0.006063370834036019
a91cd47b-c00,1.5107233927959252,-0.017812972080219924
6de2eba2-c39,0.5816446121968135,-0.06288268018090026
b88101a6-b31,0.16732828806280384,-0.0768115757686812
53860ae5-26d,0.5572373913058346,-0.06628988207177533
be290be4-c16,0.7037197925096805,-0.11055018038408426
0ea283b0-a36,0.47336853182458494,-0.10670168214957376
80f0e4d0-26d,0.3898156753231137,-0.07847647446765016
f245fc14-722,1.9426671808005866,0.056989589719842804
86019635-8c9,0.2866747653959788,0.030604828910379744
b93f39b9-a23,0.780347626366993,-0.05651010754527819
95a03672-ce1,0.5893099413937366,-0.012986742466943202
14c74c2f-5be,0.23729961092011986,-0.012206113042127431
965830bf-d12,0.6620533647343032,0.015024368538944177
f41c1b76-627,0.82188271086525,-0.07279844806306601
b38518e9-d54,0.455695623337472,-0.028300606468190437
e39e462b-3a7,0.15470882019097942,-0.09145190638912976
72096cf0-e87,1.4971457052148869,-0.012353950894151755
f198250c-2e1,1.0448745074263017,-0.06336880801467798
238821c1-f40,0.6460484271723268,-0.05503753567682362
1d46199e-534,0.496089891320768,-0.11079742579420543
a1ac7a93-e07,0.45013210031845086,-0.10123820306850628
19927f3a-0a7,0.564683027319016,-0.0697392862148754
5d2737ba-75b,0.6906445860699966,-0.04504006472659422
e0184c6f-071,0.8863612659583733,-0.045743574105241935
85998a1b-83d,0.3090116162434312,-0.05745341307318169
b9e490fe-002,0.7715158630684162,-0.057584276013823044
fa489c19-ced,1.8826220484958085,0.09125218903338783
a7d855b5-192,0.3889031710495847,-0.08705468121068
e0dd5f6a-220,0.5077080946924932,-0.03975847078741368
54549d1c-553,1.308293359359586,-0.012849210597778882
145127ed-93b,0.9049204376987003,-0.09158441134327255
005045eb-071,0.6198772795311681,-0.09500469722231425
d00fb217-d02,0.2430174839499857,-0.05564859642452319
388226b3-60e,0.6888532453194,-0.03133907432074334
5b9cccc8-bd0,0.4753861080155644,-0.034535840388348504
c1d3afb3-a0b,0.6637924506578669,-0.05719568926319396
1faaf102-d79,0.15924160659738873,-0.07452267015580333
59e0c245-8db,0.721119601493447,-0.06912151658507565
14ecd748-1ec,0.3320004424850789,-0.07319911573857318
7d6ad9ea-d80,0.7820140131713512,-0.06477775870985703
bee0e1c0-d2b,0.17677940842331333,-0.06016666847177199
e09fb241-898,0.5915944052209903,-0.023735466198072874
6fefa452-f2d,0.6824275003392953,0.005206898015560624
819a8f12-631,1.239444536188216,-0.028495289112167088
1de7ea3d-148,0.7159561105880623,-0.04476866548386521
bbc89063-32c,0.6329793246624817,-0.02864830135895885
007d52f8-92e,1.6670717072604162,0.01183534575790901
bf41b7f7-30e,0.418545689545019,-0.11465735143567213
bec38d2a-664,0.9179388072326037,0.047031981292181335
3de46434-c57,0.7195905306745879,-0.04479933377121659
cdf31751-ab8,1.4739519523060838,0.04897152306869279
a03a8f5a-d58,1.162610689644339,0.032203571133286535
bb2dcc49-1bd,0.7875618544413324,-0.10198165761791211
6950f30c-c7c,0.32464458577643945,0.05101130994494618
5c31c8a6-5ce,0.9605569412563656,-0.06379344381788893
9f340886-705,0.319165191906784,-0.09855175078626843
b0da6f4c-4fe,0.6476446850558362,-0.08897371497038348
11b0cb41-d50,0.5644513010604268,-0.049472490292885585
e24f9ee4-b35,2.0712241225581955,-0.023504100951942553
81b4e3cf-b6d,0.4541735947616801,0.08259798799254825
90c9c3f5-8d6,1.615423219351115,0.07285121350061463
ca8c0acf-7ae,0.8731131104258536,-0.02791873630904934
a0881f61-13d,1.12005216648942,0.07156852256767066
df989092-b56,0.35579909799525483,-0.0507917779629391
98743e6d-568,1.0422580052466965,0.03556903919162269
85736ba1-290,0.40763802243789177,-0.073744498255851
07b38555-d85,0.260098267264844,-0.10343810481765137
3dde99a5-1f1,0.5662031731758437,-0.08062355412319139
a47b19ff-bcd,0.879051450550975,-0.11125932695370044
a95300c4-cee,1.5961280892273022,-0.0015538331152024076
b3111e81-f77,0.309180665682799,-0.02481818525785423
53a7d6a3-c06,0.34121664542875896,-0.11310878127817431
b5f4af7c-564,1.4609702688671145,0.03097474362873831
d7356505-363,0.4313458104498096,-0.04536300488560474
742ae576-92d,0.3524259388490611,0.03830407757974408
9c28418c-715,0.44853065079038057,-0.1126086460621642
fdb0226b-8ce,0.2624925227780857,-0.09658090571431877
f0441347-0b6,0.30623865959830004,-0.05871717550886385
b6cfb899-25b,0.40451082060065635,-0.03126934913100443
35c1179b-175,0.9659066596942117,0.054130724080508674
9491232c-651,0.486588506072201,-0.1119877928285673
f062e192-166,0.259687459109898,0.0014561676987986383
d6467316-428,4.520658119235022,0.048877383114259154
6448d106-78d,0.5274376043260302,-0.053774109426721284
14fe0499-5ea,0.556490403499128,-0.03400146373248292
4ec29837-cec,0.7119074124544392,-0.08681992096920149
696d0144-4b4,0.6196445119482501,-0.044759251845382875
dd9c6a78-250,1.3306107079353833,0.0346290613450162
be95f8d9-fc6,0.7771790481572339,0.022075328535752337
e8e3bb1d-961,0.495111983550916,0.04845270242797739
e253005b-e26,0.7512482457727743,-0.10088607809835282
38914a75-0b9,0.6977115142546257,-0.0491387702946921
a9091d47-fae,0.5052483265703607,0.026969705041062664
872bbc83-428,0.83645424126943,-0.054042343092027934
dc80d9d7-9e5,0.9813064895429753,-0.05659827240719301
b2e4e19d-fe0,0.9680485074593695,-0.08648518798322657
4d9a37cc-116,0.6292057741816547,-0.03949918330997282
29c695eb-812,2.075985110689703,0.010892985023556068
caafabf4-6f3,0.8735693709431385,0.020852337328284065
1de2dd7f-891,1.216871018360938,-0.0452361724205268
45fadaeb-ad9,0.2716939858635338,-0.10178337163465495
57e1cd8d-7e6,0.3118967233838853,0.014701709345971259
a67f7220-08d,0.8581257829823977,0.06743537343281869
cefa3596-9c3,0.48189616830769455,0.02095508842960414
bf8d0e36-0fa,0.5355058874409235,-0.046198947249389444
f51ecf24-5e3,0.4944726649086824,0.019349916042672444
3cf69a22-047,0.556642752274276,-0.049684577236041694
b69c20f7-c24,1.0362345799651584,-0.08695756494837015
7ac399c9-80d,0.7620384171817737,0.06666293992965211
5934f78c-fa0,0.7045780292520333,0.05083543757145681
ff8bdc60-792,0.7916070357683814,-0.11647553873475813
a4089c75-a39,0.9665418257619243,0.08110535670273777
6d16ad12-913,0.7038160276146663,-0.11285468585748898
7991e085-9c5,0.960286295183725,-0.08403579937676958
5a92f21b-82c,0.3234553838150336,0.018750058253962587
a0e74b1f-921,0.35641300659995245,-0.07797478604041386
4a977372-44f,0.15268012854368465,0.02229406986860183
9097dd18-f5b,0.9533705060361032,0.05124980294782566
b310ac6f-e84,0.3401291732762355,-0.047574516103338904
51f9cb9a-d43,0.3338279478841696,-0.10860761553734016
6e2e499e-a07,0.8476975965880535,-0.0951249159628057
4258cc58-50f,0.8478616836573996,0.04587158066722863
8ea77c36-372,0.07145814639141243,0.01613130436453658
59f76a7d-d46,0.34216551726107164,-0.10439742198299856
a780647b-23f,0.8464145456522671,-0.08948157063478912
f86575d8-ee9,0.5734349097036833,-0.028906915031468194
14fa6993-968,0.14307522064433298,0.01802004604835694
da0d0157-047,0.5426733050767445,-0.07581648750334913
63efdedf-c96,0.9681603671863728,-0.06986855313492096
389f8e6f-9a0,0.5089029576737074,-0.06749157066642691
e4af3bc3-90f,0.3895129695196095,-0.10252173050237134
a522bf0f-6ad,1.1985264439229446,0.013645223310091437
9fc0e86d-f5e,1.0593129839546727,0.04193804346061469
bc2a9a4a-b87,0.5568113448988544,-0.057936523108026605
14e5eb34-895,0.15860356337081824,0.01981768151513663
9c47aace-320,0.4197836481162824,0.021626133353606636
658b1b89-439,0.4189630651579302,0.0032440953796734062
58e37372-13d,0.7083426826410716,0.10656989874633582
1e731495-6f1,0.19685738850550472,0.030229849371371187
f572bba4-e84,0.5555047304084347,-0.05687006348164014
eb888fad-e14,0.39976224277102923,-0.07439014804861316
2640c387-b57,0.5236441605850419,-0.08142469603819863
be30da9d-33b,0.7248496423382165,-0.06795480106342816
9b6d81de-13f,1.439994279790614,-0.04678535984174126
8e8db307-822,0.30825708235578486,-0.01764668589343199
725491b2-9ad,0.5749722785205161,0.024793383779715295
c382cdb7-962,0.788291653826927,-0.04632650258872645
03bf80c7-0e2,0.453332067669576,0.02048631697654535
ac27dc68-8e7,0.4173151674073022,-0.08050318565297138
a57e5be8-c1b,0.3818365822758134,-0.11767477344371563
e044199c-f1a,0.8788098460427562,0.02542348296521091
f142b463-7bf,0.40636372717536756,-0.07411530279252793
3731ec16-716,0.3284617335777114,-0.037748521777406174
a3b88a9d-43c,1.1043081777066335,-0.10169438137086101
b127617a-0d9,0.4190544067859336,-0.0025477130060612696
30d512d5-acb,0.7365123603621624,-0.037831964343429836
0c36441b-2a4,0.5638764292568523,-0.075298610348976
dd274011-c7d,1.639265890128149,-0.06815418149132224
08a0061a-1a3,1.4799918870177602,-0.07145705612246461
5239d6f8-8ff,0.5041741106405957,-0.05465940224185789
9d789cbb-f58,0.7425057705489898,0.0021732784575846376
2656bc8a-875,0.7808916835939974,-0.06838687978008884
f3e4a6c5-3a4,0.8921546535898635,0.022678621548063216
7b335c7f-780,0.9547908388096396,-0.08101473338858933
3defbce4-542,0.5364647598398801,-0.09331682553763171
4fd440fa-c5c,1.335999009144792,-0.06063082224636712
14f0e71a-64b,0.35033455434319327,-0.06176911502844257
8b2c3561-438,0.8111124674289514,-0.025812777074871673
c74bcb6d-b84,0.7241614623854088,-0.023387337168110478
264e94a2-03d,1.7632566827968592,0.09792826729508397
f7b56e8c-145,0.821584649826264,-0.029916764588730715
d105339a-7f2,1.6006254782272031,-0.023436211682241637
fefd745c-28d,0.7894332000897658,0.0012035646669741329
1cae84a7-7c2,0.47177170420970116,-0.05779491993529806
7f3da5b9-620,1.2844552243444776,0.04766562669488328
b64962dc-542,0.39650401733085366,-0.056993073697620356
4179064d-e29,2.0555759681086943,0.038374511875692074
c3464fdb-db7,1.0789842136033774,-0.07604390397929534
e6c558a4-aff,1.3600652914906326,-0.032083009146528896
05047de0-1e9,1.3874275590155578,-0.04358916197516888
fa3ec920-1ad,0.5644010660891485,-0.0503773599750984
fd1321bb-b51,0.48282911124031824,-0.10220332271911547
d92e9e12-5ab,1.3652172789425054,0.07879913408768857
663d77cd-c2a,0.3817656711320377,-0.07208095575091661
dc1b9543-18a,0.6514269449978245,0.03393856779256066
e543594e-fc9,0.7433923570260316,-0.029679357262817174
863dee0a-715,0.8212000798134715,-0.028714455758846846
7a232d3f-e80,0.7354947416012166,-0.10014934830525513
20810744-b43,0.8809478872529606,-0.08233217491793926
d97dd0f7-f8e,1.1166493754475286,0.0031209136339915844
84566a83-ef1,0.7827850800782987,-0.10926062938468101
a895775c-241,0.9437247717690366,0.04098353387754339
4c67b29f-59c,1.0199101476878714,-0.03948037786089903
0f886d2b-fea,0.7343891491531618,-0.01671415214919819
775ba847-59a,1.2701466329256432,0.0217792274074321
90f281f8-14e,0.8423346848871118,0.0605582010077077
02504a73-3d1,1.142696117443796,-0.06680134950013528
1fdfb799-aa0,0.4207211223669361,-0.07783392951909612
db87bfcd-500,0.957280988722756,-0.11137793887518715
165b1cb0-59d,1.4471381543458652,0.028281753047001645
4944cccf-afa,0.6436243731834342,-0.1026712308580986
ccbbcab0-326,0.6476476284143109,0.007212714730385428
c4125ed3-7c7,0.688209921209628,0.0446015404905199
a57a02a1-0ac,0.4111557662602415,-0.08665996805714876
eae61e04-658,0.4997659620086323,-0.08765181637746133
8527097b-763,0.7910349591909163,-0.07677340963195806
163bb75f-cd7,0.4566989129448643,0.007023827591256082
73b7053c-bc1,0.46374937281647044,-0.0764946323463877
10e8954d-a7a,0.9905641046616978,-0.11435059182328733
44efa5b1-13d,0.5675294110523008,-0.024353024580364646
319f28d2-5ec,0.30964235963376885,0.058175228861085726
a86f4db5-c90,1.7329809693973335,-0.02082869243758695
47ea9155-b39,1.1067124643034203,-0.017044943325317252
af85c443-b21,0.847929078414535,-0.04498799887887567
06736e67-6d7,0.5096123170494817,-0.07546638338874428
d2fab18c-2e2,0.6605571939932499,-0.05329967721667067
409b46c3-fc0,0.5287528025853988,-0.10012655970732542
68979e7e-a1b,0.6877358728492966,-0.05128226283982601
007464f8-d32,0.2061927273342547,0.016844056046205313
79ab671a-84a,0.9825481900149737,-0.11095590994036492
a3c25b46-e33,1.254916506102636,-0.06885163678826839
593cf584-384,0.8513093309730994,-0.02256721055323857
c2ddd0fe-186,0.7395929502968284,-0.10413791949373158
a9f134fd-74e,0.4714527105351584,-0.07765667607812898
5fe01615-c18,0.680347233199365,-0.09646464779716213
26c65003-764,0.8005142635510906,0.0193973362536759
d3041f06-bb3,1.4849889954709763,-0.03396464134323329
2fa4ab3e-e5e,0.3072292847727164,-0.0015930091215546893
aea9124e-683,1.4856614917613282,0.002299663914504979
7f51b88c-a8d,0.7946502009627736,-0.10903995868220634
2ba889d2-922,2.0218657195850915,0.04663799473845742
3588a818-4a2,0.9471486259405038,-0.10692803417027075
4c4c3f87-e66,0.5412271215868305,-0.08364248035247096
a0e64365-8f3,0.9553469010675838,-0.0069559962080951165
02232341-97f,0.6263449433702433,-0.06144460842165017
051720ee-fee,1.0325231661306271,-0.052860047514843966
ff80cc23-c43,0.43683177226229886,0.05917631574581528
a83e3b88-dcc,0.48976732737667095,-0.0745477722912305
77dcc528-607,0.5471351153718993,-0.07842329135659687
92723f7f-31b,0.6811672647046811,-0.0738007525245234
64ae95c5-ca4,1.5514572922712115,-0.03652359758072776
6ca85a4d-c95,1.0379266651151917,-0.03005155439864754
37e6cd6e-eb1,1.3603861533668211,0.04449497126397273
c73e9dc2-936,0.5284597414258656,-0.07950956472966564
71c7678a-8ad,0.8743402654717118,-0.002767110567094555
faa375fd-081,0.6461444286383149,-0.07926327931787025
71e0495c-f63,0.7690417321391663,-0.11346367027340037
224e30b2-f8b,0.5778401883416893,-0.07400531083142026
9756896c-bb6,1.9470523413271514,-0.0007441501398017247
246a83ce-9b5,0.31899960751241385,0.0535596658378662
185600d1-7a1,0.6792004724558317,-0.09660955969110646
d4709b0e-c45,1.1707956278238714,0.05594411138857591
59af9f6f-8fc,0.661344602465819,-0.06490311366773066
f112dcaf-d76,0.6677880747589955,-0.021644652286353816
9c9136be-f1c,0.5921024964282601,-0.11747450844557472
10473651-bc9,0.6335586728743463,-0.027502913838082066
fa392f1a-429,2.4742145015343544,0.05483457015407822
fc094d89-5c9,21.11182802514204,0.08466672508106665
904a0e56-6bc,0.8835937617307487,-0.04189692327232364
047367a9-c97,1.0555531239747735,-0.003659887880689827
d113885a-a85,1.267272962420067,-0.050079634587601674
20c952f9-083,0.5080673089758265,-0.11615722275720847
4d754a93-892,0.6210510981199429,-0.05484385672856634
8829c0f2-a1e,0.657385954781046,-0.07450193414532369
c6cec7f1-e93,1.754199624776037,0.05847393887998775
a44911db-b6d,0.6169951056314588,-0.049167143273262326
e6513748-4cb,1.2799884035207645,-0.027848225164215867
7dc23337-0ac,0.4176707488481572,-0.03309399107437999
9db3446c-7b9,1.1259729835379302,-0.04733853044592018
c3a20146-131,0.31233382093601697,0.023337607922897963
93f95c68-495,0.6200986900112098,-0.09522074433353206
681e4a67-1ad,1.614596211542368,0.043553965726448984
522ace9c-24d,1.10610980199065,-0.11564729943070334
f7c2284e-00c,0.6185673468937866,-0.05471548540942667
4891743e-5a6,0.8541322041744228,-0.11025885862978013
921f326f-c62,1.6701287223490053,0.003161080780393899
22631e2d-d0e,1.2329972206244064,-0.03804590827622295
7c224d10-dc9,1.1019687262630575,0.06640249443153434
d1359e24-45b,0.6132794543340789,-0.007871279328739877
0e8b464f-227,0.5077432523480806,-0.03239164418314883
4998f2ba-86e,0.8396026804028629,-0.07598098259885105
0085efea-d01,0.8586831758111783,-0.09796853480849588
d5d0cfbe-45f,0.9340350865778995,-0.07103282329252691
0b823df5-2b4,0.662776818994548,-0.09725007093229476
10b7167c-47a,1.3082377538904415,-0.029303984661385285
5a32c761-8e1,0.7712640429734967,-0.09602715080196328
4ac686d0-37c,1.3404419705637434,0.007229035553036112
7138dde0-50d,0.5223446699503133,-0.08300261023206756
21abaf11-0a6,1.9627898865327713,0.004594470200236289
27ee69e6-3e2,1.5631454505745794,0.04375898191834238
40bbace5-eaa,1.161674009408953,-0.0007947964403987595
317e9b03-ab1,0.5746570081002174,-0.06980889760116077
ebed66c7-e87,0.9281174420991491,-0.10541798273389014
5401d017-046,0.8079453278658459,-0.02448862501668314
c80d87c6-c1e,0.6631140535056356,-0.09823021470302096
34006a93-ce5,1.2687044019837637,-0.005620422882984366
a722ed03-d67,1.3174972727542438,-0.05591958771733763
75b96413-dfd,0.9105228404727299,-0.055573427571559864
67c81488-23c,0.850989950344393,0.03566586413741801
dce70242-225,0.7637320484178294,-0.04931856172831506
b4c175a8-70a,2.1761068903583602,0.019718461972272006
4bbfc23b-a6d,0.7865462985500721,0.013849329926011067
5700de7f-a56,0.5027942595269037,-0.02850114784673813
cc5b82c4-933,0.6253334063726406,-0.09789096124982799
b76f1803-8ab,1.1335732477342297,-0.025038850882756092
5a999168-78d,0.9941927404621773,-0.09078104189207514
69313c90-19c,0.8140981079398917,-0.0901711185321113
5eda0b6c-1ee,0.435763290667182,0.023915782459489332
2b598493-f89,1.1974517341297233,-0.10038711316526139
c9210d2a-454,1.2870121575794156,-0.01667228945219873
6cf55cad-f8b,0.7984276305673588,-0.0919389277453615
2e1161eb-d7e,0.7910255923461738,0.02382436071622218
be1161cd-196,0.6197079061771659,-0.09771536601413905
fe2f8361-2c6,1.5802073041848566,-0.058834218248138614
d3dc2a46-8bd,1.798225642377489,-0.00461716887168212
332b6179-be2,0.6438902618849692,-0.0949150377381448
a10b7569-d45,0.550942248097797,-0.04229325753128188
faf763d4-f62,0.6944004129502983,-0.1066102035913506
948165cc-397,0.8299154167548589,-0.04197444419964386
9e41471f-cd8,0.8150062583193766,-0.08881690166600281
06e19108-5c3,0.7859073861261279,-0.04229361391716929
d66f1c8a-fe7,0.7641078770498124,-0.11023368675749812
0d0a61ed-4a1,0.7355967844500332,-0.07632641060237194
bf25507c-8a6,0.5298957230767888,-0.04262868245443702
c2dd03ab-545,1.3349975938704377,-0.015396897953293076
5a886519-0c8,0.6370436201996736,-0.09724576832382142
d7e4db69-dda,0.6086661064912168,-0.07648582035745899
93c1c34c-b54,0.8159832206729936,-0.08662581629340993
51b56f5d-23c,0.7262414035479106,0.021756539403075315
ea241617-c66,0.5660054687593691,0.0004086359871279255
e97e9db0-153,0.7702182739868079,-0.08963933195823082
b976e9c3-8a9,0.7585325899714545,-0.07258220223251627
22dfcf4b-679,0.7401009914161183,-0.028192879868891907
44eb0829-c51,1.7389135622994196,-0.029700283056297683
9a6e2572-497,1.1473985803996825,-0.08753864328035521
3fdc0b12-3cd,1.4763111221963627,-0.07242606233202936
6eeb3b18-885,0.6504344813275159,-0.028293050797421893
f6345b70-78e,1.2746845604813006,-0.03421400326540164
daeefc62-94e,1.2850519893233154,-0.10449268114491839
97eaf6e5-687,1.0731925343926623,-0.11574696559515629
2b2f5a3c-eea,1.4712410927970365,-0.0408764943347224
7fc2994d-bb0,3.297008594664964,-0.02649984419849044
57c42c6a-015,1.114838702439148,-0.046633779264083464
a48db915-de8,0.6932764893433974,-0.09534549629653455
e72736bb-63f,1.2670193963673857,-0.020513728691612443
ad4a807a-610,1.015290261428469,-0.052418820201029004
8b28dae6-78c,1.2592293282557239,-0.08255466326877653
f865bd91-7d7,1.0894522363438637,-0.04495129439152329
f29f3235-c07,0.34116785662816507,-0.021475856709929464
89bdb160-15d,1.3844152393057734,-0.07852989788635739
4c606be3-301,0.5623537032023576,-0.01261855471773593
0a923af7-7ef,0.9221164763828151,-0.06490164708329449
c435487f-f62,1.3936789083202306,-0.08673907217562493
56514d20-72d,1.4435231245976647,-0.006194908838263846
5272d56e-d01,0.9479195576878332,-0.06706188546769265
7f38aa27-5ae,1.1039319025284464,-0.05419560104730975
2168fbdb-1f8,0.8611586561589303,-0.0430093817916975
4bb7eb17-bdd,0.7752876968772681,-0.11325193613850582
058e51fa-f10,1.569237671906969,0.026404251270356727
7c26b8d0-d7b,0.9465025112114316,-0.0787775158417735
4b638eb6-963,1.0931662051344913,-0.09073519248119677
7c7ca632-d7e,0.9481364444346714,-0.05976412251199392
ab31443c-f79,0.787639080253482,-0.07036826763812976
f6e4fb22-f09,0.6099090366647402,-0.029875345396439323
831186d0-165,0.6931235551753647,-0.032190448051452936
33b9d614-b79,1.0282822627645463,-0.00633788334607116
46e463c8-ac1,1.2845527370068477,-0.07392316100315038
0b63cc0a-cba,1.0927085637946035,-0.10879310990091151
6ee0597b-730,0.7928439297818464,-0.01563736783421532
f18dbdfc-29b,0.8297086158507101,-0.09225840870199015
3e2c4f6e-497,0.7058693476061303,-0.017861767696671194
50b2ec85-fdb,0.7818964863878021,-0.026312695080692894
314d4c7c-90c,1.2510475048398595,0.00674860296369395
b0ed3ce1-954,0.731625473627434,-0.09106831243239333
d1c26646-c7f,0.7016535654871574,-0.09298903223951
c019e202-28d,0.6304023386858434,-0.015156012446285005
26ab595b-25f,0.9001540778135486,0.15266282643377693
8154964b-644,1.0013126479566499,-0.04040710047670576
15468a3a-8e1,1.0387248113645233,-0.06549172286422922
0d489578-125,0.9418675339810902,-0.046270181038117975
c9365686-7b8,1.244602359260967,-0.04723783757209654
ff17b107-19b,1.3306968846793095,-0.060447454165119985
0f514381-839,0.8098299267667854,-0.07541856152466075
6b445403-2da,1.2464837639754203,-0.08752709680756621
bf13bf13-118,1.0184925373510456,-0.09067157922415126
b444a22b-4bb,1.0177662329361157,-0.06165728520065372
fde2f503-b7c,0.9912800506941291,0.017207078499237305
3f372b84-a70,1.5093387149810549,-0.046406451220740774
81c609ef-575,1.2252851898919341,-0.09187771617979412
822046a5-c74,2.3371630504874594,-0.00023469185285912575
91e44ad9-a22,2.720485742813017,0.04955040031068303
c6e304d1-407,1.1092062741324258,0.14746429990082943
42e8d5ba-cc2,0.0919943192482322,0.03741044856888742
ab6e3f91-bcb,2.0527836965141746,0.018302311234115298
cf5697d1-426,0.8014981938841648,-0.0532414226678013
1fd080bd-7a5,0.8761005965616627,0.07006500776633584
1fe4af9d-11a,1.5526444587532306,-0.02659958219427022
708ca20d-c26,0.8202585467366218,0.01665404705262341
20197e63-6f0,1.167875363644689,-0.10610825123385209
292b86ce-9e7,0.13426278701279815,0.003795478176675693
42367e29-552,1.0823203222738496,-0.07533789477464081
656ff1ac-a64,0.30949935610044127,-0.007255941378696729
1a2bc017-c93,1.5832787073934238,-0.044271810772893494
bf1833cf-442,1.3708826938964331,-0.06718117170286325
709d954b-2c1,1.158480467507363,-0.013444038649674916
d4593cf9-d0a,0.9470697475749443,-0.04553821497572358
6e39eb59-9f3,0.33370315925969524,-0.032169882609553446
880d553d-3d2,1.3605666785051995,-0.025099821176988835
a876b735-698,0.7898678877420398,-0.11428481369609889
4196add5-dd8,0.9077976618113258,-0.10923747774098508
f43e6d17-80a,2.026952987935571,-0.02986252173292059
b6be14f9-b38,1.348070916711971,-0.04311565558575353
b66b3bfe-8cd,1.1953941044450205,-0.08291738159834072
127e84e7-45d,1.0086277897879008,-0.09302367437789794
2c6eff04-0b3,1.4394560923880984,-0.0876645560041256
d62fbc4a-ca4,1.0502939369170434,-0.014628220524481206
fd1474cc-3ca,1.3491751664422056,-0.07016319441774405
9087e441-da7,1.1417228278935034,-0.05869187668649867
8b014ee5-22a,1.2893904032830983,-0.03943599599654246
b789a0a2-85e,0.9883709607852014,-0.09826487294898051
b1d0a9d4-b60,1.2172972657033811,-0.08923607668329664
b76405af-f17,1.2287382841210999,-0.1042440584453257
e95f052f-c61,0.7947912062067995,-0.088459174209784
16beed2f-853,1.2991905134885802,-0.03652643859226207
b7bcda50-8c2,0.8935118922739731,-0.09618519547092097
543122d2-07b,0.8842061588325815,-0.09916754539375361
c167ecc2-be3,1.5608925881845221,0.05051589916639654
5a432a73-d01,1.9318981698111686,-0.052377504320945845
d1e51f8d-2ea,1.4820196218556605,-0.020779103701333956
9489bc57-84c,1.2395438885621202,-0.10374622570829539
113a89b9-c4d,1.0866591003673927,-0.08359622885039242
5f468725-bca,0.9413667791527088,-0.049841677312337074
ffdd32f2-20e,1.3991362832869911,-0.04082738993920587
bd0f1932-8a7,0.8286193112347928,-0.0882423464243422
b98bae25-495,1.2084995095089868,-0.038213915204222515
c7ff3ddd-b67,1.6585166113766885,0.05268478761441553
a40a0bd0-c6c,0.7958050582624104,-0.022994970609591103
281dc6b1-12e,1.0818274221574975,-0.1051134535712735
2b8b2d41-2a9,0.31411121408042064,0.029435818119925794
0d3375c0-e17,1.5363946267242123,-0.006310578280219914
e1610318-22c,1.7986968448154628,0.055512678609960786
0b5485df-754,1.1181597105429435,-0.07314709372152733
a8dc0b92-ab1,2.3580499808591466,0.013793813269131538
b5b3d54e-922,1.1646009193525426,-0.0579143058956233
3c062cb3-2a8,1.6941045236819976,0.006150501706657097
b043b226-a7e,1.2807509248364064,-0.04294941669594354
8773b194-758,0.898364666650212,-0.10078707394530623
91188221-af5,1.3874009248438681,0.013169572758562786
675ca244-d0c,1.0059983018153404,-0.05236967376566515
3b86c4a3-ac9,1.050340518778611,-0.09999181403435903
c41d2898-3c2,1.3850333690788565,0.0014106233246174993
9e6ceaeb-6e0,1.5099526719839043,-0.025411335769704835
a13dc50a-d3e,0.8167930256438656,-0.06537717953141642
97112fd5-570,1.3894152245141262,0.06573525612354081
9086fb08-55e,0.17652103578179676,-0.015356551919141426
06806fb8-2b2,1.4391990938059953,-0.07030922144445056
ceb504ea-d54,1.1476614870343513,-0.0960248772038772
8b003dfa-eb9,1.496926918294353,0.06992421872633015
dad08281-08f,1.175615071065514,-0.09997352184531239
25d2f3ae-fd8,1.0255316699645538,-0.10551320098675615
d653ae3f-1b7,1.7249682582380936,-0.06211370081066958
f1f228df-04e,1.4930652654603582,-0.034137312583607415
4d7b5633-c8a,0.8254273414608428,-0.0008009547626209312
85d14189-862,1.1169813843831766,-0.09666473608055848
e0df9e95-0f7,1.3767463412153145,-0.0803514899032825
597fdda3-6c1,1.9854626294369702,-0.01482333710935485
eb0cd562-56c,1.72799757603442,-0.029354932362442743
660bca0b-0e3,1.298409396914841,-0.03666924531096166
626d4559-8e7,1.102165673260827,-0.08672697811164776
7e1278e3-ce9,1.0607045170720995,-0.08927269293231471
168d8224-563,1.647894315725503,0.01166616223880701
e12205f9-8e0,1.221847220777406,-0.05537888341247843
885f12e4-9ef,1.6675672969034034,0.015001492623959112
77b910bb-6c7,0.9788179146703687,-0.09390831823820645
da7edc6c-116,1.5642873249729008,-0.08718875088086048
844a5500-8c9,1.0038273097093633,-0.10236741203149619
4fd94a30-08b,0.42110857153260817,0.014786900503811595
a994fe47-71b,0.9361508896503755,-0.05169815907799863
3623b601-b55,1.0716206331425475,-0.09086196239450561
91fa9c98-de0,0.7223295860199357,-0.007580914640401226
cedfac6b-2ae,1.6820337916299708,-0.036291947846128825
42b6d0a0-cfc,1.3888820966779987,-0.013222402855172455
39808708-cca,0.916892800496157,-0.10481247618015704
eb7ea7f1-8a4,1.7964151230366492,0.027039961023818893
999df239-9c4,1.26594817905274,-0.05851506620291158
2d3eee63-c32,1.2529542273413878,-0.04138823930379343
759688c7-119,1.1895739720143022,-0.09226145068375324
1c0bbc8b-24f,0.9822302548968437,-0.09497234580950387
804093d1-613,1.013930136631651,-0.07317543163098311
de75ba15-d4f,1.1407145454330259,-0.10860306198363168
08bf0d9e-b9d,2.7459484996279038,0.0651284397364903
2e22457c-b4d,0.9551225000417264,-0.06899964791056562
931ff003-a12,1.1878351454911524,-0.06946288128354278
4d1d689a-843,1.259529841826633,-0.09763864675823375
6fe4d5fb-310,1.1122933610743932,-0.059245506009434734
b891a56e-f61,0.9439588289157708,-0.0777505968434542
6e6d78a0-23a,1.3534785159248812,-0.010434026488372106
387a38b3-ba3,1.95176161730231,-0.06799671775669891
3306bb27-161,0.8537815379795027,-0.0038983632021565295
d8be2669-414,0.9314150620655173,-0.09728874561547873
03d42d5c-fea,2.1462779171878474,-0.017413661934952307
f9017e52-bd9,0.9763910433736764,-0.09385682450435989
4af0a269-c23,0.9505893059099394,-0.09045236442954674
76ad6471-ac4,1.004080684210543,-0.052231703622947434
de682d6c-ae8,1.275725095237895,-0.05751351773981095
c386a2b7-1b8,1.1736351865670185,-0.04282333727743132
37197474-1ce,1.4407425930124376,-0.057061881541333015
64252796-cff,1.346300306512924,-0.053685482030194076
c6cccbe0-1f6,1.737198990528091,-0.037178709989353353
ab86311c-c2c,1.2405089177707393,-0.04313695195747891
05de7dd5-8a3,1.6926683000813822,-0.029484697787781455
9ac23515-316,1.5847518484934446,0.03285948917542614
06a7acbc-d70,1.2018078052607424,-0.09446751287112581
93cb4f94-851,1.2515964394280785,-0.02814598767121773
9437655f-0c2,1.183526149052852,-0.03947417365538841
9e9d45fb-286,0.7789280495551798,0.050429953055441734
2be45fd6-a68,1.159187843485368,-0.05165874021024486
0a1b6990-b32,0.9738056018694239,-0.06348394563858889
d2b9a64a-97c,1.107496269421825,-0.10108742296238271
8623bff8-d60,1.184005939885241,-0.0791019302625855
b86d2a22-6dd,1.100792653456208,-0.034233721647057014
6afa9215-5ac,1.4276140432873878,0.021293051380758876
d5a951b9-c3b,1.450970951971713,-0.0438758011877447
0a88ad24-06b,1.0113357623509278,-0.09243493157067878
2cf20224-424,1.1463248641291561,-0.06938270733362001
2af3c320-765,1.4589734696696839,-0.08477024193291544
50386b84-e1d,1.4470490366959519,-0.05403765969799018
45b546e0-da9,1.8572545385987878,-0.038595847912173964
d74e0707-132,2.6904001711205443,0.06287947321752341
64f3cfd7-cc6,1.0406318351398032,-0.05429592065315819
291077b1-971,1.5674646734206774,-0.08782688967781682
86a27f17-197,1.4572146735976912,-0.05458172180336507
5b4baf1b-0e4,1.1328205077949545,-0.08243081211629938
2dc080a0-f36,1.7314264922689389,-0.07088259166600125
7c837103-c6a,1.2229253395748056,-0.06109693479656764
23cbd71e-19c,1.6483052637497635,-0.06286661035046454
88ad08b2-47b,1.6397377532540363,-0.055788731909109934
e693a47d-a42,1.1875419664479614,-0.085627837188897
777fe88e-7b1,1.7747777716126905,-0.06259670141140866
05f687c1-8a2,1.3646738533310512,-0.0919822299396405
3331b535-975,1.6242530356531946,-0.008971217958737676
02428253-42d,1.491064273792439,-0.0809976972691096
d9db3f44-441,1.7314947694095835,-0.05232402302400585
9f3ec5f3-88e,1.0582502803099658,-0.08893489643245234
5a1fbb44-570,1.527239332616213,-0.05247805121271926
1ced957d-980,1.10576815875357,-0.07394091441365991
b6f3b60b-120,1.2853140895873532,-0.05193476272279418
603fa745-5b1,2.5187228152190455,-0.02223873804392401
d34a4ce4-de3,1.6919295692172558,-0.033134483466913056
6ecc7cca-b1e,1.2582973200336895,-0.0825767723071999
32ce0c60-bcd,1.4712506754009351,-0.050735967350027666
d4ede2b4-43a,1.3574968239277572,-0.05448956786063186
a56e0570-5e7,1.783150543161162,-0.028151558153593437
56be24d1-6cc,1.167492992866951,-0.07747485570895724
68b13e23-37a,1.934278414220688,-0.06205786085583109
a6362e37-bcc,1.8322998866732079,-0.016706949869074672
723a15cd-3c8,1.3015693696904291,-0.06305935823837028
ed623065-062,1.481231761110684,-0.030444781137221877
07479fa7-b86,1.4934723018520488,0.030810278795509904
cc5a6e26-192,1.4977026225383174,-0.02619463022507701
6530a3f5-e1e,1.3120668043831918,-0.07556184702585317
b9602b37-1ee,1.135516101700657,-0.056224034154631675
4dae1955-374,1.4824941359317685,-0.09199900814388351
5c7f2bc3-a0e,1.1614996243334,-0.058181220153004476
04e4befe-cf3,2.023665349561584,0.041483305669294146
265151e8-255,1.2603285288687756,-0.08676093533095453
17a0fcb3-c0a,1.3609586271479008,-0.008468256692766962
396442ee-e63,1.861305254872639,0.03446741171638057
1ad33972-25d,1.120231466210577,-0.07505446870964755
12080ada-789,1.6307795955387978,0.03351262432635693
397d7af8-dfb,1.949842498616511,-0.07951523308675262
bc6a980a-3bb,1.1309257593776274,-0.06609183364069565
3233082d-fcb,1.2243238047928438,-0.022404186025882455
6814a8a8-a4c,1.8176031229423064,0.02433443246860545
3ec97c1d-531,1.1449892374690585,-0.05587915072641847
e2c8e308-193,1.4513347426895253,-0.06062918203042922
07f4c75f-ac5,1.2034331608562818,-0.07434667934755695
0663f012-34e,1.3178376777828098,-0.06372072503099585
9a170834-7d3,1.5626377466759491,-0.025315118643396417
1b50861b-afc,1.4873780144077426,-0.01143757795625866
feeb9968-191,1.295254271649953,-0.06152407363454504
146c985e-b76,1.290925589080897,-0.0708387731784822
bed0693a-7ba,1.6213192845286861,-0.04364776189966929
9e8197cc-673,2.0454676994933862,-0.0018149310238452787
74e71a05-26e,1.6483141251681732,0.009367929702389088
628ed4c0-1df,1.4525956793170114,-0.013313808739412958
4f513535-f37,1.3172608641360368,0.0022486341786007724
cec53ebd-28f,1.2291987953336332,-0.08058663640075586
94084bda-b5d,1.253252585258341,-0.0706401648875643
0a5bd125-c27,1.6812435076850507,-0.05963933146706374
f861c72c-5f0,1.309967588795287,-0.052675563934850955
3a9970c7-e53,1.4114280086758249,-0.05718376371666939
5e33ba3c-011,2.8231186189061206,0.014189610036306255
9b44faf6-d41,1.2034586803950327,-0.07023035984967102
f71d5524-839,1.1805114675247734,-0.050017384627107975
7260993d-f4c,1.402519970193564,-0.04359122387867248
a1582997-4df,2.1435708236990996,-0.058621132434545364
164b6b05-3eb,0.9493221029648898,0.0376006204101641
eb285ecf-252,1.519144378362672,-0.0845430702904203
47f74e42-07f,1.2255328047793657,-0.02497719511127161
84b4a4e5-97f,1.4025787818256936,0.02563631639494668
a2f37c07-1a8,1.258661836312169,-0.09061562557506825
b8eff8c0-e29,1.7611187215276836,0.028824596192852492
83d360ab-c81,1.9092029536075834,-0.05123502736654956
e064f249-a71,1.2549445220633353,0.000498636283201126
6ee0e13a-148,1.2495970467924917,-0.053570317569258286
29f42eda-394,1.6754418540673017,-0.052776078350090905
856dd4dd-18f,1.8754678103635636,0.011083644901171863
743ccfeb-6cb,1.5292280996291887,-0.04270719316756311
f11c6986-e0b,1.4783866378162285,-0.0002918090913142102
aa5ae7de-6ac,1.743291911559589,0.005629280203170328
5995be16-542,3.837339522932554,0.0845120079889331
b0e04473-245,1.3521145953627167,0.004839209249708598
946ab4a0-460,1.21429782206698,-0.050853272558482765
5de11e05-a99,1.375075638824398,-0.01624271887485329
9d655b0e-85d,1.2483343688562283,-0.036575319431245534
08a33b3b-fcb,1.4686945704670356,0.020422378257486384
57f894b0-dd5,1.958611263011153,0.044394058414825355
25f90136-b0f,1.2490331967547292,0.017139391731183062
d1617948-5d3,1.3986359285921304,0.00362608026145117
8664b79a-cdc,1.4418666778006386,0.0013058522499895808
f9b8d448-fc0,1.6064162205163588,-0.008619443277596284
f77cae3f-811,1.664266318999476,-0.05694104302797931
68a1800e-8da,1.7716891089765938,-0.05275288957031127
68e48588-39a,1.9600302101313412,-0.015241362677640091
5d792afc-70e,1.8039993230796885,-0.016223606845964356
3e500bb9-8a6,1.7625341171319264,-0.009580367766995723
e29fbb6f-d10,1.4086748685514259,0.004417613472128323
baa7fc96-dab,1.3846278810642103,0.008730057897085364
7299e593-b37,1.3240685333953164,-0.03298301628582512
8f5d41b4-708,2.4192370047256473,0.0006149664787831188
0477103e-4a1,1.8965200063837506,-0.01021759363222352
1106abd2-d8f,2.232777063839831,-0.0052346300320090244
64d024b8-738,1.7064173213265077,0.0012388277633731404
3772cfb1-4b0,2.0544938761028746,-0.00652549133289676
b8f02011-8fc,1.8016933054463178,0.017597625967343156
e13f3b6e-7c8,1.6875514315701836,-0.06659219654415888
25e0dcce-156,1.515569893904479,-0.012328410001308243
c824249f-534,1.4826339272297455,-0.05329739489063584
d4b400ca-2bd,5.0119697675140005,0.08148369408228151
c3d1eaa4-a5b,1.919909988217194,-0.004005705463754616
064cb170-f2d,1.5375123217870876,-0.04708866007514134
574170fe-ad0,1.6683994218413276,-0.05974309209115053
53f77375-8e3,1.2561740114311368,-0.013123268459468374
a91ada14-460,1.3287814422809407,-0.009582410487934567
9cb4dba4-f31,1.2939717558345545,-0.015626243482586843
3935d4b9-df7,1.4051541358846147,-0.0396241536178919
5615a836-99c,1.5424200134383563,-0.06217447875525345
b216d7a8-d6e,1.9839065541997343,-0.042929654357164226
29d007a1-b32,1.5834541300483083,-0.04637192396720202
caa4aab0-2ad,1.6749526269668162,0.003135182379600976
25a75053-02d,1.4449974719378662,0.00701570876059987
bbfbbbf2-ced,1.3888506903846793,-0.004420201183652661
81d50f08-672,1.5431527000796634,-0.04316616195138734
33fdddd3-19b,1.5882231876185835,0.005932897770994372
a348bacb-cf9,1.507539952676912,-0.055331935026538104
f0cc4c4b-902,1.657522842814429,-0.005179320748961103
b8cbbb49-53a,1.4300951907752293,-0.046311043286932696
5b36fd6d-c77,1.7641286052550125,-0.009280774250631285
9d84c569-287,1.3736863738829677,-0.0021359519522127224
3fc2fde2-83e,2.0552132359773942,-0.03752152521641561
6c97ffaf-c56,1.4767553266920947,-0.05878843738012879
c1e3e3f4-d08,1.5040459964583228,-0.03962321979562744
6e477a1d-abd,2.2499618112780313,-0.006370400355831973
45f8bbf3-4f6,1.7855301737947795,-0.057383165708088046
471f9db2-cce,2.169987970329914,0.0035803815297539288
86452e38-5d8,1.6388093495889922,-0.042614360544793395
e4d2519f-6a7,1.9384912482868668,0.0895393886237208
fac17ce5-22d,2.1818594474052304,0.0029431234240319126
ac5519de-7a6,1.5937802153191574,-0.0425035500319913
2643145b-108,2.0491932791428815,0.004425223725787797
68e6a99d-387,1.7101007497747227,-0.008060655538347561
23fe5ffd-fbb,1.355000579862143,-0.02712694830839857
04b2aaa6-6cc,1.970615850084672,-0.0450634278523111
fc4f3063-f7d,1.4181582339777492,0.004650193126946145
6ef23175-e16,2.0787075084115925,0.014510860137601611
a3b95e10-a3b,1.6751754814305995,-0.04421130488165537
726d77b5-042,1.707332296635858,-0.05277171110294304
4ca6d8a2-f9a,1.5808956056225303,0.0030523638920236795
025e1258-f2a,1.5666550496683591,0.002401664021254857
c1bedd84-b93,1.4836332303137794,-0.0011289431127515237
bc911637-4d7,1.45670511295636,-0.006100744483811926
ea2a02ff-02e,2.1980704022698765,-0.024148620565003
ffd74b19-7d5,1.5773537361525898,-0.01076683244615978
d2f32cc1-8e9,1.895438438770525,-0.015240898989992036
4337708b-bd8,1.592496883365277,-0.0537531945558295
c2cea52b-f03,1.5516289443780165,-0.018918398122104052
a00c6b66-c6b,1.9224603929492097,-0.03916593661365109
483f2d76-59e,2.3776591789717036,0.02710693338896686
71178f41-eee,1.4557121324717395,-0.04305617357286473
b699a6f2-903,1.5305289234820678,-0.029935320113074926
ad13aeab-1b7,1.5572551625710442,-0.05455471228507236
653b8b63-eac,1.5636854255032504,-0.05245961112850028
3b33288c-c2b,7.3491424784970105,0.09805326938869585
1ad2542d-2bf,1.745886485157091,-0.012471243737682214
7c5e614a-95f,1.821416305304797,-0.04655910442848399
59264cac-a7b,2.002593775447457,-0.05315884834556289
74be4586-2fa,2.0834130707820777,0.004519379281927027
92ad8918-48c,1.9213369438468206,-0.004154489790337723
fb378f63-eae,5.488242134858428,0.07467904837517103
2559d512-f96,1.7768976290648002,-0.016625820939814517
9632cb95-b2b,2.639588459903885,0.009801471011573915
1c125894-afa,1.814645792436698,-0.009498712840573964
a111e2d4-e54,1.771546004340678,-0.006309088291677201
f2b1287a-f28,1.6670273110193796,0.030804066734081537
d9277e0b-0f9,1.893240359485929,-0.0032996641905148616
be871a67-1d9,1.697265147465671,-0.05092441956865368
4e68c4d9-5b4,1.5396857590313078,-0.011698106549452192
3e7c19f5-ce5,2.1772950954631405,-0.022999826435576298
ad1d89bd-a35,1.4846389432298182,-0.037635021687982995
99615faa-c31,1.5087615466487492,-0.030695753127769565
bfdc134d-c4d,1.3766569363185073,-0.048696996000340054
72b166de-6b9,1.4422007686422076,-0.04459189717630868
5e58fa71-c60,7.3821752465300055,0.07774385727788158
064265aa-73d,1.7887730953053789,-0.03943197953607763
e54d0db1-011,1.5529686499521835,-0.007411678207771888
8d960b1b-4d2,1.4505662856225754,-0.048280206831211425
a5e1d747-3ac,1.5457116941842837,-0.036224330723343634
b8cff4b8-41e,1.6199133528251386,-0.056824870260650306
8e9bd8f0-7ab,1.8245296761137488,-0.03761250819343481
5beb69a0-ab3,2.8779140286807623,-0.02047120113286144
bae1c097-4f5,1.5221259359132318,-0.05983804420112626
88c3b5d0-13c,1.8304638858729003,0.006554959823789397
c0606f8d-082,1.811332338686669,-0.04296585468404046
d5bdfe8f-c34,1.758984837758712,-0.04977310274662167
f1c27374-b4e,1.3043998876358993,-0.05959535703017299
58ab06fa-5d5,1.650883566679141,-0.053698343255824066
5c420e7f-b08,1.2916730377555534,-0.0031823676418629154
903f51aa-f99,1.5593277999895947,-0.00880307268858832
9f8936f6-9e1,1.4696451114778992,-0.02755202676534435
d1eace12-ee6,2.1068825654261945,-0.0398745882198947
d986e6c1-8bf,1.6021292263803568,-0.029088341457347233
5da78143-11c,1.2439323946574665,-0.028094672992596714
da17853c-178,1.4809354460074624,-0.01661407974030632
44836d3a-09a,1.7651982489046236,-0.017191306997701494
63481130-6a1,1.6950186868250539,-0.053927395020709645
1e604f33-23e,1.4971870298702572,0.0011666261681673173
69cddc81-526,1.370140827266334,-0.051488935818995496
ea34c512-680,2.133871101176311,-0.013812516460410762
61d57efb-44a,1.5801937703486897,-0.03057587179528165
89f684fa-d16,1.7917943241734045,-0.07258841160123425
0b1e9a0c-159,1.7244525407746425,-0.03810442047042989
03707e0d-d1b,1.372347960983512,-0.022074070218439268
ab1bf28f-77f,1.2514160003849248,0.02507194136512836
60eb772b-abe,1.422435210320618,0.02809240204127561
b9a56451-31e,2.224950281727202,0.12532847214185905
656d2e27-218,1.879487160279985,-0.030547966172299434
1140a9d6-523,1.960900596369489,-0.04432647818225299
c3744ac4-fa9,1.3216601712311737,-0.06853082138813699
e83b5b4e-f57,1.8971330788596776,-0.04153673131053609
2e641e83-d12,2.098899534656174,-0.029124428981377237
59a9288d-2c6,1.626433692333768,-0.05854921012912101
4bf346fd-a3f,1.5579566214653109,-0.03889850944273482
ca9a9d53-674,1.2928643164729967,0.008230403666634967
a34f7476-039,1.9592476071032163,0.003320539439495618
ff79b76a-80f,2.1103926317673993,-0.05279712110177526
2fcb0fe5-98c,1.734860315406717,-0.07010435007878246
d23eae23-804,1.5962417225352306,-0.012066844300199386
065e73b2-dbc,1.4738132865014568,0.08069902157553777
f07846a0-523,1.4665598238616224,-0.02456507176972822
0db5b698-e78,1.9587810740698925,0.08125890507605271
f60549b9-4ae,1.217677867921928,0.08700945644354263
f387bf8f-5d4,1.7753883081511452,-0.0485353513227999
31d669b2-c76,1.3803695395886304,0.04842911398250205
24bf035e-520,5.518419139156959,0.043064659283655105
54b1286a-5d5,1.1822389275415588,-0.03931491754207378
9150fe8e-cf6,1.8332348555672664,0.008695347913534213
490152c6-91a,1.604842328975621,0.09184975384038141
7875a711-7d5,1.631398750227177,-0.012515341163388372
63f16afd-ff4,1.6930406990399296,0.08999505078149028
4f9243b3-a94,1.5715783371450058,-0.02860253189014994
6d258799-50e,1.1541827108492904,0.07629965683573181
0b81dbbe-163,1.3054698766025299,0.05757097400590627
5b81e1a8-749,1.0439999281283687,0.03842696885080632
3b445d1a-e88,1.723602971362117,-0.07572266345262679
78714463-28d,1.4580325339934326,-0.06215498630497507
01d35cf1-1ec,2.106062124225796,-0.039388163073645066
660588f7-a3a,1.2876059565890916,-0.05402296020312258
348752f2-9ef,1.6079300276479902,-6.226135847553493e-05
739906f8-365,1.0045136389714868,0.050073837790753806
f7878377-f26,1.3039055085784375,0.00023350552633116806
4e4290d4-c56,7.345109649403511,0.09823919199559805
5c566348-608,1.4309002103091506,-0.06951571493851266
184bdccc-ced,1.3859881224539745,-0.06853000624579103
db59becd-711,1.6360651014720455,-0.05855890365726579
a59422a0-c24,1.1979161550588717,-0.07482569347520324
6b1ab97a-111,1.1217754465829044,0.02549968662295743
6704f4ef-955,1.1222840448278584,0.04487371508701454
ba9df924-58b,1.360385048909509,-0.07308981553208321
134abb1a-065,1.702217013430116,-0.0636991130497257
703eeb31-951,1.1885145419652967,-0.08024760511022505
b6c7415e-42c,1.2852817751989039,-0.0445026745401062
977f5af1-5d5,1.0013637811295808,0.03786234260014487
5434c04c-1e9,1.9117072736971097,-0.017833291711641497
d73a3ae5-328,1.2562653208378185,-0.055468420280055
836f0408-e3f,0.43557041808814856,0.05186096957325803
d92082aa-ba4,2.961003240443379,0.10967892188536832
46958599-106,1.9536169126958507,-0.06690906886148068
9227779f-670,1.7638271445132807,-0.02777614854613808
e3c94595-971,0.35650387686027446,0.021463662081547374
1a9504f3-147,1.6244055574262553,-0.07155440132935958
a3b53b3c-52f,0.372673824005545,0.08367743513552772
e2f7833e-8f0,2.068256861903161,-0.0543297548312619
d4b41065-1c8,0.13614580987667654,0.028812806792813617
d814d08e-1d6,0.18874784129970934,0.05192753912838821
25f418a2-e67,3.7451807655627976,0.09715432964433368
79da5390-bb4,1.7674839431012248,-0.07168048035108948
f5447482-3a7,0.14522236161596902,0.03081552444255997
8ac13a68-3fe,0.9065379041341806,0.05196180785497684
e3684b26-511,1.1159338000776646,-0.0150659492791137
4fc13c33-a65,0.5475669697976558,0.03648737760922416
10234807-ca8,1.2634642950564265,-0.07737296177845365
72f892bb-e32,1.3241394119481233,-0.05652963538825906
4a3de4d2-8d2,0.06883887762275932,0.05376819336495808
a38fd95e-7f3,1.1283043767256282,-0.0847783041301739
23b2c522-3b0,0.3801951185750564,0.04473257560639621
a25d2798-65c,0.6358027275741425,0.04774097614221329
2d2453fa-7d6,1.7674302238045199,-0.04645476751129285
b1d1a1d5-352,0.5280452333824123,0.03364987329233482
90643dde-c87,1.1643909604958296,-0.0857290483527503
2db70347-a45,1.4178345493380045,0.07013684302828105
f2834f87-71c,2.215454109473243,0.02035065041541262
f20e3e75-f64,1.294951128666519,-0.0148584875276489
8f97e557-a97,1.7312732279500511,0.09578186563324176
f352c618-9f8,1.3075857636769324,0.04094670280153356
613d33be-94d,1.9619629967912653,-0.029721023585279893
d096e319-442,0.5903948905524561,0.06295426066647936
e20323d7-3c5,1.71463264443079,-0.08200192929132294
68cfbdd1-a1f,1.3503947385720663,-0.03403813882596185
aa0ae402-6a2,5.047985767449683,0.044758568369634655
1f550b92-aa0,1.3047723969952232,-0.06413692485950212
18664b22-977,1.0558578612769198,-0.08570799934581896
3e05819b-60a,1.5722384019713065,-0.013827779835127507
1123f777-a6e,1.1693225622718524,-0.04668525497738679
08426829-ab7,2.1463503272297393,0.050888307678382594
828cd349-958,1.4447696018456389,0.038818430473547494
aa9380b6-bc3,1.186142004030783,-0.01601044247342337
aabc99c3-d6a,1.4317702084256654,-0.043130057806671895
ffaa2686-7bc,0.39702604449559864,0.026321407538411168
7c68ac0b-1aa,0.6390325760883337,0.04344403076681547
c7f5b105-274,1.4122972306956088,-0.0681776248687016
4c993e9a-91c,1.0484760347875062,0.03793721436478381
08e629c4-760,1.5367117971689666,-0.03462453042921482
0aecd9ab-3a8,1.1379031355338736,-0.04808251899082261
3e759200-c5e,1.7911280447815066,-0.03892633780237276
5e194eea-d69,0.7751920022377057,0.033033559835021986
c27efcd1-0f0,1.4563946277040194,-0.01970373845550255
50557ba5-2a6,0.5963594651672602,0.03503623618270313
6062c6a5-0ea,1.3386495363419613,-0.03896009605581524
9fe01be4-794,0.8691072996278264,0.021283480106164654
4f3e1ae4-8ad,1.407350007653186,-0.029657161988192626
a1893cb2-13c,0.6504933602863187,0.01821013216343803
39b6d06f-8a1,0.7274806962438741,0.06857340770802756
f42441d6-44c,1.2674464430562469,-0.02585184249582556
8c447191-d94,1.0178261965691486,0.03701354405270452
fb15fe14-116,2.022701086429809,0.07951250045467662
1cbc7c02-f85,1.1932060164665041,-0.08979395047875294
a2dabf0f-3a9,4.507703849306115,0.08720830249134437
8a4f9cce-d4d,1.268685828765409,-0.06784312449869445
92f945e3-f49,0.784784313100768,0.03143150555303231
feb68bd0-46c,1.1356683072940357,-0.02399198101204547
85ab5059-461,1.2897474381623062,-0.0828956909926653
d096cac5-e21,0.8193428294445186,0.02311254674497354
6cb9f9a0-ef5,0.8879933044890395,0.022919162447660568
75c4d324-fca,1.5953130208273858,-0.018746568864518365
1fd2fcc1-bc5,1.7224800528041355,-0.035596515428466924
68a64262-ac8,1.1817866498732896,-0.025796948874465875
f212e211-9f3,0.8873389999851915,0.06716617203701114
f604c198-4d1,1.071127473110993,0.04392769307276645
0558c3ad-250,1.6168597972639271,0.06677539793759313
48d8c959-944,1.2394950100197168,-0.07696430041884172
cb43745a-48d,1.0500656559046995,0.02690118516002804
a4f8b707-d35,1.197520410131361,-0.03151786778506899
2bd85261-0a0,1.335980594252129,-0.05318235485068379
18f5eeeb-6a2,1.7928776623323293,-0.07501891954670198
3de10077-b99,1.4553181834561146,-0.08274868522159384
549784db-c7a,1.7489591275534258,-0.013469302026555496
77d90d9e-bf1,1.150400026952744,-0.03730493311411193
dac79410-c7a,1.9362290814447793,0.04044811499396872
9e756172-c70,0.4290652158804379,0.022136026439368517
27ac625d-22c,1.251160054820315,-0.06080174597779464
edf07c6a-7a7,2.1433153810155945,0.09446538170765661
e04fa4b1-02a,0.38252445825757,0.02667523220664747
96690b6d-950,1.7069346801294722,0.03693011991510997
2c03bf7e-cf9,1.2284460707741467,-0.023380233102207493
8b3c420d-09a,1.6018890949837967,0.056226898723673924
a191f546-108,1.6009595612077285,0.05441559007812735
3a07e943-20e,1.6436549872074244,-0.07972756431751005
3e36fc02-551,0.7211062754799813,0.03961556716521675
68f561b2-bb9,1.764607382079824,-0.04080945189811935
22987c56-43c,2.4115255794153025,-0.006159232663260683
42176558-842,1.4293152857344928,0.10489003864040636
f573ec69-787,1.4743362061070269,0.055032893716554954
98446952-3f4,0.6363988895732623,0.064897339268848
70240d26-bc8,2.5185088836380403,0.036283228178728755
c2d8d104-5ea,2.052257254844378,-0.05838652637888869
79693f0b-a9c,1.384185593513006,-0.07203241694885498
7bff4e64-930,1.233692627728161,-0.08625536185772276
8e6b94d4-bd9,1.335243511267167,-0.03483691935550359
24451d89-7f4,1.2938658131833347,-0.04367009821193746
6bfdfc42-eed,0.8898933196962331,0.03334717536271126
ef7c73da-faf,1.2599028472008396,-0.021811681370293934
e5dd9eb6-5d8,0.43988601830957275,0.05499486182378388
06355044-a6d,1.7545299129353809,0.07256545682324522
47188a8b-3c4,1.5347916415768146,-0.01899410592193107
865bc1d9-c86,1.4898402796482226,-0.08536677567892093
d69f761e-82b,1.8638200689267423,0.039053237556379905
87871f6a-713,1.1838779179480108,0.02203921968796896
f6e36f39-3dc,1.3117410897904676,0.02773412660183361
354d55a0-6fd,1.666649913200751,-0.05957721976554298
f299882f-3b7,1.2377976300019728,-0.08142841782087029
0edb08c7-d21,1.188743265633634,0.041250087737329966
36975222-fe1,2.0483838394775304,0.0352646807949053
95e4f4dd-2f1,0.528035832493955,0.024520646980853766
cf2c39d1-154,0.6949258871501212,0.02828680247225268
bc28e519-71c,4.679206060630375,0.038501394047464554
0ea624b9-d7b,1.6719127523611863,0.027378332610722755
917e6ef6-649,0.6088633976766562,0.028366706744184622
3cfc2ace-db8,1.9175631936737427,0.01368932846967108
eda33126-0b0,0.4693773918681986,0.015708329144432542
ed15b727-0cf,1.9366608944543477,-0.05597226587201415
9f8f4ee4-80e,0.9448864845467585,-0.06728885146596514
e36725f6-711,1.1381764102129643,-0.06931690456589146
5c658c57-f91,1.1444318558566209,-0.027409649441398842
795f8916-e92,0.9834378838593351,-0.024193011993826674
349a2263-c3b,1.235778427909433,-0.025053575536980066
1aff505d-fe8,1.5516410712997288,-0.008723261121417025
b6874413-0aa,1.40500877902122,-0.060177716563319605
b75bc941-1fd,1.1454794559489077,0.02958428816106251
142f9ebf-2c6,1.3806888821489287,-0.08136797199692691
493a1ee3-e56,1.4220544719645454,-0.020409223939711896
c181f387-d30,11.349487381363824,0.17088892634973485
33d4d919-b29,12.376197726731363,0.1279458925325303
17593244-2de,10.7179315662134,0.12360003220062532
c8fade37-531,12.184605062604579,0.19669164731927946
320d16b0-c52,13.69955643951498,0.17771836717992673
df7eb421-869,9.442584129218506,0.18368244841516834
da251f5c-424,11.329804059313801,0.18357730779826387
64c7390e-d23,0.8503940264468688,0.02072895964786503
c48528ef-24a,12.042040326583647,0.1772786892958773
3a41bb9a-857,9.293063163547785,0.1311923021448108
97dca43a-1e0,24.312464465330837,0.17430489460020637
a23872b0-b07,11.490418907252744,0.18155405605566266
be6719f7-04c,12.944365605864432,0.19745882343689036
2a4a500a-9f5,10.595256163918677,0.17436379901094934
e3ce9596-d03,12.22418781888508,0.21093658264936455
2b2da207-81f,1.1392254633070582,-0.028904932020944574
156745ce-01d,9.871918491439835,0.12637690727029638
e7ec5956-a44,11.832101962260722,0.20382262962998487
e07aa46a-140,9.912767384903598,0.08242898945531474
a5d38fb6-801,9.450763107970428,0.13639122535420567
89350955-098,11.760714607747783,0.17785467859020376
8cbb3f6d-625,12.678436777177655,0.1921165221076223
e1b73306-09c,8.582651995138304,0.11217513868498052
13042658-eac,11.134551267786456,0.1908761655273995
6d486d3a-7d0,10.339134355205797,0.12403927170254381
2c71d91f-cfe,23.38585687961966,0.2001693423040677
8c9c7e73-01b,9.332673169537617,0.1897124132233633
69d0e28d-cc1,12.206562025855488,0.19738260991271606
f108c9d3-731,13.072936901268887,0.1962296092913951
db87eef8-5c2,12.02601457954358,0.18594000781528108
e747e44c-07b,1.2186864906282944,-0.041782072533623094
8495b8e2-ed7,8.901708680537357,0.15102711365297272
7562aee1-0c6,12.709979962684876,0.17796999867918362
a69e886c-00f,9.288903225999782,0.17409009776693407
1c1f778a-e73,10.396587662710168,0.11608219371349027
962eeff8-ff3,12.797175231274121,0.19820158575267555
a8cb885f-233,10.658560635828717,0.095821982850535
5585003c-102,22.532133963416697,0.18934831130488072
9545b7ba-00b,7.15787081706636,0.17200285704659235
9c6dea77-11c,13.168871816624891,0.1229894975995307
d6bda948-634,13.420244678446283,0.18469015538531597
57046cb3-f0d,22.950724335857323,0.2012558127625742
5f866c54-1b0,1.2136397961124115,0.03775566709254741
0697070d-e9c,1.6129118415566015,-0.03152068443297523
c82abcc8-6b5,1.0666272583180314,0.10226529212648805
ec47c774-d31,1.2139246396734549,0.028177519067081547
9afc0cfe-c49,1.2959406425000495,-0.04519579265380724
e40fd97b-142,0.9822188244691231,-0.03320789535543067
79e4c2ab-ba6,0.725360311872487,0.03055010954509374
3a053b87-2f6,1.2530448722563912,-0.06774996339474254
6eb65417-384,1.2751940683358074,0.013006531112782382
c1a2379b-9ea,0.5817036801336986,0.03352520870700282
0552a0ef-3e7,2.0569652802956,-0.03711363575868992
38421785-9a0,1.454606712171031,-0.043506996620288785
163f0622-0d1,0.9118003997148346,-0.008956767854246928
b206c338-74e,1.884320764805406,-0.024316531326685265
6474b4bb-34e,1.0065280457158017,-0.07685075243615058
f7f0ccfd-083,0.8647536221008834,0.031176652877561217
2729d016-cc1,1.2236788095183309,0.14995350212126457
ab3ef33e-6d2,1.3115850651956285,-0.06169607796362381
cb5ffd74-79a,1.3233626761272537,-0.02429563006689256
7e602d25-d1c,1.1894525797760178,-0.08397503296975484
75a68614-4e7,1.761946670611418,-0.011118326145326762
75cd724d-7da,1.1590934475737902,-0.040110997538812976
866f8f8e-c8b,0.2498718607625472,0.02794842167518974
b1e3ab82-f4c,0.5642499631150127,0.035098795370459235
182ce25a-bdb,1.5824465360185753,-0.06374597751138655
4ff20eda-ce5,0.28088110344578787,0.02714162268267084
6edea0ee-bab,0.5930076825295363,0.04312390235930963
f9816fb6-fd5,0.3330507403574242,0.049056534174633626
b79588d2-d71,1.48454211449116,-0.07368855153892856
5c75424f-39c,0.9774407963764653,-0.06216589950244705
138fb871-cd3,0.8849931661201984,0.029419208156605925
5dbb317c-0fe,0.9178648925253823,-0.04267362846977196
fc277c5c-0ac,0.8604105895816601,-0.08173257079358348
bc8f399c-d09,1.1928372225275559,0.042471028278526446
91cce79c-a9c,0.5588752637797689,0.022836802856775806
2b905cda-c68,1.5195718797876303,-0.051976113685159475
2975a17d-c67,1.5387593836069708,-0.06849355041632155
7b4a39a8-6c5,1.4453514802937757,-0.09091399562076163
7f1fe88e-cb6,1.0585649602487754,-0.02695338948060888
fc503633-60c,1.1874382464349769,-0.014749927237929339
698034de-55e,0.9049255533619444,-0.029665846431013054
dd307c89-ff5,1.1427402973077354,0.046993459058996434
1bfedd9a-b2d,3.85518472628777,0.12937198720969056
2302ea7d-18b,1.1355546262229785,0.023665677198474677
7cd05eb5-c01,0.71443650745238,0.02533351875851053
e5019b93-d38,0.8657330092366405,-0.026536057419936365
75946db4-575,1.4079885818966031,0.032335478542545704
9f5c7947-8a0,1.0390290218346476,-0.05527606263395224
2249fa8c-444,1.6249191195076818,0.033314400491099794
9a29453c-c58,1.1055194892519657,0.025390092629530514
d6a1661a-e0f,1.107838343882372,-0.08565444208004941
ddf4d06b-19d,1.057584143948458,-0.08515311407236231
99660bf1-638,1.0103095223683596,-0.02654645033040781
1d1c88a4-f50,1.214904193544562,-0.023149603324705947
e7c8185d-1be,0.9672862624243834,-0.08670541867801734
d97bbc26-2f7,1.2625972630603486,-0.08904680377411067
ba33c7a4-c3f,0.9249992526314744,-0.0683019528013224
ab2cf6e1-acb,1.004368338984474,0.024333716174410935
4a420773-0ca,1.284124227544225,-0.0773991495083517
f0a7f5f9-d0b,1.0760531852000748,-0.06729860338415061
de2b74be-312,1.4098130441931351,0.07483809350192283
57f6af19-fd7,1.0936835808012,0.02519077229200828
d85b7373-4ea,1.0305606791309567,-0.048832329790617135
7b9ff212-1c5,1.401675703530615,-0.018679133795065805
83f53db2-1f0,0.9756142485295095,-0.05249518991073776
c2bc7aff-24f,1.1337577631030236,-0.020968092293242147
f611a0ac-d15,1.2612465736336924,-0.06180949321212892
92fd2610-0a7,0.9124510224868639,-0.04699953881438096
305ed5a9-592,1.0862292553500859,-0.02729647999399809
3de94a45-488,0.8334169778489449,-0.02726620053247275
6495f56e-7b3,1.5646495153668296,0.04146081486543984
fc25bc2c-faa,1.514250136713063,0.030942762868166107
0cf3b249-215,1.0988435902546834,-0.02494220297649674
c353424b-993,1.2354715300382084,-0.022265879262496346
c4584ddd-a1a,1.0513217472301948,-0.025086302966518204
698520de-c9f,1.3195739466648402,-0.022838669133101563
9052e87b-27f,1.3507834000952132,-0.013261399327541223
5830ecc4-587,0.8091386969809834,-0.04351839411767722
5ddd17aa-7b8,1.0198317027003887,-0.08752497710898843
dcd78c22-88e,0.9613275721827782,-0.06668154560483691
57bdd037-776,2.1619900925509405,-0.05220503556554923
ddccdf23-73e,1.8771082838280149,-0.06517996422239819
4eaff0ec-733,1.5956506164484545,-0.06754776123816664
69fd56e0-1c3,0.9211095284365141,-0.06830408562482759
d5ea23ee-256,1.225843516059921,-0.06906024320564919
fad1bece-c85,1.3318087058964487,-0.09471144130076486
694afa2a-399,1.047694120493849,-0.042203165190113356
fac2c468-8f4,1.2077984958654848,-0.027093892799077923
0adb79d3-fce,0.9647913339747958,-0.025989508289785634
f748e162-ec0,0.8662478860345921,-0.04152200076546758
051e3381-312,1.188563742721448,-0.03960910129672601
4dcce21e-fd5,0.7313178398924478,-0.08713588991771165
ce837826-1ee,1.7044198627472524,0.04167616969446908
9054f838-d1d,1.945815152929685,0.09193209690823467
ff496114-cdc,0.8054602321452453,-0.051074526876688786
b3a93501-ea9,0.7210843465196232,-0.03571930965626813
b7900ec4-3e0,1.1534653598483438,-0.05597988514631541
0ca5a59e-513,1.3538684472618805,-0.05047711402586558
60abd135-8ff,0.7923165955228071,-0.06681576606621198
5c716f7d-ce2,1.4369314665007729,-0.05381718532888813
5bfd35c9-7b4,1.1539733546773168,-0.04841256092761653
ea0c435f-482,1.1803352126052409,-0.07779004017696467
eaf5a719-272,0.8632267852880818,-0.09195272790206255
93a4abd5-84b,1.1060885263422695,-0.07182656172200091
740a6991-ae8,0.6826780960099684,-0.0683828321592907
ff927d4e-428,1.0140538049223307,-0.052030414069622555
8478980c-58b,0.9126239466018679,-0.08917560818856451
73f78def-85a,0.7802122555228562,-0.09703170014079943
8d9c0a1d-0b1,0.6816175698756328,-0.08050382867120043
d82ece41-ffd,1.363215848917879,-0.023587697160233845
cdf1077d-0b4,1.0584621986737113,-0.03859213203691386
c7933600-778,0.7606178800001481,-0.10877961360582522
31da17b0-3b7,0.9547441328333097,-0.06467667246027459
cd08432d-12d,0.75469039863693,-0.0742538770301332
6e826edc-a4f,1.1893595258403062,-0.043026873564623036
742176dd-112,0.7992560292130017,-0.11452378729617074
078e20c5-c49,1.2702234534282884,-0.0059258374692668925
86292d33-3ea,0.8788646173629404,-0.041460938356902566
56763ac7-66c,0.8812134086498601,-0.07726146449886473
7ab435f9-256,1.0200217419289574,-0.04694743851379163
ff62b42f-eac,0.6336269876704221,-0.10493229931152004
96d4fbea-50d,0.984551517858139,-0.07389754043521263
74ad2b0b-fd8,0.7250244206727862,-0.07148302510499926
5b10560a-b7e,0.9551928668497844,-0.06096233838800508
282db881-7c2,0.7395150735337681,-0.09131940484244255
17826b8b-905,1.591686581889671,-0.08110061284994163
77b3d282-069,1.0973892933379223,-0.09940902525044526
35ccfe46-a60,1.2123026268489907,-0.037491153090941254
fa0c56b9-efd,0.7325202175223037,-0.0711938507017511
7322aa5a-539,1.055271418938126,-0.09650790584162378
b66d5b9a-4f5,0.6264398714890422,-0.10340219364681086
4f89f7db-8a6,0.6838935533234378,-0.10631329891128
8aba64dd-ed8,1.0528431236726679,-0.07859691490664777
9771fd92-953,1.394914386178605,-0.09915928237574723
6a3aef5a-d69,1.209282429348678,-0.08406389117424717
353163c0-998,1.0786196660322833,-0.08739345545078125
5eed4c7f-bd6,1.0568433574284224,-0.06871390012664663
711369dd-8ba,1.2974643934720316,0.06574270945394822
74806bc0-289,0.6121618638145158,-0.06197526858960306
d90ed18c-18d,0.6037740785942598,-0.06948545291139113
3d54cf9c-e5d,1.2384427962990898,-0.05805667476722792
f19f848c-55e,0.6581270672807019,-0.07060880777229178
ec2599d0-ebe,1.3924930632899177,-0.08960276669945
7342e658-2f2,1.0888164391828015,-0.047676552419028295
d87581bf-e6a,1.0730229006454635,-0.08514273461135802
72ba6e2e-b8d,1.2237881003904851,-0.07610227922138324
659f2f5c-a6b,0.7712011829702454,-0.09220719160914487
34a2e350-cab,1.3675350832937405,-0.04370096500386805
9a25ae0f-0d5,1.0338936784104142,-0.0762061902197077
eee44210-8d4,0.9793416518785829,-0.09008951633085166
3eb60d41-d76,1.1535045681972589,-0.06367895304084437
7f405318-569,1.6673814137718785,-0.060144993574596906
909c91d0-90d,0.929228840822527,-0.08047906256177834
ae12b97e-926,0.9230105108660257,-0.08341943158260734
4103566a-eba,0.9923547501739041,-0.11111412820013905
000a983f-d34,0.7568689126848192,-0.10493816452520932
935aa64c-3e1,0.6454286210936672,-0.051117537699890025
3611adc8-bf3,0.666996641545279,-0.04615704780697977
69c7342e-f7f,1.5123212000268884,-0.07591877472993863
8fd05de3-fd4,0.7701219858057922,-0.08612528833940486
47f4fa7a-9ed,0.8274782516432736,-0.0655943535119285
a7f2ddd2-3c6,0.749645462878131,-0.10545643077829991
e47b412f-faf,0.8650646132227939,-0.04834281645924354
9d0d47e1-c44,0.8003874153986028,-0.07866034878909739
d5ecc0b0-50e,0.7959257712730835,-0.10632056158223452
351e3cf4-a05,0.6184455080135954,-0.09961804675304997
d80e0fc0-a11,0.714251672176961,-0.105340793067973
291dc023-823,0.635449607830427,-0.07418955066756971
ffc93486-771,0.7877312039333543,-0.11202487241647252
3177b37d-69d,0.840240917098241,-0.10452613553122841
25a3a1fa-d26,0.6203708014629455,-0.06101051823098602
b7af7045-ce9,0.9410159252536814,-0.06753828491429176
73fa9421-c8c,0.9710314705794123,-0.0910521823113804
0a5723ef-4c0,0.5750506740862882,-0.09363165997066397
f1bacb52-1b7,0.6035092984246421,-0.11093735271510019
dafae398-7e4,0.5495136075284194,-0.05537696175431445
a234e743-911,0.5407332298127677,-0.05109419586155661
764d4d9c-cbf,0.8158906835399287,-0.09417421189014685
77291d95-a06,0.9014857472589599,-0.09097367029216485
c49956be-361,1.4208849884871948,-0.005416069740598328
552e39c3-2aa,1.030138481302566,-0.1124268009625678
ae5d45a8-401,1.066811871570108,-0.09207364823344433
451cabf7-785,0.9643881394317534,-0.08315939734791705
920c4142-13a,1.0029770512165248,-0.06879280219993578
5dc296b3-5d3,0.9774600254333202,-0.0823703017840024
fdd30096-a4d,0.8553000376595115,-0.10448576462973275
30674baf-ffd,0.6128019157381939,-0.11170375597435689
4891e873-5f1,1.7372304590422742,-0.03933996913054938
5ca9b650-011,0.7339318711710419,-0.10077686399197783
35397e16-c21,0.7660896449701683,-0.07199754844252532
b519acca-305,1.030694812252937,-0.10874977848138129
04564dce-114,0.95782293685886,-0.04326076468557716
2c674cf1-044,0.3514477548358864,-0.03002224149663668
b1bff1ef-f14,1.6755596962251333,-0.05709598160477164
b9a3cef2-b64,1.0349070039149764,-0.05471400334429116
713edb97-012,1.0111862888590963,-0.03339798874057448
66363bc6-4f7,1.320693981776352,-0.0945786353336901
930bdfeb-892,0.9181967032953917,-0.05784465837445807
6e8b2e94-120,0.5957530116190717,-0.10762716405757417
489734f4-20d,1.0355264361567678,-0.10757951194485127
ccf17006-c6b,0.5066823315560602,-0.06531472341540973
a339bad6-f1c,0.641954627270011,-0.05615186229760982
4d0ce27a-449,1.4488866337512825,-0.046877825090106795
b872d864-d50,1.0089782307684456,-0.06725171022427417
b687a5a8-ac4,0.930836256913925,-0.11172306789656317
4cca955d-11b,1.203273624821695,-0.052889018530059895
61bef68b-f92,1.1058194918165682,-0.05135420094266424
9a68c4d3-edb,0.9467308708567794,-0.01851085798946389
e8401fee-d11,0.6479742245728053,-0.10696118555780182
55340a01-406,0.9268315033993232,-0.046303476180167946
203c76ea-ae6,0.8886835235366388,-0.11289017832500453
acd2e097-35c,0.9352891358406004,-0.10437918043869471
f41e11bb-475,0.7732775158667768,-0.10599234169995764
459da954-b43,0.8854326872255451,-0.05353732901341274
c096b589-cae,0.5532191142207591,-0.05515395726456862
2cbf1fda-195,1.1547943076688618,-0.0868999552577292
77b34b8d-fd2,1.0130452000671963,-0.09327557462408886
75437b63-57f,0.3323298588659473,-0.04657870041675788
da2d99b5-1ab,0.6573549274679664,-0.09094907698497923
59cfed97-de0,0.56275394340377,-0.04767236924805501
eb268a64-dc5,1.7466886374774448,-0.030507163661424808
dfce75ca-d4e,0.6828152943512397,-0.09399604126276473
63a1d0b0-851,0.8204614613736176,-0.09223201486808619
27bc53a6-cff,1.000604600959501,-0.04132925780250568
e8427a97-1f2,0.8690601723879312,-0.07042765986616822
0b55d692-af7,0.6740701370578938,0.12039260056311529
ebadb9c2-6df,0.876668566435042,-0.08343420746607744
b8f59bd8-891,1.022952672013467,0.07815552607800524
86e5b6a7-d00,0.6054859327949567,-0.09457666907306378
6a8ad994-1ee,0.8496243911341966,0.08783757917683321
ed87cad2-a1c,0.832878282157798,-0.09071046064377114
f85c508e-1c4,1.2917425599727521,-0.06572297692410034
ac0e4158-bcb,0.9884455650169333,-0.07320012479945848
a14b157b-e4b,1.2043605058244067,-0.05406125556362157
a1b80fbd-f26,0.9519001502341993,-0.05371519605802866
6ad28f24-816,0.8279225295451437,0.03733650739593142
ceb80110-c20,0.9124889824605382,-0.05720226602545175
87aade14-a50,0.9788737668765365,-0.015566713290183387
097a9feb-bd9,0.4700501143822091,-0.09267947181846042
f86081cc-9f9,0.5880382294449606,-0.10326007569057266
21c948d6-132,0.4575039277845975,-0.10939642325374571
3d09e4db-501,1.665802191666279,-0.024950837928265635
ccb06844-063,0.51282923382914,-0.07871945053153723
89942be1-e2c,1.1832360322500173,0.10192819240407991
e350ff2f-41d,0.5293015691860671,-0.11277413766447125
eb4d5e7e-0c6,0.6060499751959872,-0.0793036748806562
1ea5d64c-7cc,0.5146637002443126,-0.08073524010761596
9aa674ca-30f,1.658298131996973,0.016450024194037183
3e1c622f-620,0.7259208618768045,-0.04931904974589446
24b8d234-2be,0.5136717771453383,-0.0508338232321674
c58565a8-1a2,0.9584472308330407,-0.04221681713619152
8271d369-d5c,0.4976838331352874,-0.0886122580696132
c09bacd0-6c7,0.8263010731857852,-0.10134205239607502
f20a745e-6ce,0.7352014294669819,-0.0840595287435188
82c445dd-c02,1.0895459817732622,0.06847870141915424
4eec1022-743,0.5780680617975688,-0.06797191725352342
904bb0af-dee,0.6886600389796489,-0.10545221772369784
510e5639-5ad,0.9617661116606484,-0.07873533176032332
05a83ae8-708,0.9967917197433696,-0.0503495441487426
c2e34498-5a8,0.39365843345989016,-0.06304448249111383
c6dfdcf3-39d,0.3964960177365914,-0.09955229897235846
00a6d3b1-0de,0.795734757923588,-0.0479877643705256
7ddda322-aad,0.33157308322732604,-0.09726949849821698
7d4f10b8-205,0.7660340272762793,-0.05640660682580312
cd589833-eb0,0.37355317132963045,-0.07415892619162107
0069c9a7-ace,0.6035140750947888,-0.03882555280090061
8f80e2d3-f77,0.5979812674444929,-0.03251639646904719
a3d31e47-bac,0.38528000662138867,-0.052535026535470764
06f3d9cb-7d7,0.35952605293235723,-0.10525793348841261
cccd3f8e-d38,0.8608396292699558,-0.04013176504580945
5240b424-4f1,0.8078487078360904,-0.06606896157433911
98229c3c-de3,0.9822633402569938,-0.08080859390591583
0119147c-331,0.5581196402042117,-0.04792075512344507
5357fc89-96d,1.1837243708071303,-0.03053202420268286
85e2e356-937,0.3966396535472919,-0.08707729721747631
07aa799b-0cd,0.3760546786781537,-0.04359964475656036
5ffa84f0-a6c,0.4412681519347205,-0.0754841583638135
b390aed0-9c7,1.1552161925521869,-0.047981068526560366
dcb9e300-3e3,0.3041964519225506,-0.07369417951336038
e96194ee-931,0.7799909625652228,-0.04319587153749832
ce66c2fc-d46,0.7045841820746329,-0.08386273011796325
f780d997-42e,0.40580385227047877,-0.09871521972246938
b8950df9-720,0.6322960872790371,-0.07092258877452817
89af9f39-bb9,0.875795587607622,0.03743538560304105
73107403-7d9,1.5103613845508934,-0.03641067943576143
6d13bf5c-595,0.3227463710595594,-0.06505138693728058
89b21e8f-f02,0.5381892134981597,0.051568306048944024
9bfba738-8b2,1.406740560826346,0.07828906868444008
8f3f5771-5ce,0.5407903439512065,-0.05112064965297336
ec248127-04f,1.7846714051451378,0.017296891041187257
93dd0b13-a42,0.44155271630081244,-0.09226692423228805
82eb4548-c9d,0.9479443590408214,-0.014838088996907972
272b5838-8e9,0.677608923123573,-0.08799843289662773
1ae53f89-9b8,2.59849995736315,0.0186586044941337
52d8e5ca-20b,1.9312544052342235,0.033500257521900334
7de3e19f-c1a,0.07682919419045321,0.04167047293625881
ec3ec806-1ca,1.086898932450648,-0.07760272879227753
ae489fa9-71c,1.0929641781259378,-0.05523630263917606
02052920-33a,0.2604068884593649,-0.061716527936526155
e287ea89-88d,0.49089201715868047,-0.09131718804401912
e7b52c24-77f,0.23038302873052063,-0.05574786328261333
991c73e5-46a,0.20587843581749068,-0.09476263775237281
1da4d513-72e,1.0651404610595716,-0.08009456722881303
2174c9be-bd0,0.3747938009966222,-0.05248741419422903
c20f909c-c91,0.5246313617094724,-0.10595430306893788
7a6d5dac-eef,0.9240652935549277,0.08753850331176061
03e014f1-599,0.5650500817666222,-0.10562605292055904
43419126-d08,0.37887850407841517,0.09133266226880665
29ecdc43-3f5,0.40414579866018985,-0.08902315465976784
9d979998-3c7,0.5340207436416284,-0.08760381351709728
c948290b-1f8,0.9937711910721315,-0.06786218685174861
0937d7f5-c17,0.3533010016016772,-0.08741146304243613
b06a0ae7-fcd,0.44531811649322506,-0.0792807013008548
7697b457-d5a,0.42972446004495124,-0.0806903417309342
02675740-1bd,0.6030581020883399,-0.03555261863834658
62513a79-3ff,1.6260748861954013,-0.02210699517982556
0bf8b722-f7e,1.2294420146239224,-0.03048482689127019
f99a03fb-c26,1.3411604011239622,-0.06139839692307353
ef363e77-668,0.265456358485156,-0.10017025990425199
d58eefd0-dbe,0.3147590342537756,-0.0659127285732441
64b2d351-84d,0.627715886523982,-0.11247018088127275
ecf905c0-a71,0.248416959737435,-0.04392854945012392
eea2ac32-570,0.32883966965822103,-0.049772682834469006
8ecb3306-103,0.5836288126429181,-0.06112990298445542
100b75fc-bf5,0.8577246260896111,-0.05510989917950754
a3779b05-230,1.917462370259989,0.044536711823009445
1cfadd5b-c1d,0.5882531061085425,-0.05433239599989631
287d7840-c23,0.4759587894296672,-0.07828175752834221
85c73864-d0c,0.712342356847242,-0.025760772942380716
f156312b-9fa,0.7241468041181233,-0.039997771444059194
43314f7c-be0,0.36764742730802774,-0.05525789890133587
42ce88b3-b80,0.787621287947103,0.07836026269544649
dc47394e-eaf,0.6794850695603207,-0.11822763122537139
3861450e-b9e,1.8877957340137057,0.09391072838499959
17ddf759-8da,1.1199548228633516,-0.039962880526995814
64e2641a-773,0.8686006409296322,0.027368496773086726
02e2a3b2-69e,0.9030387946348557,0.04413526076714469
75732977-b4d,0.4790652322511968,-0.0733916039779412
e3b00161-ce8,0.19606514165515246,-0.05578049252948003
6de1dc3b-d1d,1.1318932559308286,-0.01690824465070656
9ba875fc-451,1.128943757707959,-0.08004217889288723
7dc2b0c2-f7f,0.6916249041040662,-0.012299335064578587
38216a62-616,0.13994343578589832,-0.10350565657924765
c00ae55b-af2,0.2120682810421788,-0.07524354291113927
3b05005b-c77,0.5323253713201577,-0.11373929895346246
384522eb-644,0.16977547497384426,-0.05056977306434901
6bd3a16a-86d,0.6955424824788509,0.0562691643578912
b25aeca6-e91,0.34380243932407406,-0.07156286153032815
735b3bbc-4c9,0.16790690171829364,-0.10983305468548071
4edd9174-e09,1.4272027866492727,0.004303054647763815
e88a25b3-0bf,0.8411640143614734,-0.07248500370945976
a609686e-a33,1.4294875489328036,-0.06491196619332879
5433236f-a3d,0.5215760916615221,-0.06836600493275741
5ec5ec62-17e,0.1803239299287675,-0.07496047254372734
0db9bc3d-7ec,1.0803718695125735,0.07389937986746176
5ba842bb-3b9,0.13869931813108816,-0.053966339668444274
12528f2a-ffe,0.313489308089321,-0.09841388193598372
c2965311-6c6,0.45169523278899343,-0.07087205377588257
c2394b77-1f0,0.21178913813882821,-0.09220851497012189
7fac5652-941,0.9603405151097131,-0.038190131287505036
166eb2a8-62a,1.2799451011428478,0.12250246633711204
652ee4cb-874,0.5827285931357284,-0.047299152550237256
b0e77c68-c2b,0.7802390147155789,0.01439237121451864
91282e18-fce,1.5546644400104088,-0.027992338885954537
5cd5e9f2-8bb,0.25739434461005045,-0.09334414266931812
e6f3cff3-036,0.155149527889888,-0.05481449314051312
1e132feb-968,0.049908584428139724,0.038912633101932825
773572e3-109,0.28306556646562225,-0.11041126387946976
2d0548d0-f65,0.3790418819812583,-0.08878242175117079
a3b13579-ac8,0.1273487538683592,-0.09539427191383176
e1e2409a-446,0.30139302338858553,-0.09831345534104025
526fe035-5d3,0.8114552705960789,-0.05710407370622356
04c606eb-3e0,0.4064873761420702,-0.02036470060703377
a736f892-2b5,0.6570376121705281,-0.08841698991997432
f15b197e-f38,1.3496408955049874,0.0710553167971073
318d5a72-df5,0.6624467247502441,-0.0668413232327345
cb454dc1-c8f,0.24409655428130878,-0.08097080399030027
69f012ad-974,0.4410076920958708,-0.07086703037663172
368bf46c-0b9,0.54157252907625,-0.07905598187663143
abe901d5-b0c,0.5704312912261573,0.03635972520542485
21194457-634,1.1062716998418594,0.0068794367370742515
7fb096ad-3aa,0.6484705452626134,-0.09847725105033545
7634323a-00e,0.2556215240743415,-0.07041512622149526
c0989f4e-4cf,0.9909012370833701,-0.09404537859244194
98d4ec9d-473,0.3903735550653568,0.034057741696295496
b9335010-74d,0.5142885704264042,0.03476019663874064
b1e301a5-910,1.1631792915033765,0.0828773572401732
97af3b55-58b,0.10817171774913639,-0.08316078533994414
2c41f3d8-773,0.47377144220515993,-0.06117865612420348
71d8f9ca-785,1.4660419837521879,0.07188202400988697
0db69f5a-f7c,0.6654798852069178,0.07474023196076074
25ce6469-b2b,0.004125717650367715,-0.0521905487307362
1bf602fa-fa3,0.9212175164695747,-0.02701922199258905
cd0ec8dd-4ca,0.8474566438495102,-0.07625332073806168
c02aa5eb-ad8,0.6753245609250732,-0.04053584672438876
513a8cb4-238,0.6853956616303549,0.09577252229642363
1e4e4f56-eed,1.8199261626886352,-0.005083470714096872
5842ef7d-45e,0.9812856921778916,0.07224670222007101
e4fe560e-b1c,0.661656211585558,0.025693063262377414
ac900941-5d6,0.2814918776305221,-0.050033349959608175
7510df1b-29d,0.4196063868049659,-0.018709884936816634
ceff9b6d-49e,0.038707697924770294,-0.08691499999783037
dcbc320e-003,0.7267875258052268,0.08237453701057296
82fe0eca-d8e,0.07884774330337584,-0.11267502353542652
7a968982-1da,1.0198568315824685,0.06842101808627643
43217693-1d4,0.514303453969652,0.026748404148642657
10d72d3a-314,0.18936005342612727,-0.05033352798612051
af7ce9d9-389,2.848673410469839,0.04818332815938853
cba2afeb-fc8,0.5792261978641965,-0.046452074808241484
943fa939-34d,0.10836977731474806,-0.0553326918589957
45299ed1-031,0.1347713063990277,-0.11219313404363557
4f5a25ca-e84,0.7364716851714231,-0.09538150511437526
33985bee-3fd,0.757043671969564,0.042091473832064685
83e5131d-1bf,1.089370931045771,0.11385658853433289
e55b4456-61e,0.4636496420479071,-0.11421068631419073
ccc126c0-20b,1.0526264457600845,-0.011020944474886496
39d209a9-d25,1.285378214797165,0.03161648818754825
9ac3c4de-81a,0.6103766915060574,0.13901632112359175
1ed75ce9-8f0,0.06477418578535465,-0.06522960158920244
8aa3cc96-9d0,1.1394321021049216,-0.007413330574140453
8d739521-1fa,0.3657316399200106,-0.051610570781300324
ee1ed64e-f3b,0.9349119922605267,0.02583567956324151
ad33ce8b-8f2,0.6216849284013197,-0.10058140860461484
c9c1f152-3e6,0.18703803155245124,-0.10140445314847146
a168c8d5-3a6,0.14264057186921625,-0.10391024209418948
420e105c-d2a,0.42723707170621206,-0.06524764445832798
63a3f253-b94,0.17681544867553417,-0.09886047476647519
e1910196-f3b,0.3447680231092937,0.05105682442084725
152a2c8a-7aa,0.5411430640796356,-0.0627001028807116
c2cc9d94-988,0.42900371305302204,-0.1069840099619706
b1ca545d-59f,0.46763953339500225,-0.08147080263444184
31de2b97-126,1.7099951802119784,-0.034204839274529164
04e31de3-117,0.4432537443693421,-0.07383773563946677
a581d230-5c6,0.319120281967968,-0.08446255548492554
732e061c-203,0.09563143858245526,-0.061950235859580094
532ebf11-69e,0.11868364519994785,-0.09855244720475509
6d8a3bec-b5d,0.7751498132215306,0.001275901865668172
ad1aea22-530,0.20746909680884773,-0.06580969609620135
89a0dcff-3ed,1.009483435955062,-0.02432778711150363
37142fad-635,1.142681951697858,0.034159549076671736
9fe3cbc2-5bb,0.9757850534642424,0.09732525845019446
fb75fbfb-563,2.14762936118292,0.001984977801244292
5ff59b72-fc4,0.4481160853276547,-0.03331508490234558
3d66a68b-6a2,0.31212177170628475,-0.043278248812410935
b69b3dfa-3fb,0.4314403294422745,-0.039142409017147106
07c910af-be1,0.1771528483005751,-0.10031411317420647
2d9e32df-04d,0.402205365066118,-0.11561222143531236
fe18eee4-bbe,0.472846663746871,-0.06296106003039215
d324bee3-ea9,0.4410409675356745,-0.0886281263049905
b1af8632-ce1,0.3788225314244654,-0.07996225472965096
c0f5172f-348,1.286620327997382,-0.04005518412075665
0f766735-bfc,0.37499078884981685,-0.09639128507040501
cff9c3fc-c91,1.4577124647860291,0.08080259788798871
1687b636-d7a,0.1632652390010047,0.002912718095601563
20109d8c-49a,0.386939592312335,-0.07422836182651171
1b39cad8-6e7,0.44465077037758505,-0.07995385031508478
8212bec8-e20,0.5931668383626104,0.06892344063993072
aa961d1b-dbb,1.4514287593522206,-0.011163567937462537
be00d788-c49,0.1942849977897885,-0.08818949183785235
92f32bd1-abd,0.9657475763584437,0.02007192738093777
6e8cee26-7a6,0.49640508508439846,-0.060199807122127524
17c394fd-cd0,0.4036354349203096,-0.08749607413391247
770b036d-661,2.900280934857675,0.14015041495478142
b30e6f9f-869,0.5160699012380415,-0.04561876343752347
7bb6dbf6-ceb,0.23994946989543203,-0.09940096499870527
1e33f17d-0c7,0.5275485103160191,-0.07250292222223059
532b1e2e-4c3,0.40448979294486304,-0.04827599719068332
a5074c01-848,0.7772671909870243,0.026887959626841762
f5148388-f90,0.23761180191805664,-0.06140304642307992
a37dbb98-038,0.6663572567072007,-0.047474795264796255
12de86cd-f2c,0.3598646654619135,0.03556762442022021
f41d0de4-32f,0.8850632693063083,0.023468716590461902
8c29bb51-3f0,0.3933982863840811,-0.063419528705291
817cdbef-954,0.46267240030364776,-0.051593305460354066
342a69a9-3b0,2.053819877984016,0.08812520066572849
155822e3-282,0.7284219571427962,-0.10807783349277506
64d04c4b-375,0.13436883657214665,-0.06646554861363863
5f3dd068-86a,0.33627732946716016,-0.08841641837012715
05aa29ef-5c6,0.46170685709489295,-0.0807850325094332
c8ab1c06-b34,0.5475529233341262,-0.016758236406098803
9c09825f-9cc,0.3993156532554941,-0.0441522623730537
bbe3eb05-04e,0.7163944925931536,-0.10239950609646659
adb1bb32-f31,0.15436283414033078,-0.0764065881589363
b5ca635e-262,0.5253262024107436,-0.05411055576931634
b345463c-47f,0.32888856232323416,-0.06205768847919696
2dac8fff-9bf,1.2495573319731845,-0.012604102294330621
261fe030-82d,0.16198346446375467,0.03722376479819989
93a1ada4-cf7,0.22145751024762483,-0.11519370994317146
8a8c5595-9ae,0.38662067162859204,0.027177922549062705
c6b47a00-5b8,0.721698372982047,-0.03989335233686481
25e976a3-bd0,0.6737876375699104,-0.055235695754038694
8781f0eb-217,0.10099424198855902,0.032795360699590104
8ccd0b56-ce1,0.3663311605047607,-0.06286535702969986
94f411c3-668,0.31056755993416,-0.10984827159895327
ca94c269-330,0.5540106879589176,-0.045527903420164995
a4bd1d35-572,1.1054235879214755,-0.05960176086372049
54b651aa-19d,0.3925466950062029,-0.07740698927845702
a5a5c89f-eed,0.4830697487395759,-0.060716323985914755
3b660fe4-e10,1.5531170963132233,0.038389625939027394
6408c160-261,0.5700352638986319,0.0328986373259188
c3cc48bc-725,0.43500406316317297,-0.05242903373063157
56e13d92-749,0.41373365534188644,0.05327935700724695
677f51f8-209,0.35441268207502735,-0.08399081110124468
d7b744d3-c98,0.6097637228353877,0.03609791985156463
ad1819d6-405,0.25395813147199325,-0.06199079845704425
30b22a5c-6d3,0.6279535509806974,-0.03471635241960941
256589f7-fd1,1.3753396816136574,0.07122991204533047
4c42f56e-f86,1.3051849738043606,0.10717086321351565
6269f5b1-01f,0.5492169398590434,-0.09961790838809503
bb728ac7-4da,1.0899862296465965,-0.04403801168273763
5c0da0fe-8b5,0.7000519833713386,-0.10848061382768703
b1fc4e84-ff1,0.8674871602704692,-0.04452264981510545
d2024db9-8d9,0.29825821852334616,0.03009034024820545
d77d58bf-00f,1.0002823243234678,-0.02645653123526831
84c0765b-b60,0.6072642586412771,-0.09969638621696864
5f7c4735-1ca,1.8049998493021153,0.04223857520142704
3a249cb9-824,0.468900044948701,-0.050084240786335776
461c940b-640,0.3549209293716926,-0.07908558286985234
0a70f172-84b,0.36471852600463045,-0.013499451896045123
3bad2d56-6f8,1.8476864034915823,0.08816431925020607
bf6c7034-dfc,1.0038426424617857,-0.08128980314520379
a8a94364-99a,0.6967526817378944,-0.026740645436668653
7831adbd-373,0.30467271726579737,-0.051551815739961315
111deb75-492,1.2358712718193445,0.0765364579115363
10622477-ecd,0.4908189493356975,-0.10702570693364394
4ccf8f7a-5c0,1.5337841670516783,0.07974931163284249
153f9e6a-9c2,0.37384956910176204,-0.09887865207337931
d44d2d39-e05,0.3464191223929143,-0.042879307527885324
1c2250b0-a43,0.5038335236847522,-0.10413250847909061
88bab58a-953,0.3416443913555305,-0.01731016777704225
01d08de8-46a,0.19104319371477407,0.08137393511556845
b8419343-d8a,0.36808346237037814,-0.10415483442160045
ad50d941-f45,0.6427141761396608,-0.09700685464602377
ff2b18c3-c17,0.35406005803656415,-0.06787857273683434
a9a20e9c-87a,0.7113561977188378,-0.0912732658339247
ba476b9d-a58,1.167628031162195,0.031150862562507542
8031d918-c9f,0.5616393421656984,-0.08275172308435802
4eea9024-128,0.2580194650664367,-0.07287927972885155
d872c890-273,0.3592029277768486,-0.060400002512987605
12e578b4-b94,0.23710665581295642,0.08385559803320697
9469fc32-1f8,1.4195736781168935,0.04784126242318132
09e1314f-e0b,0.6995634606248774,0.05812080353133631
bfa0c8d7-86d,0.9422456488615999,0.01789446504338943
7187cc88-936,0.6078731773295704,-0.05339545552046071
e5c240c9-9be,0.842701576059217,-0.044861549383378774
376c2e6c-977,0.3821952835109135,-0.11542536411529813
4753ffcd-25c,0.29091509456131776,-0.05586861543011118
116b07f8-1f5,0.8782609913593773,0.024563981707930616
d611f2e8-960,1.2927737821789242,0.06258078576033999
a923e5cc-3b9,0.8145486113341494,-0.10674071995812368
a9d30f61-a81,0.48617388282968077,-0.07728165782632274
46e7dbe6-41a,0.7608819620193441,-0.09838467714580823
048b5400-70b,1.0013769252232214,0.018435490358921447
7d2f0ec6-e42,0.18810452971569305,0.017373915537109763
baf72480-131,1.2056151732900349,0.031245332704177398
685973f2-1b6,0.3996101864376746,0.04098305530989199
d639b7d8-d44,0.9010084313266489,0.010420819974470419
d35178a6-de7,0.5775746052646343,-0.036275562029442876
989cd9c7-7bf,0.8942447370748603,0.01975427745129832
76d164a8-489,0.8067875584377934,0.0762081301356633
b315c6b9-30b,0.3838435649943055,-0.08735768994910431
50b4a54d-c74,0.7624788763868681,0.07975408529746719
2b83a771-6e5,0.8277477065423569,0.03431474945488722
119c8f0d-aa8,0.8284566117054639,-0.09075449693278764
07aa6e9d-0bf,0.326691080980284,0.029433299345760222
614e257b-ed4,0.6754245607334882,-0.10759245978226534
9694187c-bbb,0.2155900891591413,0.035286734025590905
1fc32f9b-4e0,0.4252475685872492,0.16106237447748528
7ebd9e97-d4a,0.6488870899234451,-0.10507305804619299
fe36d39e-a3f,0.46485681928476213,-0.059433703007297556
f520cdf4-1b4,0.4031961255109098,-0.05535591123848743
59017833-9b8,1.216861534182701,0.033667030455789115
45f42abb-f75,0.601173937503491,-0.04046546815789326
09dd7744-771,0.46105041284563547,-0.06454813494440342
85938923-86a,0.36850225734811987,0.017508440586132323
32913269-511,0.6240130325844702,-0.11376739500637373
0de43a93-e2d,0.39176182194961284,-0.054730878594209886
d59018af-1cc,0.7008133239641552,-0.08540943103148285
4b65a3a7-922,0.6783137077972342,0.026881088488580174
1858be55-3fe,1.089343164700091,-0.0539638951061826
a8d90f20-859,0.6602553438713983,-0.012996704136260695
e2be509d-d93,1.5617008141476498,-0.016466605814666302
9bd2fdc9-341,0.47413582868997517,-0.05797644395120377
f310a013-d36,0.4740071123437821,-0.053423249369979
e00d1fe0-f65,0.1201947233637064,0.033959744260817604
e58072ee-975,0.7355832468200045,-0.04061182055385376
4265d42f-08f,0.24417026047957505,0.016152985794048336
ca40314a-bd3,0.19823819348071461,0.0710481081402159
559118fd-3be,0.7005692722578107,0.042239796891381354
aa22765a-41a,1.5705567097138902,-0.014739108580423932
117c9600-dc6,0.6584670617309838,-0.05335521910893781
2e4e4e70-874,0.5784701761939702,-0.10043041204828146
ceffb316-b6c,0.9093898212160881,-0.10626634106653582
3f8067fc-c55,0.9506590667131565,-0.04231725669882791
4e3bcafc-7ce,0.5938717131403324,0.07030302811795852
f0c2d714-75f,0.9312710980341239,-0.029309452452651485
26bd75a1-fa3,0.4793414833075608,-0.06668544032107887
70418e05-620,0.3420197515860227,0.044158462190505565
fad6406a-466,0.664122576640329,0.017200635035888423
e92ad5e0-f1d,0.8645305301097969,-0.10977881366980269
61ddb0c0-fd2,0.372321659146113,-0.07117886296953707
d49b7557-8e7,0.5455113937647497,-0.07013508467888346
ab38fc83-6f2,0.4057627686794903,-0.03535871450743033
2ae81cdb-1ab,0.45080602881924703,0.017048901870475697
79e9df99-161,1.0506347279092438,-0.06296070254644415
5e35d55f-7f6,0.4026734117200369,-0.10424604426041767
8a3afbad-919,1.352416741088346,-0.015159090740235193
5099eb6d-fda,0.9976638008843337,0.07693321726229141
06eda409-7fc,0.42099879072445623,-0.10986350735128947
a92a46a7-49d,0.5410136363557425,-0.05106401342653183
b9282d3c-405,0.14507811847267832,-0.03943321001764022
0cc4ba70-4a8,0.2963967957265034,-0.05521348441703422
65524a40-207,0.4406281076480383,-0.06851588096917671
fb7c6b95-b3c,0.37840542919155395,-0.05041603550956947
e124020b-c35,0.8376878545303148,0.12858008605165117
3dc854fe-035,0.23825481593805017,0.004171769387646629
175c0ad3-741,0.6023509404413667,-0.10619843385204275
083e4fda-ce0,0.5610750679363106,-0.009826558177713829
bfe38c6d-075,0.9855004496395612,0.028902549614863826
3bcb3a71-b2e,1.3610259853493338,-0.029843539480562786
bc4d9a2f-9ea,0.7007296035906265,-0.10887413055648582
05810146-69c,0.38332196191293383,-0.10089912062719891
8abad285-5a4,1.5136087792797845,0.002628049219052686
86daf188-676,0.3378288183777459,-0.08533176022443023
608cee17-96a,0.5192671524216923,-0.09954951375764909
c7307e85-8cc,0.8463429727423457,0.06899887591142662
d0c1ceb3-e5c,0.42124831290529136,-0.06618470372830154
478ef9b7-e11,0.46907117929981174,-0.05419301367091167
0c4e79e6-ef0,1.715805351829801,-0.08275135479307882
08ee6ab9-fff,0.4009303595261268,-0.06319199458283414
9fa99f87-025,1.4370651147903795,-0.04578646720124052
ccf58a4b-48a,0.4277181481488554,-0.09444431811634324
8efffecf-c35,0.5655237622949361,0.002212091918642356
40264490-519,0.4203586543862432,0.05866020965812968
d0a2ae6a-595,1.120609827318946,-0.06953406875331614
7507f6d6-f44,0.9548556249019948,-0.042863250029121
89e1c20b-1ba,1.2065418324201906,-0.014484798316068914
58e6067f-822,1.3668453472542084,0.10018288689544352
fc8b211e-d4c,0.7192943944909801,-0.07021198050348065
4e822cd5-16f,0.3940886649367994,0.004346731519719094
7e6d14d2-5ec,0.9189526963495523,-0.06946400385514123
ba4139e0-d29,0.7991637723007357,0.06355852083680624
d2f276a4-bef,1.5446244870557186,0.09390139599472036
2e43366e-86f,0.09447082506859532,-0.025302863069028736
a1b09ce5-326,1.213603240451923,0.020367012939513374
bee796e2-312,1.3177909469272313,-0.03315891012299038
4394334a-873,1.17716028543183,0.038733318536243844
95892d01-811,0.685262935529457,-0.057443133440695404
386ae4e8-2a9,0.8987696339373787,-0.10648955992284104
3c11da61-eee,0.8388032499839415,-0.05354738742727011
bff43958-18d,0.5924640965194659,-0.0660490547900216
5be1a064-482,1.2776654071990663,0.023920000629042204
0e045d4f-63f,0.8768102047947833,-0.1135623048794503
825a43d2-7bc,0.976328152832473,-0.06660306372178021
0ee0dee3-df7,0.5960503523271389,-0.049819400891125354
b6c0bcd1-8c9,1.5677062513411708,0.029418126313602855
6e5d7b66-377,0.5708627182908066,0.010273995365059685
67bcc544-fef,0.3106583092684624,0.03692738942517948
bd3650c6-2b8,0.43664815851868954,-0.046607072581301034
b60f432c-f94,0.4966111513741209,-0.10498890941219396
119c673f-490,0.3526437495648711,0.007905433168345355
aa889f46-6eb,1.1437393076869151,-0.1002100457729016
399e7b5f-2fb,0.6069574715083546,0.0008615161206848576
c7997aef-e3f,0.43239258519775003,-0.012839627594630476
66cceee3-b7c,0.8246575107372561,-0.1120030680966827
d5acb625-9c5,1.4271882263960816,-0.08253525478106877
ff367955-882,0.9801533815151711,0.025375974036664806
2e836100-89a,0.4132775496599278,-0.05707931844353953
dbd4e707-dbd,0.5786207468512135,0.0804092595736049
ead77792-317,0.45076239050792843,0.06528628544095427
963785e2-23c,1.131517055807822,-0.06707050175505658
45bf8bfa-c25,1.7015977185054552,0.05496710168983976
c9f41d60-cd8,0.5076201278773085,0.053126802576856424
4154d0f1-e62,0.5837352304484642,-0.08032223029718988
520a5874-cf0,0.45577243829895336,-0.09679379477122141
4ce9a4c6-2cd,0.4128537345385117,0.03619052160298786
c6f3c421-f47,0.35357060526487716,0.06525785800509887
df0973e1-2ab,1.040838939013773,-0.05637451263851612
5ff53888-829,0.7760262256374107,-0.049564528294268884
64f1c478-820,0.5447662890683835,-0.015412081281155732
27efc9b2-8e8,1.5742068153885072,0.04443966455374271
83f48b7b-d00,0.7479657917133575,-0.040823397248783255
1d67526b-fa8,0.49728700136725323,-0.08473726381766883
9571cddc-8a6,0.9355169315008984,0.009820723698776734
42db7087-22c,1.0248875085365199,-0.06298444152904636
b761f2ac-64d,0.7779592596885566,0.048862736987135946
e85b52ce-521,0.6455402303487054,-0.09262677644511724
c0c1c3b2-b4a,0.6924602450937604,0.08653382014756639
02339f70-b19,0.8558747307048723,-0.06578920219190088
6af9f384-876,0.42631049095700196,0.08796545048685334
9130a4fa-e88,0.6141761866315786,-0.0805724843595404
08179049-9f0,0.63893657502017,-0.05405492496431347
2ad84bd6-545,0.5288085851990179,-0.06550405001682608
f9e57fa4-b1b,0.7285344760629726,-0.027218732981443394
6e788a31-8e7,0.49396407310864077,-0.10968793929407705
6922065f-c7e,0.8954658897224246,-0.11559779376732571
6a776707-b3b,0.8623123609696486,-0.07344779402163315
ea99d88c-659,1.2223468633887364,-0.04304208647832303
546ec919-c58,1.0849161039093806,0.06141810203343845
2310110e-6a0,1.074832813288634,-0.04650854679619454
8b2d85fc-046,0.5469201156861401,-0.07522328974873899
c5b3c0ac-f12,0.4417439614615099,-0.115131553030492
fef9181a-78a,0.8551527197290225,-0.04991886339907825
a65fa8d3-2d5,1.137278008147642,-0.04693092298849599
cdc28f8b-450,1.0296540434817454,-0.03667170599080238
6bcde80b-690,0.7562627105170011,0.02487484270047613
83b5ce70-0a7,0.6560548273088587,-0.11141554873719134
54985f25-3c4,0.8232233537981797,-0.10299075443531996
78461294-36e,1.5514847245240975,-0.04619197664179864
0319b297-dd4,0.5983064295244328,0.05898971543833331
ab825a14-61d,0.8161787296394627,-0.10699970713469503
68c83f46-83d,0.9844091071744798,-0.048634706939076566
170a8353-fc4,0.6100062799135488,-0.07140219707791984
93349e66-1cf,0.24131660935453897,0.08243036520393154
8e2d39d0-a5b,0.9000069742268952,-0.07576026993047197
0f005307-52f,20.874456734039455,0.14232030684027075
bbcd3a43-4d3,1.85648979678431,0.018904289904039584
01c78718-744,1.3200659738720744,-0.1017680908394139
00d10c0d-d10,1.2929740549145994,-0.1089889039936296
bb690846-766,0.5213561614156756,-0.11046470829013666
54c2d0e3-fd7,0.8235078345221716,-0.05907723010505617
21b8b4bb-16b,1.648826153793963,0.09423607182457305
4afb13c8-555,21.297235202441442,0.1426424616763462
f15554ed-858,20.62617953885289,0.11266724250835625
7d4773f0-16b,0.9261457427330244,-0.11281205400615213
201dbec7-b66,1.0194411502764031,0.01640593970212645
1d5739c6-c60,1.223938634805759,-0.06516275715654868
addd7023-eaf,0.6867743911175893,-0.07600216214176314
4a6cc54a-c21,21.58326756744174,0.15952007202571472
05daa596-2d1,1.1552945728913326,-0.108760770405045
11f3896d-7f7,0.941405594189292,-0.016433401669786518
08d65c9d-fdb,0.4997315067774145,-0.03036056562723438
720fdeb0-d8c,20.996285311726687,0.09637086623022961
e5697f4f-db2,21.41103189885346,0.12598724613515122
58b1672f-806,0.1439788064404899,0.02069502093579545
6f1d825a-40d,21.51904605076897,0.12119921499186936
35da03b6-8e5,1.298680962890924,0.07766459133766779
eb2229fb-464,0.7991614568879244,-0.10691040538221824
f2776dc9-db5,1.2200949369545429,-0.0903518011315671
a5a71a20-fd7,0.12430878127959423,0.049037478532214185
ac7c5bf0-115,1.11987044466655,-0.042039679962181664
7a982031-de4,0.7795020606890841,-0.07731460121864997
b64781a2-16e,0.6543315753842132,-0.0341313665383558
42d8fdb6-ffb,0.5480178819590357,-0.10807626264404324
80620558-cb0,1.106713986609617,0.047544049919350795
4f4d603a-b58,1.7616404842614437,0.004800839603919416
a3d35edd-c38,21.596250941782515,0.13310482175381566
b0be9d4b-0d1,0.6433543685269575,0.030580577012639942
881e425a-171,1.5074722911189908,-0.012812718858567995
f7a69eb3-e78,1.260045729593491,-0.023459589262493252
d84504ec-a91,0.7058306737916882,-0.11342465019439679
83cb4510-709,1.3302538432228082,-0.07701231993264485
b8086cab-4bf,1.6228861775412136,0.08956851119895937
401f2473-295,1.095032734419543,0.061104036735399436
aacb74c4-e69,1.2570113582086875,0.03551633608349314
560ea7e1-bd3,1.4504469001722533,0.003047701995181895
06a825c3-98c,21.66960232493085,0.10010279031674141
825def29-586,0.6802995493143738,-0.07455909165759111
de76814d-4e3,1.0981797143679082,0.03196762694089805
cf24b638-5df,0.783776822048878,-0.10020089323933862
6ec89621-227,0.6605446704639987,-0.08456701129247024
d668aabf-a0c,0.648965486234919,-0.11111219021192087
a4165066-9fb,1.0563081756726196,0.09006031759758892
01398b82-79f,1.0774868451737611,-0.0004305146689029815
61c6b92f-cdd,0.5640736098229854,-0.06748926994574767
29247fb0-462,0.7226389867171006,0.04154253270984376
07a9aa36-75b,1.397339922866196,-0.020136803198965936
05006a85-494,1.107091554627174,-0.06689571060548788
03db1cbb-159,1.1780805192322403,-0.09884694799612148
478f21e6-e47,0.6160565227999096,0.03787858325542748
2c0bc7be-b6a,0.7934005361705003,-0.07473767058178665
92c22a3c-c7d,0.856984200137615,-0.06162874828384585
da7471c0-eb7,0.6219552785623547,-0.07328816356899415
ffc95164-b75,0.635009134097923,-0.08000263560122833
49ef616c-179,0.801273280395299,-0.0540168375794432
b8b502a6-e95,0.993579626601591,-0.10492594697218294
5aebfb22-c15,1.1038760273466939,0.028073025211623914
bb96d975-7e9,0.807592699906702,-0.05514760506739158
c0e1ccd0-a28,0.8410839213012349,-0.08021524221564835
9e0105ce-650,0.9141026085258086,-0.05369912067768612
e1cb014d-f3e,1.5140313517580752,0.022178517758519978
be971c59-929,1.152188860406349,-0.04796488995760079
a3fcaf39-a93,0.9886833460627036,-0.09642506502507131
3ebb52e6-b51,1.186253683820765,0.08773214373586458
14304d39-d25,0.9998401546478988,-0.06963474256901336
65bcbbe7-d0e,0.9034037469699342,-0.06689786911026446
e9cc3eec-3fc,0.9210341813910399,0.05830793741049667
23180226-b14,0.5424003007403685,0.035487572915022025
9dcd8a08-083,1.0995403343883652,-0.08314972413470612
502e4d50-e84,1.2656397413023042,-0.0333240984062379
675bae14-c67,0.849667794231375,-0.020678073257713647
cffbccf4-a7a,1.5468708486900449,0.052322635344779655
39ce995d-74b,1.158474480356265,-0.05322480722353312
bf9e1697-796,0.9763338532711513,-0.06687059800626205
bf16799c-70d,0.8004464996945718,-0.07739802998966888
eec2e0ae-5aa,1.1328585403990874,0.03783632979220242
d464cca9-44e,1.0373123156932766,-0.05405575247602035
bb0bf519-3dd,0.9257608148576156,-0.10819431542611246
474af913-a1c,0.6186990264455298,-0.08074965174579624
9d15344f-633,0.5827373482297848,-0.09404685323164697
d9706c2c-814,0.8476945588910857,-0.050675498700203436
6a62fef0-529,0.9354831117186309,-0.03874565636728039
96e36318-61e,0.8392677275428404,0.043285994726687704
a1ca876b-fc8,1.0559447994298239,-0.09811275625818972
86e58b43-dab,1.264883231904811,-0.09306875186191454
009d2d1b-762,1.1516606161239007,-0.08396359020818417
899ee657-1c1,1.1913795061149024,-0.05940878008182099
d8a57fa7-444,1.6866064611013474,0.038214413138551784
adab0d89-154,0.7577552853792136,-0.05472280771992655
4d25663f-c48,1.2518668556575494,-0.08539494120420527
c0ebd8ed-1c6,0.8469894719986106,-0.08875592880182503
bb49a75e-5d3,0.8991042437683168,-0.024933583935520587
1f86bccc-090,0.7021269264847798,-0.06007643448645039
4e5f8e0e-0f3,1.3665225059877426,0.044794382933435295
452f134c-7d0,0.900396836377074,-0.08261434764069375
60573bb0-1d6,0.7301018468504391,-0.046759063331013595
3259fc63-b6f,0.7348420959376958,-0.054156682274977996
75ee5b61-a1d,0.859585424077645,0.0530284050218659
f6b85af0-2eb,1.215359594983172,0.004605725355934842
0b104fd7-a1f,0.8611602832182212,-0.0589497222023902
8e115e19-9f5,0.9936591337458893,-0.10909687635775928
304d6b10-8e3,1.2248966331100757,-0.007793538424279267
fe1d5e88-0e5,0.9864421581236817,-0.07861401651601602
87f3dee7-c5e,1.1830097395937322,-0.07416164769473776
c7936adf-f39,1.1783227282782605,-0.10606363407228109
d2042e6a-359,0.34925000485604807,-0.030873893141817155
b2d6d045-645,0.6599649070894144,-0.0651065233998625
2359013d-b80,1.1023527365308612,-0.06865961619813427
2ff679ac-bfa,0.22372058702806918,-0.0290754255721436
2b68cd92-abf,1.8449138225270674,-0.048372781368975215
18f6dbac-c6c,1.467806106182283,-0.10005901177403453
d80d556c-0a2,1.1906631251958952,-0.03946791089558255
1e80b2e2-3b5,1.1678922224737622,-0.0959673594176862
a2c64fd1-324,0.8407534177353245,-0.08200373395407112
08ccbdd4-f9f,1.2836386547505088,-0.025606815805595096
9b114c7e-282,1.0039176555412461,-0.06258489091200653
93760320-8c4,0.9422035597537692,-0.07113418028842733
2486356a-ab9,1.2252903209697483,0.05757229810779407
f20ad9c4-86b,0.7279231232699138,-0.06799606868614433
4ffbff25-b39,0.7311945147773891,-0.06092513698312857
a1a4353d-f12,0.8275914354273921,-0.07825246290287502
c7017603-cc5,1.2950425844898903,-0.10883814782032675
921db911-703,1.1790715675240757,-0.06732456474454429
ad96d861-162,1.567111571848295,0.052575267005804616
f616e827-3f4,1.2053299612494555,-0.09131363651053226
9d14179b-f62,0.8941980443229941,-0.06813160189342449
4e15aeba-b1a,0.8387658135657475,-0.11003106512191846
ecd28db2-ffd,1.1748730640466263,0.048310191587739526
18aa5987-218,1.1834746386461883,-0.11347243707069715
d70ba1b7-b9c,1.4605725759246733,-0.06703001684986248
5539bc94-fc2,1.1479678623810474,0.059594736668769244
558f2295-9b2,1.2226424226546015,-0.09648408418799309
09f17f05-d38,1.0717830445605396,-0.01242753323507323
a4cce689-57c,1.09449830556347,-0.06294647764803585
b704ecca-ba1,1.3039954716801785,-0.06714311631461156
7671e8c9-1fc,1.048388658609554,-0.06531744164375114
0379493a-6eb,0.8055474196656319,-0.10329089273626035
72344a5a-28a,0.8091295524569265,-0.09553105632788905
d1f39d25-5af,0.7458873072306151,-0.08101165365874147
2df91f9d-fd0,1.130101516078751,-0.06128855667465227
a1fd3ac7-a6f,1.4109185383010074,-0.11229407354559362
3db784cf-8d1,1.1026072806206717,-0.10156283231712815
5ae8cf87-3f3,1.1550446763586224,-0.057114603285058685
8aa5bc16-576,1.1073234854911995,-0.05659007629972418
53efdf8e-707,1.9675327412053742,-0.048259081042616614
cc72180f-ab9,1.0429333543756893,-0.10213767119396838
12c051a1-d06,1.0049920697772299,-0.09881104264503343
9db49a68-e96,0.7817730201938622,-0.10458713131352643
2ab69f67-503,0.9281448370519922,-0.08198681777280531
0c34c7fb-a32,1.6115514697445161,0.056539675565770664
8eaae10d-cd8,1.1690409353196347,-0.09183089412660644
9154696a-928,1.1837372410625895,-0.05357891255659741
48491484-1fb,1.1681035590325959,-0.0840031074683209
d01dfbe7-7ea,0.8902424060185875,-0.10785169899420372
8267261e-c43,1.2480830245266774,-0.07642897907498131
e68cc6fd-303,2.0164183602404155,0.0999000985262366
3a240e83-343,1.2850164737116416,-0.07049899337980087
71487483-192,1.488119843212612,-0.06345732860839531
b2aebee4-3ae,0.8567389117914713,-0.10566297662000457
ea1e68a3-9fe,1.7663553384846484,-0.05928050800725432
787b4fe9-3ec,1.2308699300246708,-0.09965347221167448
8caca930-41f,0.9885438422726646,-0.1112668295980831
8fae0446-1c8,0.9540157531130123,-0.047376461220214994
ce760b55-c0d,1.0768330121969356,-0.04907888871591959
fbebdca2-df8,0.8497625185769908,-0.09681449629509126
4769af6e-548,0.9078683814223647,-0.0660325470224779
82a2722f-4b0,1.1658990650644974,0.09243508127671085
9502dad6-f21,1.5756466868904249,-0.05239623200993959
658e33ba-ae2,1.1827098457491638,-0.09833072631536177
11a3fb38-72a,1.877160747938095,-0.052310838443257845
b8e56f20-dce,0.9277423231963603,-0.05068064326834271
f50805d9-71c,1.4537677025987095,0.04158581040934295
2e1d45b2-ae5,0.958876312437788,-0.09127202408047141
51b6dcdd-3e8,1.21172796181752,-0.07349020404782602
838402f1-982,0.9758929277157569,-0.06503165079274392
8afbb269-726,1.2443616102726045,-0.07967680323177329
f7782363-da1,1.066037763720101,-0.06230404054963712
42826d71-bed,0.8477986787036803,-0.10731885353306586
4ef8b9d0-ce0,2.0425788500255218,0.07188500288159616
f5ebbb79-2ed,0.8812359850047516,-0.06192708227596355
fe24b057-2bd,1.2519645998260378,-0.04594033858130453
e5c0b834-59a,0.9238058546567546,-0.09940290713412908
31398163-7ff,0.9755360266654209,-0.07862431508387685
fd3e30fe-066,1.037971754962261,-0.03250840703380814
ebc8e677-63b,1.4252192375718593,-0.1150100218563232
6ca61cec-d26,0.984555946541976,-0.03895608734311906
e34b0583-ec2,0.880749280055866,-0.09696790986056775
09cdedd8-5e1,0.9361968971721466,0.08214309540769038
00807768-b42,1.3777694670944851,-0.11291736758889936
abd8491e-f0f,0.9391036589812517,-0.08024522660411887
d63dd3dd-72d,0.8218944619427812,-0.0846486929050419
dcfd6c4a-8d5,1.4152585983013044,0.04460019264848403
027351dd-93a,2.60669841175442,0.0639032335403803
8cd2d3d8-158,0.9323269088718908,-0.07559627436511557
107b2013-451,1.0828525515318816,-0.0967737216276674
d8917a52-d37,1.3223198073558207,-0.0559240102309127
dc2f755e-c55,1.6978796093837718,-0.014030965721170796
2347b2df-13f,1.4105003303111592,-0.03224003895723859
70a2d1b7-164,2.0969110995598315,-0.05370066571083282
b6498614-b78,3.0601232195074193,0.08353827735748909
af33d3e4-84c,1.0960424859354698,-0.10303505564470372
8ebecf86-83f,1.305078550625357,-0.049033688744669235
8a73e926-37b,1.204230987471739,-0.07791935487907226
5e11b0c8-0c0,1.0513012865340279,-0.10498386082837013
2cfc71bc-ccb,2.7685431927295263,0.04775455090274294
cf57eccf-f15,0.9258145893432376,-0.08147512148107477
b3d08d5b-7ce,1.1940465637989885,-0.09020302013764614
429e4c9d-6c4,1.0034209214685,-0.0751482282016614
c4533784-3a5,0.904722158174308,0.03867340743075354
b87f3e3c-f99,1.452672329775163,-0.03914538453110522
fa52537a-fd9,2.1210137127917172,0.09789840175596143
da5c7769-802,2.508568974551953,-0.011583803319177632
fcc63a9d-d4d,1.614965031781502,0.043017778044367794
942909b4-ac5,1.5974199387992618,0.04622433530138714
f23c377c-1c8,1.1511075498831245,-0.053125125033610554
60944326-4d5,1.1366686007339644,-0.09936941573466024
d1fb3da5-3cb,1.0076255877276912,-0.05975044439683569
1d76587a-8a9,1.1627628953798035,-0.10441444437261677
d8fc2752-31f,1.0686991003265915,-0.05391164896577305
b0a69005-a47,1.0396194856308292,-0.07910673532522322
08a18797-feb,1.209826135975212,-0.03470650436571421
67ce3653-104,1.4041613635384014,-0.10317625420380716
c9f24559-dba,1.2493553343217132,-0.08574769970169666
0700f512-74f,1.0781170044064892,-0.09311560261978541
26232a7c-bec,1.2907081753739342,-0.09853490097018414
ea43bc8b-35d,1.4474563676421544,-0.05127172372909794
b03b8d25-470,1.1674115854180778,-0.046471183662442794
8faca6c3-6f6,1.495459718315002,-0.06918154957206729
7b76a39a-29b,1.4765505709366193,-0.06992669740270013
d227f66f-379,1.0537067755815563,-0.052578679670917616
560befef-373,0.660706138546669,-0.008981748603659856
a2c22ffb-839,1.35365734093426,-0.06169778195175263
8e1120e4-e8e,1.1811118183132634,-0.055911436476280274
56a9a14d-fa9,1.0662089560234203,-0.07210685123837646
f442170a-ce2,1.1277923710862516,0.05066187574465375
69daab32-fcc,1.2499036641473364,-0.054588231102813856
fca59b6f-24c,1.220148624615704,-0.09654273997892021
9dffa142-03a,1.307168335773312,-0.09673128734652636
4520065f-0ad,1.0266654645625153,-0.06243012745290927
6ca9309e-753,1.154325878964882,-0.03096577376259302
6ffcd568-b3c,1.4829882068730735,-0.07024827092883756
5f862369-777,1.252489156580772,-0.054966085155081335
41113c56-f24,1.4987406518063031,-0.06170726734469051
0110eacf-3d7,1.3803675132331863,-0.07213398345389532
5afd8451-ef5,1.5121331550853991,-0.07247017710947184
16479ea7-fe6,1.256684979576776,-0.03563596048961809
8217be60-ac6,1.4222603525780646,-0.04769114643405503
baaa5ff0-9dc,1.9617298593857493,-0.049141260797198216
1fc3588f-b63,1.1927157936070738,-0.05115230943559812
4f44e54a-6fe,1.1329376313845312,-0.10129554177598044
c9313eb9-8d5,1.0074303622622707,-0.04696524840856925
a9733bf6-918,1.3850235601311376,-0.04291186797027874
747407dc-ea0,1.0765638986863642,-0.07029772920255684
a294baaf-4a0,1.5961447389860846,-0.038121546958153285
3a991422-799,1.109638759557047,-0.07598400534255684
b68b1ac5-8bc,1.4614553829101329,-0.04068553694139282
ad81cfd3-b65,1.024028393340434,-0.06663009107498119
87361e12-077,1.2201697803831477,-0.05920530858010681
518ccd14-1d1,1.6860182948833113,-0.037631363288627095
b85a4293-4f5,1.0295626222281846,-0.0729803362578681
4f461bb7-c28,1.5457119760941946,-0.031986771136239156
aa4405b5-5a7,1.3123793430703439,-0.09753578994892992
a3f7b4a2-cf7,1.4116960869097679,-0.0669133526725268
0533c68e-80b,1.2915344977454062,-0.0588555198416143
09726aec-50c,1.362053674849817,-0.03755524549950218
21d67d42-e7d,1.4792006685303147,-0.068613831341715
c8ae73f4-bad,2.260312931409053,0.0012665763960846288
59abaf2d-8b5,1.5804593454989662,-0.07238395689515559
72f220ae-942,1.504687647569187,-0.045347162658839535
080233ff-8ea,1.1118855932871345,-0.0587052008544241
88edd3b2-3d0,1.1406720278170324,-0.04997022982376459
19f8a6e8-e67,1.5024367048892493,-0.05763566183154706
60ab7b35-f67,1.1804879905056263,-0.04395384917994
d0479ff5-657,1.7665100173759143,-0.03797888101803909
6f3ccfc0-119,1.4496787023396907,-0.09543235473266504
fc7b6e0d-8d7,1.140432396454452,-0.08062585376324949
8bdbc89f-c09,1.0986487838592318,-0.07786179705201679
6d559a6d-968,1.1778379250794826,-0.08842808691875176
6deee41b-bf9,1.2592067502330535,-0.04021540844207122
0ba17796-0c2,1.4044566297883692,-0.010503867192236727
776a029d-b3a,1.1143199775309833,-0.09480449884586578
d13c5884-dac,1.5247102870902007,-0.08930224783915336
0993986b-fa8,1.3206538252042326,-0.07747505870181998
ca689312-c48,1.6053319068409704,-0.037067939676613926
83b26c01-845,1.1189074950437734,-0.05925890296734593
ee3c04d8-f37,1.2783670340193847,-0.06385540909080373
9ec6a846-a5c,2.3396678019522072,0.12820377801057992
9c49db6a-0f0,1.4900074992077221,-0.06980875681886373
b8a79051-05f,1.3193314716507603,-0.05978992300756503
948dbad2-fd5,1.1521503888863998,-0.06669536516085572
5544990b-b04,1.5928171994179823,-0.09090758950881223
db0cd154-aac,1.5342100229564635,-0.07350467332945898
b4e53471-11b,1.7943660324521047,-0.05037947815882188
fe159b85-8bf,1.2277384944237646,-0.07671894867231932
7d49e803-ee8,1.5017767127994142,-0.061740711205780896
17e289ac-611,1.2934001386285128,-0.08851508711424455
91aab297-537,1.650530239558454,-0.06821961186861925
2b232888-842,1.4612219830486446,-0.044526225654723084
faafa1bf-add,1.3592503719966267,-0.04784244878464056
3da744b6-8ea,1.4787102975395217,-0.05747159794709428
6451a90c-ffb,1.6612877550581862,-0.04282572669422696
f8dd480e-7f2,1.2445500426740996,-0.05335261760069282
b335c763-d44,1.3548211605060612,-0.026003943391715634
7d4cab34-b91,1.14820814369054,-0.0925835044415021
3425e1b2-dc7,2.4432113628492726,-0.048522656824178334
a82287a7-6b3,1.5128289888867368,-0.034190641539283806
bcf88530-283,1.7630618424723479,-0.03531974617192163
b87f15f5-6de,1.244914813096192,-0.04538096295260824
ff02daab-554,1.1753284054040336,-0.0331320407087099
0a5b6c2c-eed,1.192672824057407,-0.0952261598275706
f3415092-c8e,1.5889024561620237,-0.009331007928189083
ba9c05a8-f3d,1.3893823264846359,-0.05822404158362232
de7acf15-2e7,1.4423655046952049,-0.0723368339233818
8206f7fe-f3d,1.3971132576946406,-0.03919265676153416
80b5fd06-a52,1.4688545414204408,-0.04606598028066855
b3740b09-235,1.7901592606928665,-0.031553790132407555
e4d4a582-b01,1.295012362352717,-0.01763056051079165
afd5b728-d6b,1.3628870878654424,-0.06651092981666085
7c6f1889-5df,1.3292879177246189,-0.047467245669098546
f1248b36-449,1.1700950647601955,-0.00993470316114442
c2497bb1-5c4,1.623414171279937,-0.035857608949925235
2ba16492-5be,1.1746969017630549,-0.04455091689031565
8e206048-554,1.2455003243078946,-0.0461666848783599
a9f0ddb9-62e,1.2222657382508575,-0.03924184839408518
93932b17-7f5,1.9439331955774974,-0.03396772312950591
6b22a93c-655,2.3144887640512994,0.060737513505419116
a4033825-a37,1.3078528689726507,-0.013724790748604887
439bd5cb-c0b,1.1820644852115336,-0.029992097865338962
2ffd143e-4bd,1.5131433349642993,-0.06565084512281233
fb1737ee-79d,1.392741748772612,-0.0633953756256957
e4136d74-bac,1.1996613458565921,-0.06740425775921677
82e4d59e-f17,1.3132609200756804,-0.02792605357535516
730932e2-a97,1.4379295941606691,-0.03526223939649692
df82d3ae-c26,1.655734835871712,-0.03483051960189243
4fb1d276-55f,1.4384852179631196,-0.06124533561545481
7ef706f0-aba,1.4505288749518659,-0.06811331138492321
47563002-1c1,1.6219029441028292,-0.04084746097633357
37af8077-b4f,1.3274440770603797,-0.0189907807755319
50d17e95-db8,1.5363350208573316,-0.061226923480002915
ac755173-742,1.9069605968429424,-0.02436109325921615
4d78ed70-988,1.69422040832589,-0.047730412402015476
d2e12c4d-d17,1.4859922580419118,-0.032514170916818574
8b295377-f10,1.609114559538299,-0.022662349744123567
b292c70c-c7c,1.6082631883683698,-0.03327409595092329
df26cfa9-724,1.3021433983954143,-0.019247267569013515
70777812-699,1.6841549535672415,-0.04743148220706711
1b3f60eb-a22,1.6728006007365228,-0.004510480940708328
9124ac8d-172,1.256544959068306,-0.02914140119091929
8d73534d-35b,1.2715939388309783,-0.010845981396260806
1b76bbd8-f68,1.7406839887514298,-0.03724923204238412
855ad8ac-615,1.294311989512595,-0.02842615279364391
7df08d37-1bf,1.343115103374549,-0.026876852421019892
6119f733-622,1.4342438908896538,-0.004266346746274019
edc4d07e-f9d,1.7806452682086902,-0.06557724031902257
a88f3df9-91a,1.87108752746453,-0.008793224403157385
3cf10b4d-619,1.282773300788136,-0.0375542947008945
f4a3dd83-a0f,1.6849894996055839,-0.023431832047927814
d55fba98-288,1.4704869014177602,0.0029991528037996984
6a3a3fb8-96d,1.500988348630895,-0.023143301611343037
405239e2-edd,1.4109833146030946,-0.015872413295145604
7ec111a9-d47,2.325542062839972,0.01880429207093648
fcf4d421-729,1.6080745924786082,-0.00041059383400754434
a5a795a1-8aa,1.4997509666206397,-0.009707711230843963
4afd7d76-b8e,1.6467390280959606,-0.04925650036010498
5462d619-50d,2.197163383228167,-0.010566258477996915
4f1ddad2-6a3,1.3441782015157073,-0.051169618435330744
3463b953-201,1.3858850290738405,-0.06614565453884275
a954f0ea-d01,1.3457656633337698,-0.007010170010800898
99a4cfb7-b56,1.8326363907677263,-0.05075295347062603
8e826a45-2ac,1.3482139159889261,-0.052183315351422344
f2c89703-523,1.5897139346250035,-0.038975318512589285
ddd42ff8-a7c,1.7909888794904265,0.00118385720204639
fec79006-b15,1.6218332509850941,-0.06119280015837408
4ec9b4da-ef2,1.7784528342342045,-0.04750172894895738
5ab45682-41e,1.797430962346698,-0.022965865313534894
3a72f3bf-45d,2.1385390687404966,0.014117860623874212
786d2c1a-763,1.7036813620744211,-0.020523432751954174
e0f551ec-f36,1.4651623788427006,-0.05275337806264152
951e845c-f81,1.7305599033784236,-0.0017300339197730552
ba9b0175-95b,1.4979634426098203,-0.003089586779360942
c75997e6-be3,1.3501085239314472,-0.00756188409033326
6bbeaf33-c46,1.631533033883825,-0.02537775909070422
1f461909-94b,1.452587258961571,-0.003070765078432902
d897912a-723,1.8421306503157018,-0.002887845589241822
f2e71a3d-e3c,1.6601470780563212,-0.04215035451935267
8c098f33-ce7,1.409779966053344,-0.026339322536645116
7dc76ca8-e0d,1.4492103485141659,-0.005463214299772645
cf074e5f-751,1.2989999296795587,-0.026420808640883475
9fe3196e-36f,1.392763527214033,0.014799510146549011
ab4ffdab-7e8,1.3577750191042623,-0.060803385941958166
e072bf35-a20,1.4958976392977679,-0.04873402191338938
f8587814-7ec,2.2840996829690017,0.011257799736038132
cb47857c-249,1.7555100976035474,-0.027061500868921284
8174f80c-75a,1.4651412150214802,-0.05988094277094563
4c9ab027-663,1.4027714920807548,-0.022939250723193805
ba52c1bd-a25,1.6969819634024756,-0.05162638616652543
108518a6-2d4,2.515619816059938,0.020547365111294624
5d60356d-998,1.5818798920947137,-0.041519786710953244
e77ed8e7-02a,1.6757411003090696,-0.018109726828735295
f4cdc4d0-5bb,1.6096850841062014,-0.0035771814004289526
d013b257-825,1.4337389914758056,-0.0449806807790718
a152a6a9-291,2.0725569221543707,0.016151774043705824
75639026-c9e,1.6793636818655346,-0.05687265671088193
fdf19b39-b39,1.347868059675864,-0.02176392951574957
8fbfaecb-731,1.5298511275218256,0.0007189935459364083
48c433fa-796,1.89796793493585,-0.01886157930985516
e9cc23a1-ed2,1.3780315234188663,-0.0017825045650500804
799f6851-c84,1.4830757788163607,-0.043838735610236546
3635916b-d60,2.873070036949302,0.014913816100863064
78412a3c-eb8,1.5135561123699215,-0.001936678270983816
64d6494d-66e,1.7063674604186372,-0.0012986951134540403
e1dbedd8-528,2.0731263099862876,-0.03786833795065808
2fb93972-097,2.707446839051847,0.008871128740740808
f5ee5e52-92f,2.064005602059225,-0.0154733311876184
1e01b8ce-352,1.4468033918170615,-0.03697036130850745
eda0d5f2-1bb,1.7761187491903083,0.011932522431391646
d83bed14-b46,1.435916398769568,-0.03360701332640542
53e5d460-9dd,1.7256444048110657,-0.06089023107020408
0ab11d42-f08,1.6799538627794317,-0.05870582091440413
00307528-d49,1.7377028554716492,-0.03642855122795513
b613532f-0b0,1.6864203843637722,-0.03878319445034467
f0c367de-fdb,1.5707290460352092,-0.06409920319107953
9f725cbd-ae5,1.4701345363456266,-0.02154721882190397
098252c8-6f0,1.723555502839145,-0.017892559694332566
057393ca-9ba,1.6847206876881236,-0.044586314657224624
4b882dab-418,1.9793913796054865,-0.013638209427414894
ec4bca44-2cc,1.3626916124787782,-0.06681197495426872
d0c13675-a69,1.8316296011128528,0.026669920012174386
4b3886a0-89b,2.001231700323464,0.005258361756150798
18cae38a-79d,1.3105098438778395,-0.0025072078343960635
14a56f6e-17e,1.7153658662662583,-0.043385936418265214
b722da54-6b3,1.4752317886524438,-0.010118064772349222
f7f584de-88a,1.6655474385340505,0.012991174759672597
16ecb53e-806,1.957098770742382,0.012870213992113633
30242997-69b,1.5921063275343115,-0.013949725633173427
7ce30d10-4c5,1.5894900112011825,-0.04065334229661777
f64750ee-a5d,1.7253677039144302,-0.07008082032410368
9158c972-f07,1.4032846743037117,-0.01799086775741937
d3991d12-a58,1.3536032839564731,0.0015015470300387967
3e6885d6-d05,1.6451017585817702,-0.06153780669841069
13ed5595-5aa,1.6249777334026239,-0.03448494813786923
560cb485-2e6,1.3795640416348613,-0.05220030912951318
8097d564-d9c,1.9005589919814134,-0.03883544343621753
de1d3c59-ea1,1.431814766082878,-0.05555951122895886
2ce2564f-35c,2.077040555519684,-0.023397838855403363
c684090a-389,1.8015709756707559,-0.04423696718197906
2d42fbf9-82a,1.5757913009083617,-0.05404972017155851
9e85accc-d4f,1.380446893875682,-0.06962076090523522
5941e326-34d,1.8799282909137718,0.04195938572267521
c2c8af41-451,2.6026026425206243,0.11398350458678919
82e64044-058,1.422303835329008,-0.010640480345714631
9008c26f-df2,1.546776792222955,-0.024261344996665435
a48ec8fc-b68,1.618122614566368,-0.018201679456860076
83e3cab9-d42,1.501986424910645,0.0087937545936283
8edc0dd5-7d3,1.9737485666296188,-0.00505696105423864
236e6789-009,1.7610116080655582,-0.020414112046140465
94c68852-38b,1.4692929462272155,-0.08339809226242789
d680943e-fbb,1.7351657935578926,-0.014426731582840524
6a336a9a-1b0,1.4884324829153697,-0.013964250573432535
dad3620d-5aa,1.384678707492602,-0.018269255412605823
3396ecc1-5f6,1.3370854024338164,-0.06604952911728174
14d8a5ff-ff3,1.8306531307945422,0.0994086199246923
88025b67-15b,1.6940459500783562,-0.06822581983932613
890dbc3a-a3d,1.6494910048009352,-0.043466464772175584
821ef07e-c08,1.9033247580646209,0.010629709964549483
ff9ee1c4-496,1.5056431134236579,-0.04093434873146984
33376cc3-309,1.3301156023721805,0.004231323561701306
c0063fcd-b15,2.0960778022337885,0.09745016001239737
d868507f-ecd,1.863129018315698,0.08509086536003208
973fc097-6e2,1.3385300722363596,-0.019206761729574084
ee9c6f20-a55,1.762969369384007,0.07388203402530824
57998696-e4b,1.8138129422458873,0.048277539720835705
de425f8f-c67,1.8953412617244387,-0.01822106152046471
9d29b5c8-0a0,1.8113264726200295,0.005230099633191543
b2b3f13c-9a2,1.8332955413325034,-0.04960570801187758
4bb9174a-798,1.3550103565269214,-0.0026524274967299477
4f2c5c05-1e4,1.3704611932457746,-0.06442072593462078
67fea09f-906,1.5127750193790386,-0.07318505502019312
77ea8226-eff,1.3649100835021573,-0.04089370897311784
c95de363-4d9,1.5605138892705646,-0.06997756200853433
8ec60040-074,1.710050518761554,0.0019281393140653247
287256c0-b34,1.7998095799042413,-0.03126071075550585
7d964701-601,1.4151635170747596,-0.02098246351579358
ec1706bb-85a,1.4224581376431011,0.05878301120920215
14d88f94-c15,1.7547725772146374,-0.004311288192817286
91ba294f-b25,1.4124405067036208,-0.02214606330116564
152a2fe4-c22,2.256817621283813,0.006035739695863684
d49d9678-a80,1.4879607275860192,-0.016980979728856038
d3bab137-b61,1.7103396500348236,-0.029416587260141125
64bc109b-cc9,1.052808141466512,0.07823916947049692
37e5d9ee-5a0,1.5529579359692973,-0.05636143166038038
07738cc1-ed2,1.419602325555528,-0.011191762976351272
4eacdef0-5ef,1.3968425349347284,-0.06622942612272015
2e61d1e2-259,1.6608036563870594,-0.016851045011830768
1b1e794b-efd,1.6408156361230803,-0.06811475560102398
814403be-cf5,1.534141641289521,-0.0390382313382181
a3c13b29-5fd,1.8000999089259602,-0.038910296019123214
b762a575-88d,1.3967771627789043,-0.015137240857837186
39c5b3e7-135,1.1669585390130999,-0.04309727561869231
609cd029-e3e,0.7072561702149838,0.05919763351205798
2174d5f7-226,1.2747128576228381,-0.013408014392446821
c8fbd7e3-bd6,0.8406694564764282,0.06597593467282115
d2bcdf4f-565,1.4741115348080531,-0.024899929503521656
d20ab92c-5e1,1.3875080051712738,0.057440996995422045
fe6cbf97-95a,1.317960907034056,-0.054039936875630246
0e37a992-8fd,1.196475849220033,-0.04927829333122363
a70b6502-901,0.512912369998952,0.047257245872490916
4cbe49ce-76c,1.6358946754116808,-0.0450256928500431
c15ac84c-f86,1.3299928365842741,-0.08239542908255065
12b59e4e-626,1.0394193788720283,0.0625085426553682
6ca732f1-6ea,1.118415929186498,-0.049201575484540516
551d068a-57b,1.6491722403443851,-0.030087404717129118
8f557385-3e0,1.643745110958763,-0.02123875991892682
4701d7b8-5dc,0.27441740520824315,0.057670033610330296
6f036493-8e8,1.4820338563290234,-0.024864836347891328
0b97fed4-4a0,1.5602807380389967,-0.018787567828454477
57e3c0a0-c49,0.31614301090185415,0.026934578303079104
86095343-73f,0.5186548656019352,0.050080387064592724
8855892c-277,1.8286574918870269,-0.07942422861607551
acb539ac-e91,1.5194289844836517,-0.04549775723601657
41e12d3c-78a,1.5964077971596815,-0.01522339776226711
4270c6cd-62f,1.4931695178434077,-0.021266867614114837
c50d0ab6-fc6,0.4446492034409898,0.0369339230874397
1554c771-d06,1.181396337049072,-0.02330397937431844
89c1b894-103,0.11691028114058585,0.058906832541544496
639efcb5-d31,1.1795950821666947,-0.001272557647978123
384f2c07-842,0.15050984849651253,0.047018249702785786
52ac3ba3-955,1.6514924918699494,-0.009833065420862985
a6b6a91e-7f5,1.6129879532849136,-0.02301666393702617
a145cd09-c42,1.5543001722970153,-0.02459082838909743
9fad8c62-66e,0.6312686739264833,0.0457524604604993
cf0ce28c-f09,0.18044305589498938,0.03874093907001264
d0e3aba8-12b,0.6121251558177273,0.04409283617048554
40881a24-380,1.5302550364069696,-0.02713266359312627
9bb3bf08-690,0.4332935740810961,0.044225699814812724
04ff9e5f-4d3,1.678393060817956,-0.05781853977831458
a354c5d9-836,1.177421450769581,-0.06318427061742254
f838e035-082,1.118245432629992,-0.024985505718842005
165b6b81-a3d,0.7385423609303334,0.04088284874378234
380f6b7f-5d5,1.4128301623484294,0.1592305658003842
8c7eb78d-706,1.8225037687063437,-0.022051503598397693
a9a92bf9-ad3,1.7553551007122694,-0.008401286175007516
74c99aed-473,1.8446388150643496,-0.01957800641438112
69d8f0d5-127,1.1558615226629099,0.028718971724826847
a131e012-6da,1.4481227353778776,-0.018280484774377603
fadebea1-e95,1.1162231289278999,-0.06999658956520582
b2fda978-84c,1.9211231635594772,-0.03417027866111705
546d531c-88a,1.3011497601450914,-0.02377120156584739
c4ac4ed6-d5f,1.391365563275747,0.11148918455513679
a7bea542-2df,1.1625506315018603,-0.07909686808125854
f4419dd5-a60,2.1315377860757994,0.04566641768062474
ebd80f36-b92,1.4090654566050864,-0.07452700808185098
80b2bd58-007,1.3994267206814548,-0.021889533774370418
f736dcdd-2e0,0.5902006799310995,0.05112999853125688
85eb665a-ba9,1.834098473965639,-0.01781360043949226
8e433643-1b0,0.6993813131684314,0.034449130926409
8245f129-4ec,1.4087164537238008,-0.05200122897706144
8ac5e40a-0e3,1.8536272796469042,0.07854183545596438
8a04f2c8-3f4,1.5342288714601764,-0.0761521045625243
ebe5ea22-9da,1.339251584057581,-0.07840441494352496
efe878c1-877,1.1395084296545255,0.0755505010487324
288657c2-d6f,1.3216722275175385,0.05831641201952109
c477d4e9-9b5,1.7599113646963995,-0.04585667035881541
abaeaf34-78e,1.1515201253978764,0.048694606899848614
e21a2c03-f74,2.279207667829505,0.05413887023950248
96066fc0-c3f,0.7954378040359461,0.0549084137323298
c73a683c-ced,1.1966245944580143,-0.04833258155113901
4354a7c1-f24,1.056416054945451,0.05908218311902835
5958db6d-048,1.4344706066082242,-0.030107279661418074
aa936591-b5d,1.6634237781366554,-0.06310259383657602
d9b5de9c-1a8,1.686165913592017,-0.08339806689212337
29ce0604-d82,1.3885291412166454,-0.05419426480166761
69af937b-a19,0.9592198754028071,0.05187942838432302
06be6aa5-15a,1.2996997551249923,0.12187309776317157
0675e5d6-5f5,1.0681378526567216,-0.028415828084784545
8b8deea2-a04,1.6225239614562552,-0.07368787463292126
a23246c3-49f,1.2111984669428302,-0.06851113363970124
1dcebe8e-a8c,1.2093424822370409,-0.08492479960872973
ab478291-548,1.8238723919600988,0.07295953600498617
14dbfb6e-7bb,1.7815346482336811,0.054822722585786465
f6e05143-056,1.4045849018024064,0.032651572443663124
d308f9e0-3ba,1.3070940143263363,-0.07930703650083709
acb28982-ad7,1.527175986633952,-0.01996445636156169
c05e79e6-a60,1.398238398695899,-0.026520778210983142
261cd181-ce2,1.3826893020187019,-0.0634161796436033
a6385436-a2f,1.096399970626265,-0.03413368070692213
8639bf71-f63,1.4693236994359746,-0.024895542191312348
de3c65c0-7e9,0.45293025044202107,0.07095558832564064
fa14dfe6-cac,1.3876678092695118,-0.06458702103191516
00309b54-83a,1.6024380037433341,-0.018346871911396
f1d3370b-b20,1.0477590713963199,-0.03886189327712686
083a597c-f50,1.622138045040212,0.06009435586267253
da9eae4d-c4f,1.8457423116397491,-0.0687295379735029
d7a988fe-592,1.867976805688864,-0.054876401358334936
dc0d34ae-0e5,1.190674133843146,-0.04795097253202285
bebd71ff-e2d,0.10631608427022171,0.02423678247865213
efffac6b-f76,0.4436847923283183,0.06044600069869699
478549e0-f8d,1.4675736485532433,0.05517095723976373
e1892491-e46,1.40998100239334,-0.07451835805295864
3cf5bfe2-aa9,1.45374869624117,0.0576762911493639
2fbac124-419,1.429106875388585,-0.024994580268239086
df690a29-6c1,1.8261316009906157,0.062005583828721345
0638ec70-f0c,1.166204109114599,-0.051274007328157956
66e068a1-051,0.9697953341047596,-0.04321128851676931
f9cfb3cc-6d1,1.0711680631185325,-0.055316921258012075
c72c0f62-fe6,1.9052815504415115,0.07141203320450373
16e3a52c-854,1.5934400847139816,-0.04945797420589565
8b89b804-9dd,1.1972138081474362,-0.09547848132599956
64273065-a91,1.1369769027787007,-0.036081238446457
223659a3-840,1.1377927987809238,0.1002487178995386
2f7f1bbe-b4e,1.6306715280019408,-0.03522832940549814
92d783cd-5a3,2.096035930805772,0.05786498811259155
f31ea977-cf6,1.7514407041520728,-0.015863260072046637
7ac983f5-52b,1.4506455020415148,-0.05087051200956477
b119f1e6-57e,1.2077343478831641,-0.083987873453376
9f2641a6-90b,1.2113687288348158,-0.02850726053632302
1e41d173-34d,0.9980948881051876,0.06402393049177779
6ce2c868-7a9,1.6039742778965675,0.0753671400917344
0c22bdf2-11c,0.8171629767307511,0.11839938963336694
f8701e95-bad,1.1665298158220858,-0.033901728586526014
642f4e7d-fe4,1.4109429186339977,-0.05722834636159063
3535596d-dc2,1.6644210107287214,-0.040411143873719135
6f7ec226-905,0.9443380864300839,-0.03371043263728285
1690bcae-a8e,1.3489360918367208,0.030139363460478408
73b34838-b70,1.200932691354338,0.06873373331653265
da8079d0-705,1.4438796851820328,-0.04355657347873593
14dea883-88d,1.4065888902842767,0.07382406448888745
fb65a330-708,1.5211380671797796,-0.08681817167786138
5cfb7c0a-afe,1.4477133751386504,-0.08481311535654457
66625f08-da9,0.8745940151844794,0.10313170885360967
1f987436-9e8,1.3863364463020218,0.03227355956608935
30f81e2f-2e2,1.1579835768945927,0.026164828462168832
bd18d6af-750,0.9497686958516461,-0.058270629392696394
1913d572-99a,0.9583080748461926,-0.07300407420287802
05b35d77-76f,1.019001991365583,-0.0510364421975224
94122d3c-d01,0.9400588642716867,-0.038401578023719296
0b48d70e-27a,1.2630851195932378,0.05302634704403353
4874f008-70c,0.8833360634950224,-0.058888886623648884
d88e61fc-fe9,0.5172436199732012,0.025088692694492987
52873096-860,1.420834617030991,-0.036548071407073224
ed2cdd15-b5e,1.2671451226977029,0.029338112500030822
aea66fa8-46d,1.7633045256126518,-0.0485136958954806
6a72b9cb-4cb,1.0327334591078339,-0.03681700887912631
6d427ebd-ff7,1.461203432996525,-0.06578384236321588
966abb98-0ad,1.3249789625504473,-0.039637798045216666
2967848e-fb6,1.1460479755485904,-0.07275069723192962
f6f7f41f-7d4,1.0756692594526962,0.03395296967939343
db10e744-aa9,1.069741069939047,-0.06930082251481479
a060da9d-269,1.4167368478821407,-0.02922275015704079
3731e397-4b9,1.1744686093110168,-0.026109460838789067
3031949c-386,1.0741227405692988,-0.071146625893805
cfe2dac0-720,1.5677814420828011,0.038362192409608364
d0712a87-3b5,0.5780960775525829,0.0287557019200102
f863c1d5-af5,1.3060454631782177,-0.07606258052468357
bc0c51ff-8e4,0.929688693817352,-0.07159261490146751
854fd367-413,0.8887330719520306,-0.08325869475166386
3499121c-ffd,1.4212971898276265,-0.07300587880815285
49396fc3-cba,1.406276261884852,-0.05757504519863199
4a472e97-0f6,0.12733671121205478,0.03139980965754319
1073faa7-247,0.47634913429441117,0.03206382589214263
e5b6f00e-fe3,0.683322966169466,0.03935053293024693
3a41b710-e35,0.17483516290029405,0.0372483976405974
86a6e8fd-7ba,0.5514282043473376,0.030947552839504677
46277499-a7a,2.150316732302349,0.04523537994998528
41001331-e13,1.0899221272821398,0.05245684143688667
c244c985-4c1,0.3508573926325642,0.027527728337973678
1f1a31fe-d19,0.8730830364462764,-0.08749617287990147
a5fc02f6-32c,1.6631910770475926,-0.0737639995601565
f9a270a0-164,0.7720345763341216,0.01436530978675743
ade7298f-b91,0.8038792468623619,0.06656195476764193
ec801fb0-dfd,0.5117882568799788,0.037455587888977626
4d56f36b-129,1.218589172680277,-0.048512353829589516
821c645f-4f3,1.2481474979663276,0.0198736200071864
30751e39-fd2,0.6173856566986745,0.037920295092557676
8f2b8331-e5d,1.5075468326899681,-0.05796603197844946
029b3053-9e8,0.9092498250267478,-0.075923700925691
e761d40c-b9f,1.2896967501422414,0.03130265890899919
6ab6ca9d-ef7,1.2138881398989363,-0.08457718980427265
67c6d068-05c,1.4415220836263418,-0.08154939115958998
25d6f383-f38,1.5131979523417818,-0.020497705880086203
2325fe8c-79d,1.2261832799210026,0.03502661038416888
31fb63a6-eaf,2.436117851769207,0.12412845651132598
43036855-a8d,1.015610642847309,-0.04897005398045329
715d11f9-835,1.235544812552181,-0.03514775423358463
63c3d3e0-89f,1.2910383151582583,0.04370735784059687
a0203810-ba0,1.0881421198717665,-0.04040247048657064
bc2f6e3c-935,0.9045686874311493,-0.039611727531911056
6c309b2a-c42,1.48791942343051,-0.03264012859759258
5dfb3d27-0bc,1.180006240895587,-0.02344734402056098
01445138-a8a,1.0523550467495155,-0.06500992838567693
e4a388ad-c21,1.5268045166979016,-0.016739401575754265
dff0bd2d-0d9,1.583530918274921,-0.016116938714895834
6bbf517b-d4c,1.616229771681891,-0.007123862643056977
ff6315d2-7ba,1.5273266493766666,-0.07545871158177014
446d7367-5a8,1.3782099972816448,-0.0292676414497412
4460daff-03d,1.6890927037427077,-0.01898408536595575
c923b50c-9e5,1.9901120120824929,0.07491302926693866
b5c37545-e61,1.6978102547474496,0.05201139300828839
91e442c6-254,1.601500765259872,-0.012982698993173336
3e7b66bd-ff5,1.3719883593686797,-0.056365298210878934
c2361780-382,0.9157248649737268,-0.09177913603362209
ef24b2e1-2e3,0.8575574213191146,-0.025272454270407085
f72a81c3-2e4,1.2428447784328416,-0.05725847921625149
d7e20a5b-7c8,0.871701596032468,-0.022332320165462993
406542f3-229,1.572688531521731,-0.004818170789706533
5eab667e-e69,1.0690466995041479,-0.04733005030327575
aed8f256-29c,0.9354859519358971,-0.08231083563487401
cb6f8c30-1f9,0.9408538043764956,-0.051297829229934866
3a923b12-13c,1.1682279444579569,-0.026846538782457907
1fd5af23-fc6,0.7982546851527507,-0.06288787492263126
7178b396-574,0.944573485788786,-0.04685700976478807
dfd0d325-ab9,0.9695954778106631,-0.052078488557566804
be4763c6-4fc,1.1996855718656296,-0.08801626907504961
e4da15f3-b3f,0.7675205102536692,-0.042099187916355085
ecef181a-8b7,1.0931758882761606,-0.07938300814020804
92cb2a54-304,1.1457791787076714,-0.07226096612484584
cf4df0b5-154,1.0530713559978786,-0.0590157419573083
720483ad-7ce,0.9580810355828293,-0.04154587441296326
641ba111-c6a,1.6224199938796,-0.05343653277239413
500b9ba0-572,0.962967960831576,-0.06128525572678606
f9e8ec90-0ff,0.7244113458494409,-0.052933702641793645
55cc907b-451,1.2913698671187186,-0.017152512955776467
af1864fc-22f,1.1612261172590244,-0.03591857217393368
a65aee5f-876,0.9042801286689004,-0.08510198406206188
020a951a-05c,0.9288776016257255,-0.04996748632097697
86bbb3be-728,1.219956574077939,-0.08940361664866747
c43ea9fc-c17,1.0965398858234598,-0.06253658959635877
5d3f0d1d-601,0.892454972170752,-0.10547869262111026
2712db67-684,0.9807022162295338,-0.08255125814843056
6080847a-251,0.8068158084900073,-0.09944104245031554
b85659a8-082,1.165623903410033,-0.04827281950735118
c0bea70f-064,1.523790001800397,-0.041356890643148514
8b292dae-206,0.724235599144042,-0.10554672681186117
a94df915-377,1.7485628886750668,0.005926251600192778
7a108b84-23a,0.8424267957931375,-0.07314399187098458
68d846dd-d30,0.9232331540908982,-0.05233488306490569
479b460e-55e,0.922235870788448,-0.05656251314566141
12df637e-b81,0.71063426519722,-0.04313235666970555
a1357d44-197,0.812548778007308,-0.09531848626638251
3413b80c-955,1.6038483929576026,-0.031163655273655333
f25daf34-abb,0.7700081987543115,-0.10436257888005412
863a4523-0fa,1.2231094023882623,-0.04859882695169193
6245692c-64a,1.2643390463474735,-0.07472704246120848
4c46f130-bf7,1.36741551421003,-0.0748810302248622
041b631d-df7,1.2080535671634918,-0.10054364598386062
2cc3fb0d-895,2.9478793241239765,0.07662686221482018
6efd9b37-104,1.008121378263427,-0.06675809335221344
f74bcd84-3f5,0.6029285997193976,-0.10447274817115204
16131551-8c5,0.6332867992542609,-0.05464082707353701
8ed0e3f3-902,0.7046707622343631,-0.0973091893774673
6b4b8ed1-349,1.1423986084680942,-0.053392714571872724
9bdacdaa-963,1.498209699654829,-0.09378894937235166
50948894-fc2,1.1026843289311103,-0.08931846764497203
1bcfce76-85e,1.1847789371939588,-0.04632407883535006
86588beb-58c,0.6429417403780694,-0.0591320587778732
2cce300f-f99,0.6572447918359916,-0.09654142047129505
fc2993dd-ad5,1.5153133666599374,-0.059919711847391754
d6fcd7c6-86b,0.9078769693665183,-0.05694778029541858
cbe10db3-d36,1.0415706125098152,-0.057685624057109364
69023623-acc,0.9073303571303024,-0.050034898565546215
5e6eeaeb-4f2,0.7181069758901033,-0.049372422267371485
27c04db0-770,0.868400506366506,-0.09594456712002075
2a59f71b-976,1.2269617219108047,-0.07498305500349361
868a851d-96d,1.2188252309457681,-0.06613117409952884
1f2756f2-b3a,1.1131615807104667,-0.066115914983778
06d47c51-41c,0.8864265108657619,-0.053350833006225507
58071b91-f71,0.6947445274937939,-0.05236984697862179
e0eee062-1cd,1.1718946028107249,-0.06282612797342796
0a4cfe71-e9f,1.223191484585985,-0.04952702000150544
ea8aef85-1d3,0.6785462634370569,-0.04736531261206073
7a7dfdaa-ae4,0.7600896065483741,-0.04482490721845522
9b5c6c3b-5a3,0.7141769008687231,-0.07912794746311419
272f59eb-f88,0.45121175687037707,-0.028064011762110264
b714672e-9ab,1.9898282916048378,-0.023477853296185736
450a34bc-4f7,0.6656378377400608,-0.06562619311330153
4cf18190-421,1.2237937498101268,-0.06134788418342496
86b573bf-7b9,0.7286365654111187,0.012195098895964707
c259e5a0-0b7,0.8955596480270529,-0.09855965314194276
83dfe0eb-a25,0.7845163804764974,-0.05398058353950319
4ff150a4-44f,0.780309967829269,-0.06474242603486252
3629680a-1b6,1.4453352004646876,-0.02302979866229582
3dcd944f-4c9,0.5289871052204209,-0.024151714460349305
c4fd3600-166,0.9117338931387177,-0.05565327908278794
c1795fb9-f74,1.3657695101592702,0.04068386760952625
7d988750-b4e,0.5268081322249493,-0.0704363615034096
1fa7f8bb-d93,0.5146262112419894,-0.05475297782842281
fb60c57a-a8f,0.9461488848958564,-0.0433195240724043
7f1fd0b8-17d,0.15815891288273662,-0.03702541128553671
b886cfbf-dd5,1.9940171789131047,0.027160563076267796
bb1605a6-800,0.29934566274038693,0.03838251001855031
d701d4c2-92f,0.5417061229789878,-0.05504462530302795
1f73c716-2fd,0.8059199423254324,-0.07096026620188123
2b9dc906-992,0.8368134220130123,0.017471905087648287
998dd709-cb6,0.6152974654343256,-0.07116222090044133
db79d0a2-996,1.0992591349121394,-0.0959376116931333
5057bc7b-842,0.563386512165152,-0.0518507862756713
882f2183-840,0.9875985297039915,-0.05562953528073772
8e0241ba-674,1.1059949422043591,-0.10317340333366087
bda40289-abd,0.5063936168523455,-0.049843411958823025
6b8302ca-566,0.8600021283790322,-0.10179669811549114
227e7fc7-32d,0.5470767620874977,-0.0736065146962156
b22df061-008,1.0091985755122033,-0.04132999450206287
0b83112f-b02,0.7025157564335439,-0.056916802658115107
e93ebe84-62c,1.1781571907715414,-0.038341444919763434
25a4894e-bbc,0.652913066349594,-0.08388110722249015
124eba26-e15,0.5676637188775723,-0.05586873665269232
d9e324c9-de7,0.68762959454892,-0.08723035977072147
edbc32ee-942,1.5605648349745045,-0.04155190340887699
8cfdb7f2-10f,0.36965657820729836,-0.018991388951898336
aea9567a-264,0.64306078052293,-0.08403392276248078
06057347-61d,0.5882719412155013,-0.10210493272045584
aea61ddb-38f,0.8891459566236526,-0.09148411488347002
260b7934-b97,0.7017570047527393,-0.06688798464011808
71eb1e04-15b,0.8038674672852242,-0.0713703198121508
d682ac80-4cc,2.0996488058156344,0.05913877814210933
c202629f-510,1.1005093953269518,-0.0858069544746019
90c5b279-bcf,1.2252685608416827,-0.037114893269410254
3c598bd2-907,1.0973240752726006,-0.07596774163154701
147862ac-144,0.698677934987012,-0.044411635702036434
1a6a437f-f71,0.7026510295247989,-0.08216572249585641
de916d5c-190,0.5507688395079223,-0.06068075480571633
7c393873-5d2,0.7321643614281461,-0.10222123084537366
272c93f7-a00,0.643237015860888,-0.05005042856113329
54b9b97b-810,0.4459134632150173,-0.07868452218908001
cf16f8c4-ee8,0.6513190732888219,-0.06094179429611235
2ef65768-255,1.0390485953492883,-0.029768504697529286
dc86e9ce-1d6,1.099010496019174,-0.025015708646164092
e4401268-6d1,0.8143278363011651,-0.09896767202797724
be7278bd-40f,0.8862423405946878,-0.019889197618435994
44327023-5c5,0.5351726312176076,-0.062108874340055964
07ffab1d-0be,0.7283657770715163,-0.07327705692285436
3b391cff-3ed,0.4418113420951093,-0.06221245768246508
b29c95e0-4fd,0.42516517365283546,-0.04927608193060984
b2a22687-789,0.9433005368582066,-0.08329479035458531
80894933-aa0,0.7449150034926433,-0.0812054335081327
8cc19569-342,1.2418088035511308,-0.06722982606319322
e117aa28-f26,0.6725672035278707,-0.06660524409878954
18602a04-6d8,0.5611234345431387,-0.07112881127374981
f3bdb1f5-93f,1.5102158218905277,-0.03092905296764542
fc30cb25-9d9,1.7672255986335026,0.03194791086075488
f8688952-c53,1.5123849426669151,0.004896498039864694
b7cbf0b0-a68,0.8741203722088868,-0.041520082819458404
cc3e5fb1-8e7,0.868891811135805,-0.04750071098653963
11b9518d-337,2.618430261255879,0.03116703243754626
af7e9263-306,0.8569314827049287,-0.0974928123895415
789ae8b6-db0,0.3869362460829026,-0.10918805763861422
417d7072-1be,0.3826434129959912,-0.10852953492024947
fd7fec20-b80,0.87952207144848,-0.029690802161757734
99c23a80-37b,0.39678513759068856,-0.0529240778639708
7e4e2816-5a5,0.6468263322808445,-0.05412364705390743
b26b74e9-852,0.4566182910425598,-0.0494138652832814
dbf2cc92-b89,0.4202009135738947,-0.07998794039217244
6094396f-872,0.5241722777515226,-0.05454049262188965
ba4b1be6-572,0.5508157452486578,-0.05499027569725695
f95e4f75-a88,4.880363951116393,0.053957178817261586
97aac3cd-0d7,0.9846028450531047,-0.09933981383110863
68c08f45-3af,0.9059685264418544,-0.0403568864151293
1349e302-0e0,1.0219639886157257,-0.09785232575856939
f2e2066a-e8f,0.8153586973101753,-0.04789374642154354
7359e24f-3c7,0.8884637007972466,-0.10558575906642165
c5b79eb7-320,0.608937544266154,-0.08848326881999924
91cb6c86-3b4,1.5152970347600823,-0.03541877691836287
0260762d-5d1,0.33429805232034326,0.06301152506659435
ee5e5923-bee,0.3867282730326174,-0.07716000981126225
8616f12d-eb5,0.44485690646391957,-0.06400578163686549
a146091b-fea,1.0236072624588581,-0.08011848447426767
2ce8b40a-d2b,0.5410812669956572,-0.056121886336813365
6b6aec53-0fd,0.8298193058726235,-0.03278617064680539
2132c7d3-d14,0.4072095477182125,-0.051833469422900236
342fc77d-dbd,0.522609529127733,-0.09077700754514273
e45f4464-505,0.5717261230387098,-0.05033462256774707
09ca454b-7af,0.7018321437922965,-0.09978390658505149
c2e5acd9-1d6,0.8141724213196354,0.054459724313841384
391ae0c0-b18,0.4581458668776375,-0.07116677452560738
6516bb50-f7d,0.7850944895735915,-0.11146687429565927
3965dbe7-258,0.5793690613086513,-0.04952046753484929
44c1384c-638,1.0783256770244725,-0.03960948708774137
afc8bc9c-977,0.811170215906882,-0.03388867582623051
0afdd3fb-bd9,0.404664338823319,-0.029060759566237604
aee87d6c-85e,0.33365640895996546,-0.0933725797791829
f7daccdf-6bc,0.4927734381208486,-0.07292735163365138
cbc9c2b3-438,1.523775836808028,0.02795148347635157
e16b188f-3ec,0.4298420827612054,-0.09295699717476608
39ab1def-c47,0.5455019960760474,-0.05119622254714501
b01dc0fb-abc,0.7786853931466089,-0.05290238963912597
640b9e43-982,1.369351925080059,-0.02610128334196965
d5d13115-b20,1.2264441102181116,-0.024533910623681154
c2c12294-e47,1.0337821635530582,-0.09386090400153418
d06984cc-247,0.28857086792655745,-0.09185361148687587
21d7ef4e-cda,0.7209013767633756,-0.08045740885924452
ecb1a5e4-9dc,0.46723528728728536,-0.060686085352113894
724b024f-19f,0.9081205366839643,0.005283359050495706
0cd706a5-82c,0.9610878516230731,-0.021032842971063948
7d49e402-3bf,0.4402208919963427,-0.06341059846164998
7e3654d5-bd6,0.7549594375491842,-0.033700983887483826
c78a6210-a58,1.798781235753999,0.02520217584068296
c23be0e4-07a,0.6011998387564453,-0.07363679157099329
18f2b365-07b,0.9081307999548881,-0.04885626598556331
7537a974-c21,0.49549760967997275,-0.08502559481171901
8d4319ec-0ed,1.0636782253985266,-0.06778777124242574
f4473644-bf8,2.0205038224295517,-0.016632302553974188
09c094ee-93d,0.38818472744842847,-0.09010894869144054
42017dc5-1b4,0.41982073327848657,-0.055772518508955704
b1c5a53b-f19,1.4765582434724505,0.07784513011265404
2e0c7a5e-e1e,0.7981009576264726,-0.10211125332203352
6774c532-6c1,0.8732120629414462,-0.07667115097432459
988646f3-4ed,0.6181574208830818,-0.08249457996440063
4e5b1720-a9a,0.2338302594731484,-0.060020259064700265
a3e2748e-944,0.31324408939929005,-0.10719768391047763
23e6aeaa-aa0,1.018906866744337,-0.0050961739621749325
05253650-89e,1.6118527546873112,-0.029207019505972598
7663f442-efd,0.8705393541930886,-0.007998570074395861
b4f9f0fd-bb5,0.5239502028512757,-0.05330754356859013
3101f441-986,0.5201474181776877,-0.09773835320364527
d3839241-f83,0.4535001977184478,-0.05743409701722324
8d6c8f51-888,0.46856442346871463,-0.08977541596375849
f3eaf317-abf,0.4075907302099476,-0.04987630402561688
3b33af05-fae,0.539037836478893,-0.05826114106520497
19c91c6b-a98,0.3742714975722441,-0.08331445596093495
e7bba290-102,1.3517024063360368,-0.04236448065048887
fcf89313-d1e,0.44519060251137355,-0.09754939129082596
fc25d169-fdb,1.0837894518181126,-0.03304429320023283
e42f1748-669,1.5695394758848922,0.05974831705340056
30d5a6ed-a81,1.3405626926237573,-0.04258739287406238
8ed46872-300,0.7045591399678391,-0.09384948478332139
caf43338-4b7,0.5370526057152478,-0.07653618729372541
e147a24c-76f,0.645949591770685,-0.04270515567760941
f0a067ce-d25,1.2196018202439771,-0.08381472029049558
59c9feae-c56,0.6755748327324828,-0.10033443260990055
61645f69-3d8,0.8827535971291497,-0.04798815956247171
0809d102-673,0.30042838245524206,-0.10449797084052087
be3c2b24-888,0.6579292123610998,-0.06181900739517915
b4f8989a-bfa,1.9403161718966888,0.04879073812401169
1925a6e6-593,1.441601208585654,0.12038744355216846
a2004b26-a40,0.40760708218487085,-0.06250847488105177
271b00d0-096,0.47038626676304696,-0.05731910705609339
df768d1b-fc7,0.31511867993786,-0.08726695280327368
f881558d-27a,0.6172938586066283,-0.05629144294971944
401f8d69-ab7,0.411200797878122,-0.09551971634320922
c9c89b13-8d1,0.23509506517138623,-0.0998995759050108
9e82c978-70d,0.32403769153587975,-0.052327565952691
2b1ccc84-683,2.416426812980161,0.09004102275563641
daa03dd2-ea8,0.7985948257178669,-0.06527725106948945
a62f4c8c-437,2.2454899341867005,0.08461261579038837
641b586c-7dc,1.5143576093162907,-0.04129765433880023
12e7cdb8-043,0.5080954120979666,-0.09586764147913313
d975402b-e5d,0.293369598708853,-0.09156513136316108
013f98cd-831,0.9426301855126569,-0.07577161476614974
b943a085-374,0.6854132940751703,-0.04621172893959513
668643cb-8f0,0.21670936931264,-0.04707359604538558
ecfb4443-15d,0.19984749655159922,-0.06528004044824792
ec5fa348-547,0.5076922168438204,-0.10076261973299994
b9496b40-a9c,0.3480687081048143,-0.09204863619566422
0576fbcb-3d3,0.20894856070339446,-0.05235110781046698
68a57984-455,0.812034268055685,-0.09400556442976471
663b1932-b6f,0.39066667231696306,-0.06219573978802062
566bc912-3ec,0.3587156269062546,-0.10205511578961396
d9b764d9-635,1.1418888441852668,0.03969868017726841
53e852e8-a6f,1.8040485388039036,0.02222431779047962
1189fd91-e24,0.2566816553187389,-0.05564232214936898
f395a0ac-ff5,0.4345111059686929,0.02037743410559656
7d5360f4-728,0.3905822980657697,-0.06029799466710095
d36d050c-0ff,0.8069108164183364,0.0636205623782834
8d4cf7fe-f4d,0.40725353899694333,-0.09489860713657344
f73376eb-94a,0.7646678181160155,-0.1004730077688421
81e769b4-776,0.22315217600428583,-0.05924392302454651
10bb1c76-343,0.21781146623689684,-0.09077584612879269
fe89bbad-ffb,0.7373517827027776,-0.0325434669424306
918ad078-b8e,0.16680278214325778,-0.09282635735741784
cf830551-01b,0.2445089160916908,-0.058166553875938
11984556-a93,0.8836613960044961,-0.048215366790611336
347d75cf-382,1.2155074554412426,-0.03022777135221877
f0cf994a-3bd,0.18032279297384374,-0.1031849687139686
1f606f90-c50,1.4966392744845807,-0.004684889695307282
cc04b8e2-da6,0.6004735431068209,-0.10080263920270299
279e8941-fde,0.19534298982793913,-0.05434110379717488
848871d8-d73,0.6818963851400951,-0.03580925014187847
433a1be9-d00,0.34529576138556817,-0.04856331425511967
c50ca628-7bc,0.20450208409296447,-0.04364141355743345
82a5fcf6-d70,0.6697428097217059,-0.06568783887121393
f9f9089a-a65,0.829442102432403,0.027507340541395364
aa715006-0ad,0.34923498959899246,-0.09752234202437399
f99e867b-79e,0.20614366989802152,-0.09964742225446632
980cd460-609,0.8587029103273192,-0.04444183527947487
8d72a6e6-aef,0.3422867551369955,-0.05816152508726119
3282e365-593,0.276461152469392,-0.05101907012691659
8e8b92e1-a59,0.23426036117013344,-0.09513260913435084
1f7c40cd-005,1.0893219620714578,0.05568988513452844
be509c0e-786,0.5276022135871696,-0.03704252546792797
1fcd92cf-2d9,1.1009162063841504,0.027482469908320373
077b58f3-517,0.10196982879500338,-0.05345222318388376
78682c31-2ec,0.7671168060546327,-0.07760421558869834
72247740-913,0.10166334854068207,-0.04770276461175299
55fa5689-c0e,0.2679858199832852,0.0029128393330344338
6c03c3fa-c0e,0.629379648019336,-0.04056704689552909
297d25f1-38c,0.10885297549067381,-0.10555310188451095
b1029f88-e21,0.4230878065587933,-0.09925189273359947
251c70f4-209,1.571458886280172,0.04598954585596249
b0a85134-8bc,0.33604248980915863,-0.05149591158969197
9007a7e8-d74,0.837455029648763,-0.03846456201661147
44ec6712-978,0.6153966502692594,-0.025716732409272025
d1064826-1ad,1.970397682123614,0.059085074606646804
4845bfdf-7ce,0.8222917635241657,-0.051869756726327376
4bc4dc57-eb5,1.8263249605393548,0.006948014183270734
6c71a8ce-687,0.7751819615712654,-0.03616861965265772
4e1877d6-afe,0.9475280198596406,-0.02602087102243983
b10e8941-3b4,1.1365403583225548,-0.034145541473140306
31fcc723-5c6,0.6257183454501057,-0.0623551399619276
5b749cb3-f88,0.6886567732146534,-0.09212180052626567
363389cd-0ad,1.033633089524845,-0.028403937682068114
07c83969-d98,0.2457694394377652,-0.0934149416084964
ec4a5d7c-bdd,0.1178957133858086,-0.04931077851927251
e7b0b91a-d9e,0.6300785102375015,0.004356230026180574
44333dbb-193,1.7717529190899937,0.02293205122222497
d9be44c0-f1d,0.7069500817177523,-0.04556087348389304
e3aa576b-2ad,0.2222372176646544,-0.07447351214075082
4452d19f-209,0.737129953856689,0.027646850881716256
e3683fad-409,0.534352136821283,-0.012975729055075547
19a12cd7-70f,0.2976523906778917,-0.1081501120219645
a9996dfc-4f9,0.844301558524869,-0.041191823503209934
08fdf0f5-211,0.0894222407662229,-0.04460182822671643
8a85b35a-300,0.6075264377687476,-0.04087724415939026
a154bc6e-968,0.7497991699449175,-0.003808396144241555
b92c680c-a1e,0.1554481618010609,-0.0697331744566867
f4c1ebd7-3ba,1.1724422589945935,0.06854383032288636
2afe763c-d00,1.582656398966795,-0.0015949993249932959
d5bf6986-ed2,0.4937084650340861,-0.04979018602447699
9c885c78-d61,0.31722737414768665,-0.07014094474108973
37c4f996-2f0,0.3931188441240325,-0.09586265789656684
84633f2d-8cc,0.019298679114740886,-0.07722206132942849
bec54bd0-903,1.077286231044071,-0.015308914620536684
abf19507-1ec,0.7638272599390292,-0.08895638254729271
3dcc29d0-662,0.22731729700260184,-0.0827070733454438
c59b8804-429,0.7495463795679513,-0.05838364437739396
e7aaa123-04f,1.1184001875341867,-0.0797774806979289
d30f26e0-90c,0.7061715388171532,0.06898321324622958
88da8f1a-b0e,1.5436718762911954,0.030168803044932302
3f212e22-6d0,0.8795586453895512,-0.056009243032380196
00950aea-e90,0.19778221820245945,-0.07039498530530924
60d84c10-28a,5.511426364479145,0.0632297194689464
16fb4dc8-50a,0.8289081005884105,-0.0718302820019166
f4cf6a0e-96c,0.15366192893352656,-0.07766293862549029
f9f0e118-bb7,0.21453866434464522,-0.0824935981220507
c1aea85e-f69,1.3772818109185887,-0.02151608721457332
e09badf1-5f9,0.21321216364446444,-0.06283077676472887
44fd2b20-12b,1.0628521903254655,-0.05253400196042474
dff3ae3a-c65,0.7825925169805026,-0.07407680165010072
6be1a97c-662,1.2594118370472267,0.05390678681964334
d526489a-dce,1.590828913372899,0.02134578260953246
76cb0ec9-e74,1.7034474395619754,-0.015469517442915304
f2ccbbf3-9a4,1.0098622482018778,0.030837090582484294
341a7565-cb6,0.47486272980394245,-0.08158053098722473
66579163-9ed,0.38988647720617897,0.0029641186434224975
5b0acebf-02b,1.0183156528023514,-0.05304227371110237
e7ee132d-adb,0.4833114427063303,-0.11348166838768975
24a983ed-5c2,0.6928399967519757,-0.11366924020480862
ede35e98-68c,0.5095183099409223,0.03789734306320003
0d3204a0-86d,0.3053281791687044,-0.06835541773136178
1aef1fd7-811,1.3687073135712708,-0.017736527272880387
03086e14-459,0.5480045984803487,-0.11311346862839655
854e65b1-051,0.1026180264307426,-0.06783352907381479
503933f3-350,0.43287529933502755,-0.09644672454580755
340e9b90-6df,0.4152775084843112,-0.052589709212961466
0c7f8732-94a,0.6523708330482265,-0.03912182697510991
67965820-110,1.310730275718724,0.02811434982058425
bc539709-eba,0.5650314004583408,-0.06256962684390988
4a12f914-b80,0.2177519425399706,-0.05668311787320962
f7f6faf6-6f8,1.1149817767556116,-0.04429465587347614
6e7d20e2-143,0.5011831627829704,0.028995754931697038
0cbb5e7b-72a,0.5383161564530253,-0.11385413874473954
44efdcd3-fdd,0.6774792912473571,-0.10200586522616645
18117f11-0d6,0.9081198912252472,-0.04246556519636979
560d2d6e-0fc,0.31426029044391884,-0.08878215690520264
ce2f7110-827,1.1709672077573796,-0.041856876911907814
95ca5d0d-cdc,0.623566722478802,-0.05277796732077783
e03ced47-a7e,1.3813562175833969,-0.01248883843108145
04c534f8-aaa,1.023570784867844,0.027277251231197508
10db7044-a3d,0.3014614743694928,-0.08749750131313233
b9c593eb-524,1.1408163960447877,0.04983986171346522
f518a85f-5ea,0.9579352940655413,-0.042679632729630546
2e80513b-27d,0.4859095722255486,-0.0645785555930764
4e592f4d-11f,0.7092589247525973,-0.06646770672102242
38f50cc6-1b1,0.41719765693448885,-0.06833352344742688
3f2e6594-474,1.904463863771881,-0.005037444500739174
6fb7fa48-754,0.5856349168542463,0.01916968091585003
026b1c71-4e0,1.1695080166402985,0.032715501459363194
ff284c01-ed3,0.8409794067616578,0.030489803535160842
71178d8e-6f4,0.5774923396752066,0.007036267653073414
14ffdc1b-ad7,0.650458585034428,0.04482312011970391
808cc94f-18b,0.8641537690743114,-0.07195204245476872
ae157d7f-e3e,0.7805993143971122,-0.006845471057017327
896d1d5a-bae,0.7799091664059461,-0.03400391799037317
56cd5c0e-32a,0.6319878594244431,0.0620031174280663
b7c7648b-833,1.1004571631771134,0.05084555180577055
6afa1667-cb0,0.6389884465263268,-0.06177415817082604
07736ec1-42d,0.7790884081805691,-0.060373607692918996
4045b242-75b,0.14666446377351092,-0.04152876081084883
80f525d5-a42,2.4840697428729444,-0.012953276584494189
a4908b63-209,0.3159950673838935,-0.06288972667348669
e2878565-721,0.4950514417859572,-0.10692148242895783
6f587669-a10,0.4113901665656388,-0.06303296826447863
e20bb7dc-e4b,0.37488354034350335,0.013206378781699835
53371a0d-c94,0.7403713003013064,0.09426131776342217
ecdd241d-33a,0.8651477468241437,-0.038482126423678265
aa4c9ace-10a,0.7530301359204113,-0.05551630209950048
e440b8d3-c43,0.38170945067857687,-0.08770070950202458
d609eca8-9dc,1.1843939827217542,0.014945626889455665
f50f05cb-9dd,0.15408313741098426,-0.07501591565759869
6fdc359e-685,1.5377267344023138,-0.03722414271497282
ff2a79f9-216,0.16582472528062495,-0.06177844655540843
b865fa33-4fa,0.861297424267437,-0.03302159193504506
bc4b1bbf-425,0.40388109617865264,-0.09396878196496083
01f5ae2a-27e,1.783083964008359,0.0138537656399772
3b8a97c2-099,0.15536197045072292,-0.05732635048041507
2c9b0848-3f0,2.5250933201589643,0.055312854006047685
715585c7-ed9,0.7695304547587843,-0.03280722972612632
b9481b7c-261,0.3428726222242699,-0.10065495974159588
75517c5c-50e,0.4651772046487025,-0.09655681546950268
74d76f9f-242,1.016602541782933,0.02196323175171022
2c2f008a-128,1.0099447661670329,-0.00834138743351348
bcec4dc8-fb7,1.974787456855966,0.08665596354330052
a09dfde8-f1d,0.18701473570874672,-0.033589922045906606
f292b488-d3c,0.4199296716919794,-0.07638337141222379
a3711e13-bea,0.5291436452973991,-0.06738861929450296
6a8266a2-1cd,0.4737381838341097,0.01669915335426253
11bcff8f-953,0.7809775819286983,-0.040217241332499376
695ff659-68c,0.19619275361372063,-0.0992409398546677
05fa23e7-e21,1.047721290917453,-0.0010257231553943424
a06e13f3-3b1,0.7881321188128646,-0.08307619308036629
03f4e711-27b,0.2731833657673357,0.03328738657531105
2554b1af-f8e,1.3060686001717765,-0.032492391264881515
c5e35cc5-01e,0.934138319214745,-0.03936951995641158
0f508366-f27,0.5303326528148625,-0.07770819684453673
96eb840a-3ec,2.196518039555274,0.009876668238916753
306e837b-875,0.6608741766234386,-0.017115694686918925
e8c27282-40a,0.3077515074752406,-0.08525619764016346
dc61a054-5db,0.7807097648448045,0.021300117529203244
5949660a-5ab,0.4891989601342973,-0.09302062314856646
4c2cb050-294,0.6230743870534159,-0.045542391082959544
ae453bc8-6a6,1.247702612075443,-0.024243351855669837
dccfa81b-dc1,0.9034111162659508,0.01585356849081021
a473de48-337,0.6867304940946772,-0.048044788446458875
8a5831ba-48b,0.6239854413362815,0.014965153483942895
1723151e-aff,0.7369453563782491,-0.0867166564416037
b233499d-f05,1.07247592348318,-0.007735686779295647
a8059404-4c2,0.5478382205368757,-0.03227157473271397
c6b254ca-648,0.8965077179274307,0.013016363833066369
ada9b70e-52b,0.9035580882830124,0.04900592000700055
8986434d-28e,0.9751786722144014,0.023307151586074104
3ae20354-0e6,0.46323594890867453,0.04077991534998937
fb6c44d0-253,0.2285752721567892,-0.06908074945245996
efe8c114-918,0.5836092639393835,-0.08767541424056602
8112163c-df6,0.9048071616758235,-0.0033657195809368434
90d8b29f-cec,1.5542726298440617,0.07817206728040416
9d0c3fb2-2f8,0.571617265678812,-0.05320257355498326
c01718a1-72a,0.21802417716960637,-0.04816492145986628
9729b248-f93,0.7700446296453269,-0.031220558175372726
01fa2f6a-131,0.7299583702713164,-0.07198224875413778
70205e58-6cd,0.49810547142868844,-0.04674579356430092
4e88c14f-889,0.9731304886317014,-0.056580963184422794
413e9990-282,0.7087054993333504,-0.05249471419932561
126150c8-535,0.5800582448094668,-0.11081495641591338
47273d8a-ea2,0.6080295709682568,0.04761988799426975
6683c751-174,0.5039524983140727,-0.0782895912474274
00eaaed6-0fb,0.6329606610945795,-0.06537807087391717
dafe4ed3-cf8,0.37271917407085303,0.010340384298675898
71fb5660-735,2.141800824854248,0.057894574830211765
41aa27f5-347,0.5981614851006651,-0.0092000293169619
d5b5fed9-0b9,0.6972221725012773,-0.11485023006159095
87cbb9bb-70e,0.6990672913960295,-0.10155114299219165
d2f90c56-5b1,1.060876356968284,-0.014244302520807828
ba6e6258-4cc,0.9051766354495772,-0.03262900715496314
89a482c7-027,0.6500458537218861,-0.10799748606088355
cb4e3a95-11e,1.2375879817906748,0.023466904309675907
48882458-144,0.8699077777900156,0.01670115074033851
73524e20-3b1,1.0401528356030247,0.028291415303948075
87b66755-2a4,0.5298566012415108,-0.024383563578197653
9007eeac-367,0.5369306007321486,-0.10653610216839354
94658a9c-8d2,0.1600256665787748,0.06848381784228053
46eeb7f3-a57,1.0777107563213382,-0.05442162776397069
d17060b2-c8a,0.78363647807629,-0.11750143107059524
d5c9b18f-0d7,0.7899574859868934,0.02864759134128947
72132137-e52,0.3898853152941827,-0.06690184348069034
796fe1b1-5b6,0.7524438606964028,-0.03360770697275706
fbae90fe-8fb,0.8557715616064129,-0.01752245752682252
e36c411a-ca2,0.5068227444472218,-0.10073099031483784
caee9cb5-612,0.3519466019561375,-0.07587380478709005
99164fc5-739,0.2696058484775284,-0.0376227428954653
ff4a1c43-466,0.4103996594366023,-0.07722287321491428
8851efc1-384,0.9983756934158082,-0.05474900587680226
cffa8fd8-340,0.4506088275541225,-0.09595736288419704
7f611772-d6a,1.0447300967162405,0.02279453419763433
383bc44e-a1c,7.667685245713586,0.08591997642126936
ee1dde07-483,0.38104399400396527,-0.05666033915129298
cf881122-f05,1.0928863323052,0.026509737555218904
b134eb80-90b,0.2702417558136985,-0.03156417594637467
74f97df9-8ae,0.631215488143899,-0.04304116223938592
ca6b04e8-154,0.8997226934242266,-0.03657992309103025
f7a1ad84-9c8,5.736132696055034,0.04874776762553934
a590ef4a-524,2.0587767444580534,0.045298804776412016
29653ff7-9d6,1.2090965295404932,-0.07298395696501436
ee33b721-3c7,1.509120779861103,-0.01559702831573817
5251482d-01e,0.6567596710345527,0.025235691605922983
3d61d00f-1c5,0.8064589485541623,-0.1028209085933009
7163e21c-29f,1.0004193067864122,-0.08594379819619946
3dc97531-591,0.420668193386449,-0.05821130969969762
742dcf05-622,0.6932122789926083,0.027429535203697508
b13751b4-21a,0.4399329249368791,-0.03796666702360191
41d4fa06-2ca,0.8970881495145488,-0.004136728596660699
e03d9410-cf1,1.117406641405743,-0.04296191676450084
12d5ca90-9b0,1.472249322677057,-0.018528380827720903
8eebae4d-9d4,0.6093771138191009,-0.08057129372299143
adce2e98-306,0.4620167746050533,-0.09244793366133935
e82c82ce-1f9,0.7582497211399271,-0.023334731086866456
5aab054d-635,0.5234675482760787,-0.04349658394749645
b7cb61ca-819,1.7976111350001653,0.014051224045393162
a0b7b7ba-c64,0.13504900639241943,0.03898792800540196
96a1b236-c1b,1.0896160210072225,0.038615478524251956
f41cc26c-1e7,0.5449105928254876,0.023068758507564735
198cfbc3-c45,0.35547259378443624,-0.03158016264148733
72b987f0-3a2,1.5957849432948925,-0.025060461983324123
5458be0a-76a,0.6664705207405011,-0.030176040336342247
cb682d34-eb4,0.8680959667701709,-0.07122961124523486
78d4c7ae-471,1.032436736143682,-0.04176786797940257
7ad6a527-7ac,1.0657563684144784,-0.0035134116461526532
4fdd3171-357,0.11926966415450668,0.018903919206101016
4947e175-2c2,0.6373224967147192,-0.08280555976680049
58ca0c2a-349,0.5942279102100037,0.01823154620150147
f5ccd519-75e,0.32727209672783736,-0.0709988118095729
8feae6b5-bca,1.5600479754513612,-0.028957798729118356
ec8b9e65-40d,1.6955825816734051,0.042269800018635784
7bc35c0f-845,0.2739457479647563,-0.028111984229981957
105d21f1-0e0,1.044129999469067,-0.028028325623461137
db3b9264-678,0.8228482580511485,-0.07632155979939304
d050d0d2-b94,0.5284347829653911,-0.06954985816588011
668c2dc6-9ba,1.1065240245728698,0.04263637047733437
ef673231-2cc,0.5974383717431797,0.020890323203970662
1f21cc2e-3a1,0.42337156355058647,0.02309785529417685
de34c058-a70,0.6491332398582181,0.021524103994409072
d9c9153c-6a3,0.5809018997079138,-0.03815547431551891
5b05736a-d53,0.704868779767704,-0.010195848806625607
cec943f0-3d8,0.23818737849117727,0.07112123450607422
918feee9-ce2,0.7763377657989802,-0.02568060225537827
091bf0a2-ade,0.5441218379703412,-0.051703636032300826
ab1e4d4f-492,0.7808263392623653,-0.029750010645252845
7820e7d6-4aa,0.5081740664389945,-0.10198416299952268
d90e1017-e58,0.4715135730545047,-0.11400250096487535
2cdcdd43-054,0.8095967619030235,-0.07599534157788884
d961728d-eef,0.6492145361261356,0.02875397604681318
e28e3c61-cbc,0.7886975683326725,0.02237690715396068
c48ad053-d38,0.4513279754714826,-0.04773412331043697
d8928b7a-2d3,0.570741446012198,-0.10541268398356485
c701a567-982,0.3893185789025209,0.023146325961817982
18c69ce2-7ae,0.43220410539036086,0.04457128494263718
23113d42-d4d,0.6864518405554149,-0.07363729402694075
727ce061-d39,0.8814153432253197,-0.11631365315409758
4d0861cb-38a,0.5017859017096964,0.13573274526986312
015f152c-fd8,0.8111280124377648,-0.11639993684532474
60e16837-888,0.5542299527433356,-0.1036630765269963
fd7e96ee-404,1.2103778321079601,-0.04161221833392015
314efe43-421,0.4093712063822054,-0.05725742468201095
ea9f03c0-c39,0.6757013222324095,-0.014869395442272337
738acba0-bc3,0.9993598545039373,-0.05762527112476096
5f814681-c59,0.47110006614942157,-0.053611604050481654
968531df-fbc,0.21883599788772587,-0.028423310301083027
b5043220-ca9,1.1589133963256582,0.03033929151741177
abebd0af-11f,0.4403264023049524,-0.04553571050995059
c0b4acd0-41e,0.49903680029228636,-0.059495220042312114
49e4fbe8-950,0.6326594846960982,-0.07091886272418974
a50584e8-5d7,0.6094275073943154,0.06184640711574074
6f35effa-737,1.0776909739110758,-0.013555562148218514
8f73db72-0e5,0.45824265540300635,0.05533570381196551
afd9f67f-99b,0.7073345713190968,-0.09731337220924202
a8c0c0bd-15a,0.8577746827985818,-0.1099082271193988
f9d98777-9db,0.35133372802963286,-0.06172794363137096
2a31a01c-4e9,0.5994387330535749,-0.051983106153971115
236ec762-2f3,0.5075923662146904,-0.05946013302225461
f180ab10-ac0,0.6848633129525385,-0.03213568954075141
27fbcb5c-249,0.8669546136300184,0.0312647160837759
0643f1d9-6fc,1.97682205144665,-0.00974999209206645
a2a714b6-1f1,0.5785332725852157,-0.006246889853144422
6284850c-9a7,1.3029886056928541,0.032114620800003046
d74815ff-ce8,0.627827811862919,-0.05243483513645425
f5005f70-74d,0.45516267920550685,-0.10155334802175786
01103258-04d,0.31690224031109965,-0.022648184779555935
a683c50c-084,0.8042471481802131,-0.11416721761782495
e31f3a2d-e09,0.45429725920721997,-0.05719052441097533
980613cf-d30,0.19667046284104053,-0.03148962671965394
886db198-3d4,0.5072129016818068,0.022153785028835915
e7acdaa4-80e,0.5541119010830413,-0.006679544803869897
ee3042fd-b8f,0.5287222589156497,-0.03166419195560011
4c9c6223-6df,0.983214824418424,-0.03888071352014233
363f98e0-9c6,0.9927285491850892,-0.09087288320464393
a4824347-9e6,1.061181002963782,0.0069094682450325795
49b4b889-bd1,0.8569184454362022,-0.09071186891472738
f0168a6a-b9c,1.6303712274846986,-0.017864174607176764
d6c0b289-4ad,1.0642265383119813,-0.028170710466823956
5c32090b-50d,0.5480321668974111,-0.11532561402213942
08ff09d4-4f9,1.8635943382582276,0.03081639632646238
6f53ddf9-1b5,0.6693386245272732,-0.09836381428390173
24e4f213-f79,0.5342713414538498,-0.07978714280569538
4aaa37d9-d73,0.20317502542058133,0.020892965997401425
daedd471-f71,0.5946117059637155,0.06121632121491949
f9072ee0-7f3,1.5911204530784238,-0.035259106733636136
f109ad2c-ad7,0.7625796115531616,-0.09905917883126863
f262f141-92e,1.085892257032437,-0.042701491227083554
97580420-13f,1.4593580605306167,0.0225598305282948
fb88ad31-338,0.25464140763116816,-0.031416920422230266
f82a416a-31c,0.852063949373929,-0.024401477878865596
313cde9c-7cd,0.6660556219219307,-0.01981921043193796
b345cea2-e73,0.8444917672838665,0.046991422999389854
b15b821c-a0e,1.335742531723747,-0.07486905631459312
f9d4f34d-405,1.1511860231489461,-0.0234850478234625
a12126a9-e6d,0.9122420013326523,-0.07171936284704816
378df1b0-fdd,1.292597433078655,0.04892247098005298
0e141983-6da,1.3683762854829624,-0.05354342695525255
8c1014e2-e0d,1.2378831933975463,-0.02664462208177354
00d50295-2b7,1.2747705901121806,0.0039756593747299895
87cc08bc-f90,0.9640975573595311,-0.0680307966006935
c8cb2814-353,0.9454631825037874,0.0039381951702055495
327f1863-080,1.017710440085657,-0.06406771840011144
146dc2bc-4f0,0.6952199759252718,-0.05267013167138179
4669c05f-b07,0.9976476663927951,0.014797477911917545
17af54c6-79e,0.6438034406836876,0.0389828339587045
dbeaf9d2-0c2,1.3898920961599925,-0.00939392997809907
1ed0ae09-49d,0.6573748136098951,-0.05923465896999913
2b814eec-3d1,0.7613104472704448,-0.0764546126819119
91a6f4c9-aff,0.6447079483604535,-0.08385472618606005
aabcc0a2-435,2.388622436834141,0.012903961721359991
805e051d-c38,0.6264847558818427,-0.11557197495516391
77061108-f55,0.9850656871432999,-0.08755368821182175
9a87edd1-329,0.4387447932184825,-0.033624152515008554
1cdf65be-8a1,0.554381253840018,-0.09501919738069192
f3bf98cd-e77,1.2086395851362681,0.05178258954047521
1efa1d50-c90,1.4928482904166356,0.02036877056069475
abc8a2ac-cfe,0.6645182001064602,0.061970082920321246
b3a1d540-3b5,0.5374353074148596,-0.0853927407808438
ca099422-6af,1.3775331082305233,0.043882463951712136
1d5256f9-def,0.6705107935434624,-0.03242551934230209
588b96c8-74d,2.0402762754046773,0.08582256792526621
1323cdd3-262,1.497043235362482,0.049049027400406175
b562a0ae-d06,1.0204917029059184,-0.0667138255702443
d08763ce-502,0.9996052241517323,0.03512615914686856
f0b96777-1d3,0.7889616781640674,-0.01319897347683785
96261ad2-1a7,0.750898593919574,0.0989652586709755
238aa1ae-875,0.9832071862074654,-0.11011104070620842
941616aa-4c7,1.9956371317221644,-0.0271844468548032
c1f70262-419,0.8201070067590244,-0.11119561520807225
39c27136-998,1.185338892339891,0.021862625856723383
08a6dbbb-fd8,1.4615377212619798,0.04323619829582093
a103bc29-446,0.555120019790649,-0.05312218806852126
395a81f0-4ae,0.47904139879072527,-0.05852808237031748
a26e9c34-10e,1.2157482173179661,-0.019778826077150313
12d7ced6-12b,0.7191274946290933,-0.10035258313506967
782b2fe9-7b5,0.5925950282861683,-0.050164103990640696
d9b7969a-a4f,1.2118749574008598,0.043362046598639625
4abd979e-c85,1.5014626354449847,0.026926199888181013
c700697d-15c,0.7120803644301619,-0.10680901415066707
82169157-716,0.6620370232043447,-0.06460866557323275
113511b0-2f3,0.6223330099140288,-0.07193621400380357
4be059bd-a9c,0.5244757981776602,-0.06174048262319026
4ee98f6e-504,1.2831986738866976,-0.04827240244932224
c6b62e2f-6aa,0.6781315447503768,-0.058041457500269567
9cf2736c-7a7,0.5977582575451276,-0.09887352278161438
f15cc953-c3b,0.5550368226708067,-0.05764170481868314
dfc1c914-c50,0.5477582028416399,0.036582898703264255
64497716-e36,0.7373271431782653,-0.07266798795698448
8e4ec4cd-b40,1.0623147619297446,-0.11891869328478588
e85e5e94-79e,1.442680640303571,-0.027506446522132355
0b705ec2-032,0.6417581104411499,-0.11910798658533878
0873f6ac-3ed,0.7130566415002793,-0.08207655758358845
4c11a8de-3db,1.013266666031267,-0.09803205126955805
f9d9617f-d12,0.5469497225295313,-0.10160968889406435
fad6c3a5-7df,0.8793301256373991,-0.053757135962586966
d38582f3-5b1,0.8302025863359432,-0.03386144251908407
23ddb7fe-377,1.06874012168896,-0.000421589946213885
c841e789-02a,0.5730191133409227,-0.07133811112025429
bc3ce033-9c2,1.3376608596899673,0.03382413399310402
2d504c33-2ab,0.8948550433582497,-0.046426945029179156
4a03675c-ab7,1.0171455889905026,-0.11198979219728455
d48ea36e-66f,0.5645098695581698,-0.0937415189923862
9e57be52-983,1.1306335723290988,-0.08584873084192257
cb368450-bbd,1.0169341676195474,-0.050708614648533545
e55c629f-6c0,1.2023213302002373,-0.04881977569543078
66d4c408-122,0.9211299909269639,-0.11853150783253952
df5eb7cc-5d9,1.2174417027256426,-0.026463784279809555
2475ba14-f6d,1.6390504478755898,0.023985084172024718
ad9f7593-ea2,1.008920409547014,-0.07240510997573552
87bd6115-355,1.183589193416429,0.027098231489095626
2828d8e5-d4d,0.9950133534188081,-0.10645671064240758
ecefd962-958,1.0485943620335176,0.03208441631676495
8f51c16d-4dc,0.6711121368923485,-0.03210890449410059
215e6e30-608,0.8496288912841663,-0.05120334555761341
ea30f8cb-ea1,0.9889119590283296,-0.1046587111086203
c61e6f10-f21,0.8462559089610016,-0.11540265620664175
8affedcc-4a5,1.292485137568594,-0.006017266435825452
e975d9e3-ecc,0.5647301093801805,-0.06735594131920991
0521f6e3-7b4,0.8571909524910056,-0.056315003616197346
1b171ee9-7c7,1.4686647758377116,-0.08873507833434657
fee279ac-1bb,0.9664248061848266,-0.10787177864334313
3f322455-b47,0.9056565409148222,-0.03196922863810442
2cd8865a-a7b,1.6095979913744158,0.004067643203557347
a02b3a08-368,0.7479966388586748,-0.04599318776269057
22f91b51-6ab,0.796855208001166,-0.07161032818873564
68c85793-4fd,0.6499368353508996,-0.05561287455845165
a3c739a9-a94,2.148913686289212,0.014584428139718497
c1e7f2b9-407,0.46087995587374186,-0.030236592421594044
e0447e5e-1bd,0.765452374264639,-0.06017292396632529
792ad22a-83b,0.9077840825842447,-0.11239953341019271
73ddfbdb-a6a,0.6857680974869825,-0.09606879374671373
fd654a1f-201,1.3566507239160819,-0.07583017748255239
aec73126-e27,0.594506862988915,-0.0776668389810139
cdf4f7e7-b3c,0.767249059168265,-0.10882189521176622
ba6103bc-1f5,0.7869522453886391,-0.09420935173972184
28fcbffe-f02,1.1496698491818,0.062209913813927376
34b3131e-085,0.777980449111262,-0.07247794539742608
c406a6ed-ced,0.7142996620265558,-0.04655075836622613
471304ac-6b5,1.3714902072137578,-0.07528808355114824
effb4ceb-110,0.6381210366298863,-0.08408287829231503
9aa81b5f-06e,0.9615059982559411,-0.05560133516114413
707b887e-9e3,0.9945032514639458,-0.08427115648587363
bcca3ac7-b56,0.8906827587916994,-0.06592039843083475
24026f54-e44,0.9889804251587488,-0.08347841671145395
d07ef2af-9c2,1.0459067605871541,-0.08244308801069777
aada83a4-a16,0.6414171753459719,-0.1108361946733234
7707a177-793,1.1375473592440832,-0.02127140868042532
f0bc5599-04f,0.7694965248083236,-0.007513062006526183
b492ddb3-269,0.866163918109565,-0.09669431960624575
5fb98c23-9df,1.444046231410217,-0.04293087957102143
c758ee1a-b10,1.7127505447265825,0.030790074303092108
a890e127-c75,1.3055215559687077,-0.07389097623189045
39dbd855-467,1.1251347716544609,-0.11703752971267711
3b69514a-e6b,0.6937176185720719,-0.11106783428882333
b3aa3177-3d7,0.6301618446073786,-0.0931286702032339
580cd248-2ba,0.9863378974811218,-0.06210976561764692
08aded56-82c,0.853980293381575,-0.08560777269950437
551a83df-9e5,1.3229425494893972,-0.06454035498809135
071816b0-c16,1.283092347558272,0.0028632238860850645
5afe88d2-363,0.9161355156927242,-0.11232843883734589
0727d106-a62,0.5738096687926244,0.044879580720426415
bc084298-913,1.280438313593669,-0.08734124912487734
480f31d4-167,0.7426169747868545,-0.031730993424259335
03ec4c59-53b,0.7433838994593401,-0.03391162302159478
baca3419-71d,2.248869798384578,0.05696335069273761
5626eebc-6ae,0.8883887627060826,-0.0634098650857049
d8a39c33-5c2,1.3309425932694072,-0.10325916457701079
79e91ad2-83d,1.133768276828583,-0.07301363462611987
09af801a-f6e,1.0920914129085335,-0.09191738303679303
9015d883-f9d,0.9851866871266678,-0.01749460029187755
d9b22cbb-533,1.0240398228203158,-0.01894285169662696
410b08aa-c3d,1.2823222829475003,-0.006633406603041125
eaadc445-4ed,1.3292526396543216,0.0014986716632360286
6dd21b96-7d9,0.6917851027432161,-0.05815950230227662
cbc6326c-fd5,1.0266311205682916,-0.035063983270668064
a01e14ba-4b4,0.8902391366655185,-0.09740319456275759
9213aa46-6ea,1.8594097149258144,-0.032357684782837626
c6d5fc77-6d6,0.982184246510087,-0.0031153759618470223
45fadc30-21a,0.8026217749378071,-0.10988736757161488
000899fb-e43,1.1854173347234953,-0.042914013796071904
205484db-150,1.1442461600315046,-0.057047681471162626
8629da33-b83,1.348720098557124,-0.07256132816846972
ee2972ce-b5c,0.7883990044230561,-0.05057385939583875
1993c811-386,1.4140358962273232,0.024062100060212255
d05f9d8c-623,2.7646180179311806,0.016229277891951055
284f0b8d-e10,1.217179125282029,-0.09217889518763328
43413a4c-dc4,1.2150737252080746,0.022307916612011702
b2d84fed-b45,0.8555950160102659,-0.07502759583784613
c2e165e0-3a0,0.834567521162504,-0.07807409528422316
30fb78f4-d19,0.8608518779182147,-0.11045778540017764
c739cff7-bd0,1.3728059074089458,-0.07769818795376454
1a2a10e6-4a5,1.2950394924775062,-0.05636517834419702
9dc7ea9b-da3,0.6840428304178084,0.02214684631593289
80bc8b79-329,0.3682159101429948,-0.014343028667797908
6486f827-4df,0.793739881884053,-0.04609449516879244
4b46e58d-f98,0.9310446432051267,-0.05310149256468416
3cdb6467-795,0.8851886834859022,-0.11237276638366017
ac458284-30b,1.1099363607314325,-0.09296781400763787
3f3b4ee2-519,1.1948630069255457,-0.09276223474162648
3bf4d627-124,1.4050512261574883,-0.07523269781703035
ae2a3540-df4,1.3458738754874884,-0.04582363995769945
76231f40-eab,1.0458851898994876,-0.053595257567892796
5ca58ab2-27f,1.1659194698881465,-0.051879535109322916
c8ac54dc-388,1.4627750922651872,-0.07474358169020773
b5df6acd-ab9,0.7704093961111499,-0.10167698854902385
33937d85-b5d,0.8203260959914901,-0.07173955434581764
0fbb4336-f51,0.937899492047354,0.06589920646312397
55e98845-4cf,1.9574662465455823,-0.02201495450353691
40bcf22a-2b7,0.7521604432432326,-0.05085951438602626
faed91fd-1db,1.0285534936811807,-0.09789069526269195
6bde4be5-780,0.7961648659599281,-0.07390181049380323
4238fa03-596,1.6247250204724621,-0.08677594395261035
270e27e7-2e9,1.0167567188604063,-0.04673789223746083
36e5c8b3-b79,0.8044105080826603,-0.10552156818915481
c669bc3f-48a,0.9002992126817401,-0.009432190787434014
c02b4178-1f5,1.1126060487140594,-0.0011856337915203685
2477849c-bcd,1.1425013986621795,-0.10258930079523876
de92bf83-fd3,1.189994359274188,-0.1084296526361514
34b2a6a3-2f1,0.7583832164001834,-0.10253180774837395
d3d0a92f-842,0.8240524438864077,-0.04710424748544151
d5c158d5-a27,1.271886460242723,-0.1004021559445778
56ab7447-771,1.3089216019316972,-0.11332951120719292
c6ad5f97-a62,0.8490042871428541,-0.10020581398378497
9d5c4a05-335,1.0195679500930948,-0.10966752867671842
e332e3d8-015,0.41452393388919956,-0.011728000758476964
dec5e0df-7d6,1.656945644558343,-0.030360999317678328
4f2b55af-bd7,0.9850905189074104,-0.05518728912968435
96021339-27d,1.3669632146461772,-0.11346723611131382
706d644d-283,1.227387286106448,-0.08650545728835962
bb0882f4-650,1.467989597273464,-0.10350015836161947
d4e10f66-0b8,1.2635969628709394,-0.1045143749731895
8c044d4a-2bf,1.2879795379477152,-0.0876096846216608
dbb4360d-0c3,3.3796647479158084,0.0423193870912385
e36d108a-0b9,1.782113732545536,-0.00788480434999339
9b0afeed-f42,1.146311852331571,-0.10432743659022148
96ec1c8a-cf1,1.8632064425463746,0.03209796640248819
2becbea0-e7a,1.0432537965140707,-0.024920274842696266
371453b4-f55,1.1081752080750404,-0.05098267772917536
c0bc354d-61f,1.2148218857019004,-0.09130347575071052
e72a3263-b20,1.1397750615511444,-0.052149122767739864
32dd3d61-d6d,0.6998190296026914,0.03570872136062109
0ca8830d-97e,1.2341901890938207,-0.05116156062760996
0f986131-afb,0.7662822855168135,0.007290009252385765
84d6e7ce-3a0,1.7106586295646307,0.06706763906632118
d34765d0-876,1.3485648267778254,-0.09989036976532945
a9818f43-821,1.2701503577445425,0.0816485847766979
0b9ccbd2-067,0.8859003797381797,-0.09644218890214007
4fb19906-9b2,1.1016824548615427,-0.09384300674057078
27d75c7d-6d6,0.934731269759215,-0.08512215570877696
79885129-b9d,1.0117937578193643,-0.09874382477821203
c8eae0fa-058,0.8494045417407792,-0.10897724617655258
f8cfe374-d0a,3.4933848764241406,0.05363312183458502
a8d17592-baf,1.3798424500491473,-0.10016712460153004
2f68462c-ad9,0.9818178472360939,-0.03309047410623012
4c4b4357-bf3,0.8933541651403872,-0.08245192393453754
f69da4b1-35a,1.2326662322341218,-0.03636629713136591
3fbd10dc-cb6,0.986103991684435,-0.09123981772562645
3920637a-77e,0.9202899838272062,-0.09478893631110624
332ddf9d-a41,2.0671311997471338,0.014559748850953569
7607ac31-bc0,1.8707100304928963,-0.008168109606367935
2379ee80-29c,0.5070632453224375,0.02743018250934459
7fd264a0-97b,0.9455070167537032,-0.023641474575865407
daafe82a-7e8,1.2914261230981892,-0.02155775364531648
eae1f8c6-297,2.1824340308564127,-0.01600665555576042
90638b62-6d8,1.1143061474102356,-0.054576525050047786
0ab29b0d-bf9,2.230642512184195,0.10790485087131751
be18bfd6-58d,0.8760380393145971,-0.056164318233933475
a696255d-90b,1.1781179513556619,-0.10222684021569411
e00ef165-6dc,1.0524277172906982,-0.03038958831369809
5da07e2d-a80,1.474404674550676,0.030393053922950997
408d8940-92f,1.063391736526242,-0.10330926694419795
5c45e193-331,1.2868090539210162,-0.04479603167524332
39fe9883-17e,1.153343679388537,-0.062072348387480325
f6ca1279-815,1.0588703479003059,-0.09034610218897365
503e5f0f-f4f,1.2796338007247243,-0.07735320463301792
eec5ccdc-f8b,1.6005405063060383,-0.03406721024863851
58b1ef11-a8e,2.3753547482980353,0.037131353074358775
2d9faa88-f39,1.005669248906539,-0.07979593236600457
1b1e8766-286,1.0858547276095485,-0.07116339107135161
c162bc77-a43,1.6283403726426984,-0.04085973164340112
fde6f013-262,1.1783008984003365,-0.06739533087481969
443320b5-aa8,1.3511819446334485,-0.04931797252719233
9abaf197-5c6,0.9645664095340281,-0.0589774383755835
5c9119ca-75c,2.01695868830865,0.024654364103919968
5a1933cb-70f,1.6947776836696429,-0.050212992153788605
22ebdc4d-f6b,1.6644260746121944,-0.06497243726736518
bb2e57dc-3c0,1.0445984367582455,-0.10203563866981552
82f8eab0-cd2,1.248998325729826,-0.09941453252364996
70701c56-be6,1.1674179911223503,-0.097729949624272
bebf4998-f13,1.0028756385078743,-0.09738242424503651
ac52d983-a6d,0.9810606190570019,-0.10285088145780014
7b329c89-259,1.1931167830393092,-0.07446452595564101
b3144365-20d,1.4163327981251013,-0.01693733556602295
2c32ee05-fd1,1.4154623860455133,-0.07062998238577134
7404be67-b87,1.821401474319924,-0.03624078673618303
10d0fd19-246,1.7373210634031317,0.007121584190616481
1995616a-40d,1.1618893327057613,-0.03929817566839272
41b1ee1b-761,1.4880290484631358,-0.06855378521593214
36691994-47e,1.8989520621996068,-0.08292951515840324
45eef50e-55d,1.0241299028458664,-0.10123163156251003
aac2357a-c9c,1.542478460657228,0.026985935264792982
c680b966-4a2,1.4533890000019674,-0.06840348247167316
704345f5-b05,1.221135454729722,-0.03928925926302057
5307d2fc-482,1.5447991212156964,-0.03595305386531544
ba5ac60a-6b7,1.3012667491607681,-0.05627693535464362
25fb146e-d69,0.9773118543485435,-0.05244474005123506
b8cf5bd1-f3f,1.387807412657575,-0.06237098658485679
82323bdc-8f8,1.1139224867875752,-0.05725964695263963
84659fe9-202,1.0827569391816958,-0.0990382787608195
f49e0790-ba9,1.1532694450511431,-0.09702022056677195
8d12d264-5b2,1.0874824861347343,-0.03004174264488485
0dd63c98-95f,1.3521737337230695,-0.04125608239587192
b4a990ad-5e3,1.263985049817651,-0.08039536215560766
a04296c8-952,1.5636403794729978,-0.06691843475408071
840e2131-d9e,1.1424403708943411,-0.07477970033037024
4659a2fe-82b,1.1956836635347514,-0.07986549279612631
e0634e8f-2a3,1.20329502191119,-0.08377892553736249
3f928080-7b3,0.5269982662108512,-0.005678277118436215
b80edb89-ceb,1.1506114878373555,-0.05416160555143801
58e3559b-ac2,0.5353671911342471,0.021924367766756325
06638fd5-75d,1.3144285833973246,-0.05239970983260467
6ed4baa1-42a,1.5462714593648177,-0.039949772955054696
469e21c2-b46,1.2637418024012534,-0.05048693089734896
2d71da1c-225,1.0359294564015342,-0.0970076040201015
ff1115f0-d84,1.0608550888984059,-0.06357818827083339
aa4b38fa-249,1.0470591457224556,-0.09668534678367025
a112a5b8-a9b,1.7764146430311287,-0.059384945200510963
15f319b9-596,1.4138867820733858,-0.08356478971899944
b184824c-78d,1.3005028708280126,-0.09144116287900106
ac33b8e0-50e,1.0678361552297866,-0.0360660071511254
7ef75000-620,1.3099830925864187,-0.03590299435975253
e85d19e5-474,0.8289828050886927,-0.0049968193379996695
132630f7-8c6,7.616979371094845,0.09721000427826809
b530fd2d-ebb,1.4056026008149525,-0.017443455142217346
1bdf0b2b-4f1,1.2431411972946445,-0.027964282649800887
5cb31e85-689,1.4932497517743917,-0.09059272357784509
b1dde7a6-3f9,1.2744926423955931,-0.033831858281230254
ac74798e-898,1.5037082610515426,-0.022922928512550178
3a9698a8-7f9,1.1196287435642902,-0.07903576231832676
0b5d3558-d4c,1.206786152031243,-0.03126927664435253
4febc0e5-9d5,2.787607957011163,0.013760172291789385
f140ad92-519,1.2674517081680605,-0.04825716674885355
83ee989d-85d,1.2909151485255155,-0.010993867698121218
78966737-36d,1.4270727695722336,-0.001033548231524628
cc2f4c95-0fd,1.6968816856619193,-0.0614693650140653
bf773d81-659,1.270809139203069,-0.001345470702642515
024a86e0-8e9,1.1725335080942991,-0.0301715312701597
b5b9940c-22c,1.176349831753286,-0.08348945941037444
b4e53786-7fa,1.556914722085304,-0.08416109771893299
139b1fe5-b9c,1.4742974386175356,-0.09101508111693019
5dd47b02-cf1,1.4369496245309568,-0.06829014685828966
fff74337-55f,1.4692424125555705,-0.035058435168327684
76183010-c03,1.7025989896088847,-0.01833097392081079
7ea85f59-f42,1.2455889505641309,-0.00912105378600353
b9d17ca2-27f,1.3128441770833694,-0.0675505683510042
e6d23edb-818,1.1487487149029108,-0.09470694375377964
f72330bc-211,1.1855810833677614,-0.08965057531147486
caf666f3-185,1.5294978840239613,-0.07771645031348773
a2e48456-e06,1.2062962252635105,-0.08122429950999283
ba3c4bbd-b6f,1.8718982343500916,-0.048762565839215344
3986e839-92e,1.4989860651328457,-0.08403127949685973
90949e6d-2b9,1.4084147558688085,-0.07045139304326564
17d2c849-1ff,2.2799556670465977,0.031724738749268955
ff153997-1ea,1.4071055038612899,-0.06283332092474164
0caeaa5f-363,1.473943426746852,-0.06547261266060878
d01d19cb-d01,1.4348321624786056,-0.03724756992320316
07c41c55-747,1.5084110123522603,-0.07342752943928543
ab47d452-056,1.1777327048886472,-0.055030372336538846
2a023af0-d92,1.3555921669098856,-0.010374684883440233
0ead2f0b-010,1.6231366403093404,-0.05935295143771285
9b3f9ae4-aa8,1.2832549988719228,-0.05683889975362599
097b3a2a-b64,1.7166752082421166,-0.008574763450158063
93d18823-ad8,1.5277329529852643,-0.08513695923003417
c2d1ae06-6c3,1.934322496065071,-0.037684902647709906
3d62c722-4b7,2.0524911786407145,-0.0652282405818666
9649924c-8f8,1.2919234713707743,-0.05765694068857807
1126bfab-6c3,1.258912386040136,-0.0473164084119011
19538f15-d9d,1.768864731376905,-0.009510801191581542
8b6e6cb5-ea9,1.3396180397004531,0.0010774147978479531
ba689708-ad5,1.5294143854882192,-0.0013034896576530342
ad962dc0-19b,1.5012253674131126,-0.060747692689215815
7d144f74-4bd,1.790742674066859,-0.06206016166818923
d17a9dba-738,1.3115025500931283,-0.0038239017177735257
54031394-aec,1.2971899456664304,-0.013553811522464765
efded103-f21,1.505210055422589,-0.011188486156355204
a8f0c384-78e,1.7998404791701197,-0.010144140864268791
9e8c736f-0eb,1.5696180536368383,-0.06652603189483375
de38c114-989,1.881497603180962,-0.012318715806054592
24f38bd9-bc9,1.3664955843732007,-0.022788503845302455
f3ba714f-043,2.0388759230291313,0.08571357501437571
0f5f173e-ee4,1.6014414632963363,-0.05618073902009324
f056434a-ada,1.6699242703776447,0.020259070801881496
d68c94fa-425,1.264981196421857,-0.003149598111029883
4e8dd00b-bc0,1.2549391209440472,-0.0731237062884556
5f1f90db-856,1.834329372423206,-0.025443038727717082
46741ff4-70a,1.5402320076857268,-0.010869615855833792
8ee6321d-4b7,1.7552580215997273,-0.060824752369255386
de0b69bc-c97,1.383385128703128,-0.008665171237505542
e7899195-a1d,2.2514415952121234,-0.027600607248455533
7920c469-d50,1.6259865472251227,0.015703836851806208
96701888-733,1.6358824146426816,-0.008650341474080114
c8e041f9-4a8,1.4395895950628206,-0.016098626054837084
0edf616c-f32,1.6411126021841207,-0.020796182078016534
3f07d02d-398,1.752342359432055,-0.056378749632395586
538b007f-322,1.3754840615151545,-0.006279875131508628
5d77b534-a19,1.3801124867201378,0.013778579974804694
4208cd95-66d,2.148037678295695,-0.022274841336745344
36488035-7f6,1.5082317753027483,-0.04523307184071795
00ed71fe-e06,1.525514649582684,0.0069588951736633264
06c82591-381,1.3997823106820761,-0.01374358164820394
aa118a3a-cb9,2.021053513332984,-0.04158185812283294
d23b0bd1-936,1.70818711797183,0.018342125339504967
28de1b3f-5e1,1.493555909192879,-0.010796926439552157
aed34bd6-e45,1.7975676096947222,-0.0111374169297635
5728e4bb-c42,1.5325250829657564,-0.0598309836493765
3a847efa-378,1.6954284281984124,-0.030911563153534494
252cdb91-bdd,1.4195815648208936,-0.02477997200776616
1a814bd2-ea3,1.2796996068475779,0.006110189446746128
dea6551a-e79,1.6187886355008994,-0.049511931065278014
b88828d0-a92,1.4420079133375772,-0.04638432041961327
87b46042-bc3,1.6174224391742267,-0.06496635733406919
c45c21cf-f7d,1.3104011201863612,-0.01723897925350476
05439ad8-10a,1.7755711703466281,-0.0038724439952979584
29950988-1a9,1.8091907448692677,-0.06079245970297242
ea297874-517,1.3900519386408157,-0.030822328214233308
390df1c1-445,1.8148556290371833,-0.0549013604196224
fea1dd70-26d,1.4750410433692336,-0.04594543376421145
5230f83c-2fe,2.3021132821978263,-0.015921045495754738
5f3a7bc0-40e,1.6928037508175673,0.007021921161060485
c8cb94bd-00b,1.6442543732843133,-0.04055802575152767
787a4bb9-333,1.6652425854707928,0.003381421832431619
cb84d483-49f,1.7986808438811468,0.017095281605250312
04d5cfe1-076,1.3604305790557505,-0.0619664706854291
455e18a4-91c,1.8100043559900159,-0.05937233701087613
61ec3296-a90,1.6261505987923057,-0.033366562286762935
539360bb-e27,1.8702811629271046,-0.007079495858951734
7d80eca7-29c,1.8532552658829309,-0.0008015177441146326
41a9bb88-7c2,1.6006957857415056,-0.028608819267518903
3833a8c0-4ff,1.754864398955533,-0.01056834887505681
1e9053fc-7d3,1.3298569795805106,-0.019006506368252518
f5bd704d-0b4,2.160574253699893,-0.034537984980199776
941d3f1d-013,1.8594868263105395,-0.04386688109652459
a85c2c30-134,2.5649315833408464,0.029630139071018302
95c94bba-16d,1.6062260027687998,-0.004527431507560742
e283edf2-061,2.2134013847213363,-0.00627930066623722
e946bdd3-d2d,2.279955719703048,-0.03224996950493991
60545cb4-dad,2.5152200546029233,0.030837441141826183
1184228d-9bd,1.398889321656016,-0.005833062385051657
5b90e738-344,1.8652764597375042,0.01809550823484163
316b5d09-ae6,1.9152922112478037,0.0054118756756060815
4c8ef4da-692,1.8102768477392748,0.0015523322632761127
a5e19fb0-149,1.9967549306513817,-0.030955698433855594
824505c5-0bb,2.267656601354558,0.030673037867928743
0c39f02b-090,2.105914280862219,-0.0061769727454906165
5ea136b7-ef8,1.3843043979931027,-0.03253559741936768
aa43d2f8-e81,1.9948235435601576,-0.004744258377009258
4cbc62b4-e03,1.4889193729188301,0.005050050117431537
7d4763af-d87,1.569504703546479,-0.061541682535565134
1f68ca9b-cca,1.9695453453599914,-0.03753202028037861
e725f6ac-7a8,2.1313362969189873,8.432446677908434e-05
54688176-58b,2.3255833136368462,-0.03680855049122761
c1183aba-aca,1.8493403873212497,0.03986204047012876
b221dd06-195,1.5283983149130076,0.03277890100376568
617d8b66-f60,1.5709898990290685,-0.014895951520740913
0d27932c-e8b,2.0466251074579915,-0.01996149677919551
12df2a73-189,2.0821931234865003,-0.031330782690127845
418bb79c-3d6,1.98215522158361,0.01107852704486667
a083e0fc-928,1.5598784849234897,-0.055535541447141346
063a48e3-eff,1.5261618685027187,-0.05742035079623198
117aa009-d01,1.5362622194388165,-0.017685937892072845
e18001c4-efb,1.4738539219633306,0.009145993553926646
16a8fcf9-135,2.074717010765289,-0.06924771461005136
6162bde6-23f,2.0982497524338393,0.011770636913217114
fd5205db-d61,1.4526356718362397,-0.06682586699907045
ede3be4f-b46,3.566367331105878,0.10978442354316431
7145abee-ef3,1.4544613819244792,-0.009582049253806624
b4160ffd-924,1.587119096123263,0.016259962264864702
ae0704c2-4bc,1.7713376508457603,-0.02005450698429523
a71970e3-7aa,1.3207878222894343,-0.016330075963809032
9b954035-7da,1.938851887576454,-0.017095803766742024
b6121db6-c82,1.7453672641815665,-0.05469065998322603
5570d0af-4d1,1.3179188143052185,-0.04902516141311536
96208809-13a,1.6622313425441326,-0.020031492306160636
ee75d31f-84a,1.6343801777608737,0.005075789728464675
e1059441-6dc,1.7833037021237415,-0.030519983738894474
4075673a-51a,1.710626329425895,-0.045031613618808086
f7e48392-140,1.5797009439324097,-0.006155413200206683
3bcbb80d-499,2.187916813401251,-0.02053538460895382
f38d8af4-b05,2.139621128845754,-0.0035985257836554374
2567736c-a09,1.358364484760139,-0.07070651491914226
b5da32ed-786,1.3070622409746973,-0.052187525490369424
e12a2600-3e6,1.99687638145142,0.0029186787812452986
bbd27069-7d2,1.8517116374902582,-0.01292483538537953
a0ea6b21-f91,2.285995839472502,0.031216857892811478
f485e1ec-f8a,1.2956661914059677,0.0017329868796115422
bcf8a4d6-5e2,1.3980701916540506,-0.02877142839313601
db92f92c-844,1.5294137997707136,-0.023558586931479053
872d703b-ce5,0.9461177071890261,0.08143344357995008
4a814759-f1a,2.146817225845631,0.016182742081235824
c6060738-ff0,2.279771178445257,-0.052444099875743055
62f86482-da2,1.5204192441301554,-0.024045861712562733
e8db07b6-963,1.9426805464028472,0.009812372712729611
7c7f4a4c-943,1.3811853760625,-0.036406258058839513
a9b7b3fe-0d9,1.463820999928315,-0.06697197043685238
e3c54a3e-30f,1.2023240538680864,-0.022183963860449907
b1428b22-13a,1.9508108463200393,0.011971393773519967
c1757d84-5fb,1.274412373247928,-0.002113489356718068
88e2c922-817,1.4969254026242496,0.004890448124968194
e7917cfb-7e6,1.753386430781203,-0.030744329593639208
4d764212-533,1.5126497232035478,-0.07478904140194831
8bce0243-b7b,1.7515310603375571,0.08872835355450459
18e485e9-d26,2.2676580124729666,0.011377071437788544
b343e82c-251,1.9791029325748108,-0.010603305611626368
2fb8ed31-332,1.7981720870173772,0.10123440191025057
68b62574-7ec,1.7525371397005134,-0.026005889957895822
8d1cdcb8-9ad,1.4615754268832029,-0.04711232562232742
faf2c4de-98c,1.5768052848693925,-0.0025859736353395224
3d9ebf5c-749,1.2662336492259363,-0.05529084721665173
2fc2c4ba-447,1.7905927220680984,-0.029836408934506897
909becb2-b9e,1.678984357109475,-0.04948626006457024
6c0b0cf8-162,1.9890636149896588,0.08573115152774669
c6c839f7-4d5,1.9052186092657402,-0.02737199679054164
e601d822-e78,1.3554570164711062,-0.07477874961729036
09f1fa70-c4a,1.353041717763337,-0.044860296297398905
2f4ba2b5-a61,1.8532640753256193,-0.029036690234900797
f0b10064-21f,1.5245322842906504,0.06404216689778819
59c8e4b2-079,1.2864888522611795,-0.058708455820656646
c8c7064f-394,1.5067741015135971,0.09489113599541565
823e9a2c-306,1.224378226826197,-0.022008637157885702
f7be503e-976,1.5148458272310308,-0.017485179617208746
221b1acc-56f,1.2272719973084012,-0.08314043608613964
5448b9c4-0cb,1.3577835362905502,-0.07499564032073963
7099bc1f-35b,1.3089250836781066,-0.04945898885164152
b83d13d3-b63,1.5631238550074316,-0.040784793924072416
0df0dff3-676,1.4116882117158245,-0.015434129627586501
c85a7161-fd3,1.2918435315661054,-0.05085479084691358
f72067cc-371,1.8415525279755915,-0.006834512757224798
9d6ea8e2-8aa,1.5260791067968626,0.08896180503179307
001622cd-02e,1.0661786949729573,0.07899649681751797
49a27600-b7b,1.6618473804162477,-0.005433157192336557
1113477b-cd0,1.1017655280426089,0.06924129384914124
4f99fcf3-ed4,1.5265391325227213,-0.05205496791820674
a3713a91-37c,0.94921315841559,0.053917713190167915
d7f7aae5-7e5,0.9777283040384748,0.051898349004530164
1a9c5d8d-02b,1.3540536561081737,0.05963741590104876
0dcfdea8-828,1.2177675956763423,-0.013118992726877943
588fdddf-0e0,1.5554189292497045,-0.035366303604614235
1e91647c-c13,1.3349573356651383,-0.01736119742860548
0b458992-bdd,1.5373839674806518,-0.0657400020425104
7ef43cbd-2f2,1.182825857030274,0.0382737253759593
e9975c8d-227,1.1695298689153955,-0.027270653703934666
d864566d-c88,1.1542493021859697,-0.03344950454466239
e44aec3e-2b6,1.3813846344933092,-0.07654315315702004
3a4c1d0c-8d0,1.1750666923599349,-0.0608230523133671
51bc2487-df0,0.4774347109929119,0.056098609679709144
6766d45f-4d9,1.3313807678569891,-0.0363014225679959
ffc0c924-6ed,1.5362996611536373,-0.05612267982570274
b94e153a-c68,1.386137242731061,-0.020009266628914335
811c7c6d-ca4,1.8161270929924038,-0.047034884867813764
f40e4543-4ec,1.1587723116606339,-0.048163393393517384
eeac1f85-f6e,1.3489717057881423,0.010448143210633254
17e7a095-cce,1.9368615148637365,-0.010518465926174003
6a772ce1-311,1.4576505009193301,-0.07483530577871733
466c6f28-13a,1.1842190624057154,-0.040125182762143
d03966d4-381,1.9172843332228442,-0.052808255361367185
388a234b-555,1.1561211018061155,-0.051598324751128244
00fbad96-db2,1.578351495724536,-0.07845777421395839
96fe5052-82d,0.24605040505825343,0.060414303266070446
f8afca5c-320,1.37589538339553,-0.059303581426291774
1a2a0bd3-582,1.833725691388903,-0.030956711043659046
bc0bcd86-3cc,1.3211466643329173,-0.029507738660745908
455c1e5a-706,0.37166678576921397,0.05080299634706931
61835c03-7da,0.515014261260355,0.05419316727212764
89ba48a7-dc5,0.28799533215605794,0.037581751208979886
780e3a78-49d,0.9646889423646252,0.05643976202518175
bee47981-786,1.0291036991313494,0.0680033835926015
6344f190-a45,1.002844871260585,0.03566350238252136
3bfe58ee-030,1.5226984991598707,-0.016113103325386846
e8f714d9-e36,2.5372499272606106,0.10479129348263239
ac3467e5-11f,0.4112766945444318,0.0542487930923935
592eddaf-463,1.7249051458152467,-0.0768349655771896
a75bdc80-051,0.25774329971223303,0.05182609389717019
46c3ceaa-caf,0.759025331864907,0.035376558358153454
ae86c8ab-101,1.8381953713319037,-0.02457911482704106
2060e304-fab,0.11452546534635621,0.04403639876505849
942dbddf-07e,1.256798340252885,-0.016124387094576698
2a6fc38c-85b,1.2686040533628438,-0.027052111629776165
1eb2bb30-563,0.882316759276509,0.039584584283164026
2a170a31-43d,0.6573599372693925,0.08049792291271018
f1711ecc-b0a,1.4194734614367537,-0.07076097025281375
9f4ff656-66c,1.5787814679323071,-0.07357787840133212
a0ffc073-acf,1.3718692825672036,-0.021078547069684095
ac9ab79b-b8a,1.3838058702348284,-0.07549023657308523
6f2e36e2-69f,0.49286727814281783,0.03723868036790601
0ad1601a-831,1.2365285937355426,-0.032924664283103144
74056e09-d57,0.7865376549410827,0.0510952941575612
64e31cc5-e1c,1.144470992157692,-0.07941584484135761
82e7eebb-b27,0.36435122272517234,0.03732443913743966
65802674-562,1.3468271106092635,0.04448273699703287
092046bf-b78,0.7698742964157703,0.03330497430026402
f00895c6-b12,0.2984577463998177,0.03086984398189807
0c2d13d2-33c,1.5466493311812806,-0.057294463640349014
0c9e21ae-8bd,0.5106338195797402,0.029315090411145883
18914f85-b27,1.4188847514253138,-0.03421264420365422
611fbabc-3e8,1.3644404738340163,0.08714116846913333
47681f5d-fec,1.1256565443398947,-0.0764932538760042
d28008d5-c40,1.1713260585937617,-0.08494560960049125
ca889ea3-f49,1.2250070395512271,-0.029681007450561014
dedd4339-aa9,1.4576330615606579,0.057788264595255434
687aad47-c94,1.3185972664443582,-0.06898500176962002
23381454-6e5,1.269795333311894,-0.07283411004805818
76d3df3f-9ef,1.3989290501473262,0.07932964294035993
998077fd-cb6,0.9104595443549691,0.025391555346386263
c7538f46-018,2.083276381929992,-0.007263948837411716
f5ec9db1-84a,1.5110915568237804,0.07229856863947781
f9863d54-f4d,1.4711357062449488,-0.07880105586829111
57eccb69-199,1.750338976922669,-0.04462508510538976
8a8ae029-8dd,1.0462037496147714,-0.0813036244062808
7fa1f6a5-da7,1.0858890443215656,-0.026336437915421784
1d98ef97-ff4,1.1625832390810957,-0.03480171897038303
c9ddcf34-d41,1.0803615924112615,0.031737755858090244
b0535da0-b71,1.156430256046609,-0.03124007956151864
0cb1f39f-b7c,1.750326179548087,-0.0683056301957865
cb6a4db0-476,1.810005023648534,-0.015208653420324292
97005c91-536,1.6202476227268505,-0.05074936792957685
8ac78bb7-5e5,1.3726070110230135,0.048842961739628654
a6cdb976-caa,1.8233371021563343,-0.016725653845592103
871e71b1-6b4,1.3207498911424471,0.03641440397075302
bf510d79-c46,0.6143333427748184,0.033846449943288226
ebb5b491-a21,1.5099126637325844,0.038999202644491415
d8ff7001-3be,1.3228132673927886,0.03641440397075302
b52085cc-17b,1.1903177581406732,0.06808281826969598
e52dcb5e-d4f,1.5278662786322021,-0.07377409969307508
caae6144-758,1.2432160090581654,-0.07787290219022835
045939a1-014,1.0748346668919555,-0.07980736119061654
21874cae-d4a,1.05347668158047,-0.0473969231851723
bd698c42-e55,1.3810519344251975,-0.02338202760204433
abab7833-709,1.1630184037577167,-0.08264304441423842
a580a02f-3ea,1.3737662195298077,0.09771495349116599
398d8e7f-31d,1.0188263474479538,0.08904545601035274
82947d1e-7f6,1.9261958081189543,-0.06694703846974526
61c2a48c-73a,1.7960620528634277,-0.06340276606929385
a7eda01b-344,1.078232353071315,0.03255404144634311
f50455d9-7cd,1.8110739375313187,-0.025623596959110928
6a14fbcc-3b0,0.6829267726360522,0.05825379825136279
712af252-d5f,1.406105279492913,0.038602404578400695
a39095a0-ce4,0.9981436735419585,-0.010881278982836584
f7c4c76b-dda,0.37645237220106353,0.03304095724264933
bf774f40-304,0.20249097641668545,0.06503654147653548
91a98112-d54,1.247359469079221,-0.08472578140320308
e8a2967d-6bd,1.8084729937393993,0.10498476392845169
4b64164b-a24,2.157563777680953,-0.022538265907204258
12d01423-762,1.2194971040504565,-0.043767378585511496
00d30078-d01,0.24743307164895675,0.0625047219683732
fef40806-6ca,0.7658728665401792,0.06623043947199914
d0e38b3e-79e,1.1333187256676687,-0.06511515574756421
d4895869-5c3,0.1983145187696364,0.04300163848542771
ea8afe91-ff2,1.4302771375872794,0.061396919298108754
350caffe-b26,1.3710271372657021,0.04757499222537376
5cc1bf84-db5,1.164944476466955,-0.057457139540096014
380c6a31-2e2,2.1277009516429812,-0.036038628013703555
96a64fa4-323,0.3259406211192431,0.07062199752388754
4b4177f8-dd7,2.161300196936726,0.073257796295082
67c3635d-7dc,0.4819934113290285,0.03925528036282411
a0ec28ef-e13,1.5704962786152934,-0.04183567891910328
db073946-7b8,1.479530491486965,-0.026952547197689136
c68f4207-ba7,1.9769556726671003,0.07489430128698094
9460e162-66d,1.5165561191101171,-0.01809683167389059
f240584c-09d,1.8588704019245499,-0.06388269760021364
f4749ff9-4b2,0.7514287011539871,0.06539546703105126
038eb8d6-82e,1.239391609690109,-0.01609886640051561
49c42cba-8db,1.292984334141219,-0.08762328774239037
361822f6-c2f,1.6214650175933603,-0.023037990013876575
87c8cafd-f8d,1.1866845055762474,-0.02648823562562186
1ac18a97-4c6,1.60155052947133,-0.05089721397345304
b433a77f-c25,1.035478968161618,-0.05168060320835671
363a01f9-5fe,1.7317435222723527,0.07273384716021913
f60851e9-db9,1.0313035942528914,0.05701649271748499
dc9b8f86-1e3,1.4878971964559544,-0.05382972616065962
6d0b8313-985,1.646204921186878,0.06936551715573136
e6c65487-bf2,1.3092343377439077,0.07796223842994487
ee1453cc-71e,1.7982079989925743,0.05679814011168438
d89ca998-41b,1.4889966146562097,-0.06268360339381529
3a87a938-d50,1.0211053345893981,-0.05105219384206078
72c08c2c-8f9,1.6083191871278415,-0.07049357453914445
3d2db1e2-b8b,1.0422905057655654,-0.04721667714739064
e2b3ace5-457,1.1492903907365488,-0.08097075065113457
4b8f6ba5-872,1.6655490047566825,-0.03829488323434882
c44196cb-46f,1.4675332016387557,-0.07478828977646607
e480b243-c2f,1.1935674302826444,-0.031140534997438574
2db34811-92f,1.1061832851243525,-0.04887949964903965
86468d1e-628,1.002591413588489,-0.028246491772224047
ba956880-8ea,1.3472780800942887,-0.04095611575697844
451f6357-df9,1.180785933802374,-0.06638186458492001
115beb54-9f4,1.4275606696794005,-0.08071873881379826
ea19ade0-af2,1.167652640005901,-0.06874596451716086
68575bb4-b68,1.1113744994724783,-0.0772631377583134
33cb924e-cd2,0.876687211341522,0.07435079830505542
34a875aa-f94,1.4202342117624185,-0.07549983968369772
564e526d-ba6,1.688639328525942,-0.07098901809717328
5844854c-d81,0.9126772108147869,-0.07645919364519438
36b9b5aa-3fe,0.9518111143857706,-0.028282264377160304
68245806-b0e,1.1462053327679753,-0.02757421215329109
418fabe0-2c5,0.9289583884679562,-0.029721686437419126
424458cd-b19,1.0867282987925697,-0.08277584323337717
c0078c19-386,2.4317456687429635,0.07689842469958119
940965ed-48d,1.2149242002908966,-0.02902394741119757
7dbbd90c-a6e,1.2368999552863675,-0.06357319617661872
47e7d5e9-9a7,1.0053293985896588,0.06888408931140666
979d0478-39a,1.3630570986320008,-0.06419372036341703
7bdd776c-0bd,0.9407542909522048,-0.030831628606037165
d479e857-84f,1.561688593262558,0.07267525398437047
948e8ae1-33e,1.4674234440023657,-0.02909215248335334
f42011aa-20d,1.6766241465635916,-0.046934625002302
42f0ed18-a4e,0.44509916657621096,0.027868484820099182
ac877b8b-308,0.9739041721100519,0.03369676677091893
0bfe56d1-115,0.6335694641856864,0.040579420087803686
477b9c19-414,1.3887211302132396,-0.022948590181758155
5b53bb69-456,1.1994109843527934,-0.07870569643054343
f65e9f58-c43,1.5482361817814727,-0.04693325791049163
274e799c-355,0.4078794836287707,0.029798407182407338
1d33e43a-cf2,1.706672651897894,-0.043220949824702815
dbac53f4-077,1.3844608527560824,-0.02331947893826597
22a887ba-c42,0.9829547828993915,0.044175571304475136
9f58808a-a59,1.2002692997341942,0.029989516868029642
ea9e53d1-16e,1.3331979533404115,-0.07244244530444888
1e212f77-10d,1.2527571992528017,-0.03945581100723161
775668fc-a70,1.527927547163828,-0.0646471115764225
76c53052-77e,1.2296955016624862,-0.04823255274212063
1e964a5d-a8a,0.6839080254633075,0.03908735486619708
6ea73124-631,2.2433971770174583,0.012736999126152337
eff8c4bb-20c,1.399248198782462,-0.022885501153545706
1851bd38-f4c,0.9685035209986448,-0.0470945481522127
6ec301cf-eae,1.1721781495819188,-0.06953591313407681
4009215d-7e6,2.26156499824809,0.02913922144432579
d962936c-8e6,0.5189010035494326,0.05238935594342353
289e6afc-fd9,0.997997423038958,-0.07902469018523162
8234f1a2-85e,1.4218719169652903,-0.023124016607876274
f039ff5c-084,0.6619035396084417,0.06177796193856644
ff8b3ac7-d68,0.8393380817356891,0.05067412397604043
5bf69fd2-d82,1.2891005115820073,-0.07583556977491357
766d925a-126,1.0023194992525462,-0.030846002667526906
5c364f0c-61d,0.49246216597986375,0.07281637517939177
7fc6733a-164,1.6150030477391697,-0.040387701937815546
8571b8bd-2ec,0.546155736139937,0.04030430145146968
bf028018-2a4,1.1405211170767524,-0.018674043585202138
efc3e363-569,1.1136503467874979,-0.028169958025527964
17ad0ac4-294,0.9838308644549834,-0.0322602744584099
4c95ae05-109,1.6553493085370476,-0.05839210041085452
f0bae54f-454,1.0424236592646394,-0.08790806068949863
77e3ff07-cda,1.1730953590328674,0.046120920493301076
050ca9e2-cf5,1.0512392884918285,-0.030148046019852826
7cfbf63a-f51,1.3494391358289037,0.037168850190866465
fd997241-4a7,1.3810538928047222,-0.06919766199652594
b26a604c-354,2.4996846976206535,0.08291695313404635
4db08b77-17e,1.193649052659641,-0.03722607286254909
442da322-940,0.9318173080835714,-0.032900465861545714
e124a106-1a1,1.5185642959138361,-0.01924011487078353
8d072ab9-f13,1.0478954184111045,-0.05053669128036775
4029fd96-ec7,1.145484396835701,-0.035404181145559876
86da3804-9df,0.9405695244052356,0.036472290630993665
869c8ace-028,1.5484375034839122,0.038475905697809454
a52264ad-665,0.9073785399150258,-0.02953940008632472
75538042-5d4,1.9002413786625132,0.04420216889719797
254aa27a-fb4,1.1453005176215654,-0.02235575963563524
8bb3639d-6e1,2.210675863419972,0.08250671075798566
19b34a6e-21e,1.8124783143412766,0.04896957685789427
11897397-35e,1.1837440017439333,-0.07165936909970988
9eea6cd7-cf4,1.476321146750693,0.0559914830019389
178c0200-025,0.996183588814905,-0.08551370976934286
46943853-7b8,0.9363977567406798,-0.08355918778618832
daac2852-c99,1.003358208294239,-0.07704767311792687
1ded783f-3f5,1.6526188367307908,0.045741107338634346
8342f8e5-398,1.8763759119203196,0.047447361688905065
55049db5-625,0.8473830208545577,-0.03435916403791428
7f7c71a5-def,1.027736453141007,-0.08686344823753034
d6dabb43-7b5,1.5755806488807154,-0.05805596921037326
3d4db846-6c4,0.7554730578057935,-0.0508478324665424
d3b4da27-780,1.2728380804934105,-0.0713733151138286
264f52e8-9ca,2.0100411615930978,-0.00890297854787192
f4396331-425,0.8255300692844898,-0.08932270079179161
de19aeed-d37,2.223461703316066,0.04193085695732257
d48a263b-918,0.8550659174470909,-0.03945347081418976
cc8a9047-1b8,1.071202897708637,0.029042783283034446
41514caf-34d,1.201518043669151,-0.07169950043442858
6cdf40fc-b8d,0.9586945565745679,-0.07954989380485106
b543af42-f13,1.2462811758782513,-0.052954315891248216
6c8010c1-4fc,1.0585723121882034,-0.06780997731956206
b7f7b512-f17,1.1722480219294988,-0.07394733413150645
9e971ef5-797,1.2382734180733594,-0.08411529292846254
aa6c5a03-9c8,1.2936694699930853,-0.0247578469655646
0873f399-b7f,1.5739082804406594,-0.030642968873873078
e91c0773-e8a,0.939990819613358,-0.0878209078159376
1fd440d6-3e9,0.8916066217262556,-0.03684973692886634
613967b7-878,1.5336413429704732,0.1119678775863161
acdf326a-7d0,1.0778377808372155,0.030172635622085164
979f5505-a0e,2.1628891617764494,0.12446136639630478
b06b9c50-fba,1.1424977653896802,-0.027262616314907617
39a74513-990,1.339897440557611,-0.08678603166228083
81cc7a5c-6b3,2.523497941258676,0.012618389747910852
0752f907-787,0.8603678326942464,-0.027021660086665178
b71deb83-806,0.7251483570205457,-0.02676759075607582
58750b99-f56,1.0198708464241721,-0.026834847862493405
2edfc35f-dc1,0.7394780067678236,-0.030064348503396232
b821e96b-21f,2.379814651665431,0.08297328044469243
b29a978b-555,1.5893207959303604,-0.005552008215158222
807aa643-d1e,1.057497467847981,-0.0390707213645235
1844da6e-c4f,0.7048609264552403,-0.06723747454052748
4a92ed9f-bfc,0.7083863129601389,-0.05610154412642454
2d003b14-c83,0.9944755612371432,-0.08379317246104362
c909d12b-c8d,1.1222604436998278,-0.07963684534249932
127162e5-470,0.7969727180871828,-0.06529735474682591
2274d4a4-f2c,0.8841266463461677,-0.10264429122307894
6a503074-a9d,1.3429656780442376,-0.023753438616733513
8b6d26c3-959,1.0387934707549265,-0.0437873661432821
8e0fb978-998,1.2145227340863765,-0.09309589155793058
44c5bd1e-a5c,1.5462491938642213,-0.06052823981049704
1f28cef6-188,1.0813796507543607,-0.06095249191257934
5c629c23-274,1.1751982684206586,-0.10164748344142277
dcf7ff02-2bb,1.41104648165833,-0.03687834041072996
a93f92d1-fd0,1.0184329077051144,-0.09235295139122252
a0fbdfe0-964,1.6699282052018998,-0.03544705344008564
79d2782c-880,1.2679050893098343,-0.08556639589921206
426600b1-487,1.068569053168456,-0.0467059250805294
8ee448d1-12d,1.0692716592863118,-0.08393761483333068
b3946493-5f2,1.3240014055133011,-0.04426814618647762
618fcab2-264,1.0749363718769058,-0.039632411400140066
71c8f0f8-d3b,0.724257446634987,-0.09251043694094402
891834f1-5d0,1.19929198317008,-0.044188325646275894
0e8c0bbe-348,0.9058842353880827,-0.05397089860850823
9f08d99c-97a,0.6489966810848028,-0.06539048193210512
2056d21a-853,0.7294444205302995,-0.10417021592124615
e907889d-f51,1.2116526448414953,-0.039775567950246116
11cd5cc0-b28,0.9598493684185287,-0.048058309546846034
76bc6f6f-978,0.9361598153457984,-0.052533720184323174
15ee800e-3c0,0.8846713102401229,-0.10126649160330764
c93f38ed-d61,0.6524235032840837,-0.0745562241214161
4889de09-0da,1.3601477336176648,-0.03529529378141416
e2b7e861-386,1.2054864918048007,-0.10278691750981633
7a317e88-a6d,0.708977235022723,-0.06560462605532713
adf51b98-397,0.781601616293368,-0.09197495123530935
f6bbea27-c99,0.9045277143671007,-0.0884024711260381
ad8335c8-b0a,2.4569041106305773,0.09182028149847832
75d14a38-b77,0.7542730726626458,-0.04450979954376061
443a693c-fd9,0.9853945307511256,-0.0439243712584082
d0c15074-9e7,2.0187070385669803,0.02535467826653015
ed11b64e-757,0.9677736106202647,-0.0561345142534348
9160d00d-9ce,1.1374734358009788,-0.10414745664344699
6395c7d2-2bc,1.2084629968463387,-0.09957157789011295
bed5db73-607,1.3527180379730512,-0.07925175272809226
2ac3e125-e03,0.6296839844709471,-0.081447595703251
151fe047-f45,0.9033534109617744,-0.049918655018872105
ee1afbd3-bbb,0.6053911842231762,-0.053423734401254974
903e1da4-d93,10.53000080099785,0.08722782481572688
5d5e1d49-36c,1.0283805211982995,-0.055841757253867974
accc39b1-a23,0.8219649676529517,-0.04484819981307947
465b3617-13c,0.8831903044269002,-0.06693975161238441
30737033-d2d,0.8622279490945159,-0.09649108727268091
b1726bef-cb1,0.8298665294916854,-0.05844481845290722
2f5d92d3-935,0.5921391572292717,-0.02737834382782378
7989d66e-df0,1.167190518882495,-0.052150443373116695
dab823cb-a23,0.8840299575957844,-0.06706838563062423
e7f4a5c2-b65,2.18326223835384,0.09198358170047671
0fd11e5a-8b1,0.410178155035536,-0.03627956965271539
3b76e1a7-03a,0.65244736853014,-0.09999851797462794
612d3501-a16,1.0706483497683057,-0.09777555636034391
b517c36b-c77,1.0012899396920218,-0.059332753960413154
3934da40-c78,1.0101018988481671,-0.0526257176611753
7b6871f6-f8d,0.6370083852605667,-0.051450487223780206
f8fc429d-fb2,0.6395741560374708,-0.0858552463526066
ce57d27f-780,0.836539722370357,-0.10533027322300637
69b2b347-750,0.6002457648663337,-0.06795392946816092
8d9d1fdb-e00,0.6602166148876506,-0.09718824367710233
9013b03d-126,0.7452267179059938,-0.0863596257202246
96efa835-f6d,0.5486743559544346,-0.08908446183597274
057168a1-66e,0.834506193313115,-0.0534801046061113
0621e0cf-92c,1.1931411763652293,-0.03803657636799934
a60148d9-c7c,0.8492320846832628,-0.06672338134329175
d48d12f5-5a3,0.6759974048261109,-0.0675755280714308
a86a685f-9d0,0.9632234751082571,-0.021766499201710865
eb2fbbfd-7b9,0.5375101066401695,-0.09939936838181257
8351a9f2-cae,0.9659874451916204,-0.06926768686131368
e6ddc307-9a6,0.6855915824359218,-0.06885812246952039
ad2bab25-2fc,0.714922194170849,-0.05298321662448091
9fc0f1a4-895,0.7479540158555109,-0.07487976494428189
463e0cea-669,1.02220510587527,-0.04753027610686922
a9661b08-dff,1.1003058580011043,-0.1041951102952175
3bc53697-0f4,1.8271986669615554,0.010423623028334883
c1507d61-b1f,1.4540198672010325,-0.0625833798077754
fa24c800-b33,0.813740359161991,-0.051953134962576863
157f8757-c5b,0.7549157857992765,-0.04969585923112346
1401747e-dff,0.4227786794905001,-0.010441586961875415
0966392d-d61,0.6947984301193791,-0.09545693415236778
d4961454-d92,1.4827347995407614,-0.046095787132302835
0d7904a1-039,1.1024139334032945,-0.10449815477838625
b84f329c-28b,0.9935239413088885,-0.0473416567746302
144e8fb9-47a,0.6257727173012557,-0.04831455000720669
d8b109dd-0ad,0.5665494999122453,-0.08975931298075424
dee25bd7-39c,0.8924945657014823,-0.04497073898324444
95af44fc-b00,0.7048044446154582,-0.047931464948740676
3e314f53-b2f,0.7079570450878183,-0.09325870737527714
f7fd0d5a-734,1.9644846171797306,-0.01991336396843929
13521b56-7f4,0.8410828250207447,-0.10296614842581037
1d69db40-09b,0.6461331842852664,-0.046989153403202366
ac1c62f7-332,0.9471652059349391,-0.08792976047612133
5b2dd57f-fab,1.2187342513836323,-0.09046676758143524
e3a45591-1da,0.8465611653313552,-0.1039281629151943
8327a3e3-ddb,0.9552251049421392,-0.055789602369462954
5c8875e4-56f,1.0168868801790647,-0.0626516537550707
5abb6048-991,1.3053013200165768,-0.03450479577340715
f3b3f091-a3f,0.2361697991963006,-0.0356609740984461
22c25e28-f5c,0.7434132881412041,-0.08130474939738963
6c186f98-3dd,0.848819195485912,-0.07073429737103953
9ffe2e61-2d9,0.6513260791995785,-0.058754695445381144
bf64a9d7-8ac,0.8937594740158012,-0.10644746537585575
aa1aca0e-07b,0.6183694736645935,-0.09144464802550195
2610dea4-9e9,1.104982095432582,-0.06767075518331389
593d9736-349,1.6875681354942724,-0.03030891273625519
061f4503-74e,0.6073734612947734,-0.09234360143670278
3dc682ba-234,1.071353467674972,-0.06119072128310998
a76fa0e0-68e,1.0566092539363916,-0.04983760624541794
636469ae-c88,1.0470853216538014,-0.08108935692962221
a2c10f4c-7d3,1.3068354927087529,-0.03182381818019708
1c0f3f0d-c08,0.8134780466806053,-0.09777961984486433
59251a94-ff0,0.7752651672992394,-0.08204376915278383
371894e3-592,1.1276286041797676,-0.08335645909694706
18d8ad5d-2aa,0.7097590961949116,-0.0613830595916377
d3d34696-60c,1.1599788216034184,-0.03014266412339356
177ad21d-640,0.5631076881680648,-0.10072632263566705
cccb482f-6eb,0.45911387358624245,-0.09395899739560809
778a0450-eb2,0.9847931247330183,-0.07600008784398726
2bab93b8-b19,0.9547010749835629,-0.06081133032778835
ad1d351a-d4e,0.570320804604804,-0.04979351399035481
39427122-069,0.852489340654736,-0.11240886304580455
934e07e2-73d,0.8248598384362822,-0.03699944197475041
68cce830-3e4,1.061893760119529,-0.09437079582741964
4f94d578-b73,0.7769972107891899,-0.05023875525008281
90932954-e37,1.1030084474275057,-0.08461949310383993
b9a2afe5-e13,0.5104302514602178,-0.04964596818966566
1e719706-bdc,0.7028192448519313,-0.04909362603477291
f787db26-9ca,1.2766567373465332,-0.04611268127230794
0de95326-2a5,0.5401432577440803,-0.07744652021309578
3c7d42f5-219,0.3696969932506747,-0.09240857189057289
3e2a4522-2bb,0.09056562712853249,-0.019341272330261783
33167604-5a0,1.0648206500870867,-0.05900948129827027
ebb28ef8-9c8,0.9223504915610791,-0.06545356946617975
d932f8d4-ab4,0.4105104085182758,-0.09129963799825502
0c4e249a-773,0.7583549456248299,-0.07762226946627998
034214e8-734,0.6171881995829009,-0.044815554522765366
b929f2b1-42c,0.578553389437316,-0.10767490848660283
5ff643cc-3e4,0.4591002453498557,-0.010229778324820471
afbf7b05-911,0.5460610480100762,-0.09335597092257292
72ef5bc4-e04,0.7634676200367315,-0.04277404721905309
127572cd-282,1.1872179664256703,0.05923010399559003
89ddf756-95a,0.534986449573722,-0.09588403770770781
d26e71bd-b61,1.0386574519878602,-0.04231179758287079
f2a29ecd-d1a,1.6464674760410216,0.042156857945508386
fe8c66b0-c02,0.702149915787621,-0.09858128420972112
ea8a445a-a63,0.6554010239248338,-0.11015119307292898
66131569-c5d,0.7620057393159984,-0.053922410646587815
01e96d64-d8b,0.6637039359607809,-0.042393129013128805
1f56d989-538,1.0551321460972032,-0.07924862745213679
fddc44bc-3ba,0.8337454587823069,-0.11076667776730575
8e96039e-8f1,0.7868279937859344,-0.07496677363704474
c8774662-15c,0.9577360116278474,-0.05194584203199004
a053a0b1-e3d,0.44296463311954704,-0.051744924154314365
3dd4d846-66b,0.4602273401718137,-0.06629369552326714
4cac9961-be5,0.6643675599434136,-0.09344442140192677
a9abefd5-9dc,0.7271269245733166,-0.059192636421669165
e37df137-8a7,0.5003423595574898,-0.09532575751029643
260afc4b-fba,0.3719581451999122,-0.0868334843110466
dcdd2135-8ad,0.8036996062654556,-0.09421738104747968
1e76b2a5-09e,1.4617239402794033,-0.04010018810894361
d8c94b7e-906,1.05579658012582,-0.03855193209122687
53085ab2-7a6,0.6341318345271607,-0.0867211917191904
00164090-a61,0.65395819550507,-0.08044727684802466
4b52f85a-c68,1.0384096865036274,-0.03776107257676986
391eb92c-8f3,0.6367912293843602,-0.03454069411942007
8f73310c-156,0.5237269056407916,-0.027452177764118846
7c0fbfd7-a16,0.44698711366695787,-0.05993622127149234
25978fc4-b00,0.41008912752306187,-0.04967293896593156
9726f9e5-70a,0.9028118147873433,-0.07866722155852829
b602ecc1-6c5,1.400897014175861,-0.019127526461488298
b551be5c-04f,0.5820357902469289,-0.06528863456445427
3fb4c6f9-4ae,0.4804897232360493,-0.09303628735496355
129cb44c-b37,0.8439607695672902,-0.04152993598183735
3ac59136-b8a,0.8467218431795803,-0.09148681203270276
d7393aed-051,0.5450017587296462,-0.09124078102930072
484c7d5e-6e0,0.6260567465501714,0.10252636412162386
37bad653-389,0.30999716667359106,-0.05077432255928932
05e3342a-e2b,0.9908621154606168,-0.04731883924992808
52876730-d39,0.5188065215150018,-0.06277749803719501
0920019a-848,1.236338010528155,0.0931873011890324
90967c68-1bb,0.47828531373846817,-0.08389624658129763
db707d58-4b5,0.7479793298860473,-0.05481621575817314
90b33303-6fe,0.9502343761163379,-0.09448764164281137
5431613e-ebb,1.4587817859403156,-0.016046632210441836
4a2e7231-b95,0.8346361200202781,-0.11301364129579095
fc7877a8-eda,0.38776092529016026,-0.1067384323593838
f3586b41-51f,0.49772289516258184,-0.05840327974434867
28e40bde-d1e,0.7716666698258018,-0.07940833852018808
fb6c9f28-479,1.0451956728865908,0.043939528265541816
d4cb716a-8e3,0.5015416092638701,-0.09761703623256723
6cb356e2-219,0.7657803159649406,-0.08234149324024581
025acaec-53c,0.3949441373722894,-0.05059813062196161
3744b715-f41,0.5888577713665022,-0.0968865521795999
9bd5355c-7bc,0.28883494136544907,-0.10344160511106248
e915cbb5-eaf,0.6233541349832696,-0.08758379643865821
71b819fa-fa1,1.4734832888205016,-0.009760497035517735
e6925538-c7d,0.6602625168988775,-0.06296308529625955
a4218a62-c65,0.9561517083803284,-0.09328539644457523
545147ad-a13,1.1879146791902404,-0.029714168658767193
91b01de0-152,2.4171170486110465,-0.007676625195985498
48cabf34-f22,0.3324620965434635,-0.04875938978926836
4e89c898-c48,0.6977860222865735,-0.07032640022248776
e9418576-2be,0.31359039248828663,-0.06126215944363633
25e2aaf6-803,0.8977058635293922,-0.10103041648164246
84015fde-fd0,0.5258718628125548,-0.03851576286535624
f1de2b57-838,0.6026040334940559,-0.04865567146084393
e65cf49a-e0a,0.40120762047663183,-0.09943418671117732
03572819-196,0.35260156141056564,-0.083479877439054
0b7c126a-00b,0.3455352999190949,-0.07239725240798811
248f827c-e27,0.3255089501443976,-0.05655740112083518
19a64aec-b98,0.8451280897890021,-0.03258389182046001
fc32ce3b-4af,0.19426846145661844,-0.09977982750243797
d3a5ff9d-3ee,1.5443105536330481,0.06922938872441997
3d716902-9f9,1.0329183498908714,-0.004375835166000375
f5c38e2f-3d9,0.3032210626455295,-0.11152088093695445
be30520f-a30,1.6128455560264285,0.01836433941686577
c250f288-d85,0.3868190092894873,-0.10076255298828213
9e756efc-333,1.0244515889116739,0.03216523958919648
c00c9f73-5d1,0.6410107662690915,-0.11312588917002592
fb740c73-f86,0.8107606399571201,0.03663051421473973
3a298b51-7bb,0.5095039107879231,-0.0941999996363771
ff040451-782,0.7220382076060582,-0.02340596060541761
38dc6893-914,0.4896996340677914,-0.043371548243683555
13a347ce-499,0.5611295108307185,-0.056570253097005974
507e878f-9c3,0.4698134147125336,-0.0421558206821569
5394680d-2c0,0.8771963938997183,-0.005141300097163404
521ee59b-f24,0.17774739693069633,-0.09829188165364361
89b6cd4d-107,0.2840470905512359,-0.07928438250340147
755e79e0-4b2,0.2690734047921699,-0.040718112556519526
d7e5028d-c6e,0.6753692493481044,-0.11085791941521889
24f2bd0c-af4,0.9631379967382795,-0.035453846386344856
e8f0ad48-a88,0.3217900573212641,-0.03525109367679291
3bcc8d7f-ff1,1.16763508281399,-0.06487210103671293
2a399ff9-7af,0.25244436371375756,-0.08951232289224514
abe2b9d9-e2f,0.16658801075367796,-0.08092129251507046
d2baf817-a06,0.6661735134773691,-0.10424467534487303
2aa6a1f4-8e4,0.5303856327553311,-0.1084857024208365
6e96371b-535,1.000581096971104,-0.029156891558191067
965f22d7-00f,1.24738434252604,0.05269451053033403
41f20bf6-611,1.30685227085198,0.025796967133580595
f6751c68-ea4,1.0274971061974734,-0.005695589049221628
9517544f-b8b,0.35189596029110815,-0.09894973908627774
ccc96854-d72,0.8879075106158181,-0.0716089450531493
6aee2178-a9b,0.04681679933145497,0.06804991189881571
83752079-53b,0.6112163039847656,-0.05825667767519699
afc312c5-5a5,0.14435339818990423,0.0791088111319248
9d11a52f-efd,0.6305217798269135,-0.035229416050766016
286f7195-4a7,0.49223831763521503,-0.09896963916421703
00a41ca9-f0b,1.5829677573509728,0.01262538284748016
830eb194-086,0.23649720988042122,-0.0560197502984362
32f076fe-ae9,1.4252857486338006,0.046974019313389404
4bd4f0ac-3bb,1.6912133805219867,0.04686825774290726
bda068df-ffd,1.4029242317712558,0.04256795590705453
c098fe34-fc5,1.0068543389180504,-0.02940854183066166
3871fcef-b87,0.4045969244215734,-0.06368406928628895
33004c55-636,0.21121931736045166,-0.06358678273838408
45cdf1dd-377,0.5770879573562934,-0.02388695751603359
64cb6dae-a1e,0.45622301827605516,-0.08097407743430352
fb96658f-0f9,1.6260845167050304,-0.010026446421855795
649688a5-08d,0.41864476934962874,-0.04196612134640754
c29d45b8-05f,0.31503088443755445,-0.083022280879537
2fb80954-61d,0.3705089424786867,-0.09697395687227844
abd9eec7-008,0.2310860491518303,-0.05058533722218245
58a944cd-3dd,0.39379518193883234,-0.08695268280991575
e7884033-52d,0.5830527073936256,-0.06743978232751452
8c884a27-6fc,2.380883628550837,0.004263776438204858
6b74bf31-e0d,0.3692201018690772,-0.06513335401257908
d0984b8a-709,0.6547369014081313,-0.07893248568139488
90b9a212-f8d,1.1611070114354758,-0.04051775898225324
56e6d01d-83c,0.9083437140777154,0.02662391186867441
fcbc7213-935,0.38976103263240913,0.055765030835862706
04e32986-b38,0.48186798041111056,-0.03024663977224329
b7069395-c25,1.1966277545957476,-0.021147612242421177
a6002937-63d,0.17802086559734173,-0.08579826331105067
7d1f9d3c-364,0.12747311109470189,-0.041901447841233064
00b76052-cf1,2.1764043589943247,0.10589903232772235
1a2abf3b-e61,0.1506786240521762,-0.09846189146910728
406a612a-e4d,0.207294925133031,-0.09874114896048758
ae48cc92-85f,0.11795137889778479,-0.09969012203984595
2e793ba4-16c,1.3856415845870973,-0.03045142901868686
e9c8f2da-dca,1.080949017286379,-0.018300850268541557
ddb3519a-3b7,1.2527439829901978,0.06837048452006977
0f2fd0ba-51b,0.877388855626426,-0.06820706145513711
7118aa34-3b6,0.625621725006866,-0.040326790077322094
4966f8ba-f5c,1.97107275146668,-0.03163379285211976
fc9101ee-0c0,0.20234178785795284,-0.09283397298283241
c88950f8-dc5,0.20448387745367697,-0.05560940865885161
93a788b6-aec,0.8201903961795369,-0.08260719226980723
c48f1502-14c,0.4338829421497964,-0.026467962479964247
7c57015f-72e,0.19336004898112094,-0.06453225564281717
604e3ae6-1f8,0.12177631368952209,-0.08073812580218342
d4b9b4ab-449,0.30304231140746424,-0.10001283601133099
dcdb50cb-31a,2.2841333603103995,0.045273272007631093
dc87cdb3-597,0.9456204214995367,-0.025671539620549133
cf93ccb2-381,1.525724046675742,-0.005435667873301686
e635d8b4-833,1.0093894003194117,-0.020446676549575826
c1eeb8dc-25e,0.6669876501802666,-0.008495632409764475
cccd1457-333,2.0347169687155664,-0.007089772597363986
8c400bc5-a2b,1.0804962632037998,-0.0369235580242232
8dadb7c4-19b,0.24382835500398453,-0.06396870726555809
5342aa17-202,0.358078485264414,-0.06387426104123739
be4984d8-0a5,1.0456840272509238,-0.0396224704154966
b3dedc9c-5a0,1.0479612558841063,0.024562297398397437
726fe7f6-691,0.14663817435236887,-0.0490614322842004
cfcc10be-d86,0.8921754334451695,-0.06135159234627119
77c62bfb-896,0.32231606474993674,-0.0765156542394076
1a4b632f-454,0.6641599682444842,-0.09327249329443588
41b8d123-f03,0.3297967954149169,-0.043419813598210955
617f2ddc-7c1,1.2231284535787892,-0.08234813350304698
fcadef7f-d20,0.35788957586836945,-0.05420000903498201
e7d2915a-b04,0.7782935122746605,-0.021501457005105085
c54efb05-6ab,0.8916812930703334,-0.0303147749861975
6acd7aa5-e07,0.46970887822714874,-0.059741486423853296
e7b581e6-450,0.8543566131219262,0.07003711737016638
2427784e-71b,0.03326618074194086,-0.10939869845635564
44e5b14a-d09,1.1255428023718106,-0.028040504483105966
e974256a-619,0.32593310905446893,-0.008987835851073822
607dd878-33a,0.883413051569433,-0.01214648892743242
d4e35fc5-787,0.6272617419580074,-0.01008048320811894
b4e2851d-047,0.13068284592268248,-0.07367482057046759
79df8f83-446,0.2996442026741191,-0.042613866596590444
9ef419fa-e06,1.3707299432928741,0.07435168382210944
7026b1ad-b62,0.4662332933114126,-0.09708642321280475
105a3cf7-03f,0.093323573884102,-0.043414537798187824
1af98294-b9b,0.039791864923335744,-0.09649379348805204
16f4af65-41e,0.6123680731329748,-0.032932631559970005
f33cd023-64a,0.2554449443569915,-0.0841550298365219
2999f1a5-1c6,1.2702508314187964,-0.0223310418095512
b5056324-ee2,0.5459069206437115,-0.029058498567439417
3611f49c-66b,0.501755427088584,-0.03241559215544043
d20f2e2c-5e5,0.4862878241214011,-0.09434780368015627
0e19ff40-c30,0.18288628571127968,-0.046758449803179836
eb901d08-480,0.34627742780751697,-0.05582224271585701
f8ee8fa6-df9,0.23225399361774646,-0.06354479059647394
41aaa04f-57a,0.5283837534602988,0.0113458818811083
124db965-1a4,1.3125491610460875,0.041533232079376314
23aa1f64-b52,0.3889899238297718,-0.09868289337527963
7808e033-816,0.7448093242452288,-0.08888562265632605
1bb07373-1da,1.2409956761975434,0.031366385691314114
dda09d66-5ef,0.3297476589965258,-0.0015411435824662645
5f74de4d-615,1.5214439777575297,0.006645012075441548
ddb22cbe-4d0,0.4494887863090134,-0.06363236083578877
93ac28c0-c7f,0.5742351384183618,0.05382102582788506
aeedbb5e-88a,0.7507913217108199,-0.09002383088689014
8dfffae8-a34,1.6542807678203166,-0.009589213730721302
00f94dd5-ce6,1.2313351548341713,0.08379885412894605
eb49e1e9-6f2,0.5172219017385626,0.0005575190284522469
840d4469-353,0.7885078440725443,-0.07594674300625104
48438969-612,0.2924828863343166,-0.10712726353861562
4b7f3e54-b56,0.7303314477503007,-0.055925878584438815
855d9617-824,0.13240271403380938,-0.1111693796860177
e01b192e-a25,0.5132917817577806,0.006566302195765039
1877b5ad-02c,1.144280594998235,-0.002739233276812414
dcffbb31-595,0.397330401571068,-0.03586904301122529
e718e47a-2ea,0.35554876456718143,-0.04670863316172186
c6b91468-edb,1.259923985703409,-0.011015034101473642
585ffabe-5f9,1.4617743579272977,-0.007167438803494519
1a72dcd4-001,0.18197826508485673,-0.043690853940314134
ce6c3dc1-e67,1.185192476419001,-0.024739875650275023
edde4744-205,1.4808370162720443,0.06792254903119532
2e497e58-2ea,0.09375571417910257,-0.11257982426616314
9fd8bb2d-39f,1.2748141795782413,0.009138484691220472
5c6ebb4f-75a,0.7817637944744839,-0.09826280614657884
800ee662-ec2,1.6040242546844734,0.06490687421938113
4743fb2a-42d,0.3359350056870455,-0.07857396054706722
bf0a3f23-8ea,0.1385262144345539,-0.05091362545588202
4211a6d8-6c6,1.2412826376329833,-0.0331334867549416
9c0afa03-5c5,0.25277378620117597,-0.10906590270215905
4c87834c-ac4,0.32626803952113276,-0.11054068375622766
8eec55b5-9dd,0.5236666231809719,-0.04351943829267052
a2c783ad-2fc,1.160834613450074,0.05504351590569623
4e3ae5c4-58e,0.622825398186,-0.07234724933752013
f2524867-632,1.2790276042708093,-0.034179248426645714
cd6cccfb-27a,0.5361537424736765,-0.04458497570397152
a33b116a-607,0.37519852662341324,-0.07633635084389728
ab457458-99c,0.582933381002806,0.04164507974625864
03e3bf84-c5a,0.9623309175044534,-0.030623554428108324
3e3c78a2-c80,0.4102434154904582,-0.060487258211032735
f5fb783f-dfa,0.5862174436307679,-0.02009630101313159
96df5e1b-254,1.0710630064237152,-0.04316655043096446
d502c2e4-2e2,0.4102117608605842,-0.0871193591167358
f47ccc66-db1,0.6696808133358909,-0.05258335659757102
7f1aacec-450,0.7616607886494419,-0.018068955767461092
53baf8ad-c97,1.1493426980013286,-0.038321376225253
fff65e7c-37c,0.2829802720342433,-0.03225373540984239
51aebceb-3cc,0.1641494865623525,-0.07196429494949946
0959d8c1-141,1.9240311416921771,0.08647815860480557
eea87e89-360,1.184661879244224,-0.0071459662840133165
ecedabe5-b12,0.2803555307102683,-0.11189113938237333
9c188269-494,0.30774382096337893,-0.11463579505055721
c971abc1-58f,0.3533547713052381,0.07705144898225003
61f0f9b0-55c,0.2568881072127755,-0.10023123597065836
6e0a5263-d4c,0.5196492661461272,0.01978035125342137
13e4d33a-2cd,1.0388967623701975,-0.052822001828778886
88bb641d-318,0.6431800942569113,-0.055542906101485046
d9ad15b7-1c7,1.3679455962469864,-0.014064992995912629
66fd9cc6-ad3,0.6213037066698255,-0.040721134958199845
dcf5a047-06e,0.3772931739066119,-0.1005600821352387
9881273f-2f8,0.2037366219932883,-0.04065555352088107
0f5714d2-151,0.5517244576010708,-0.011890854199628653
9c17abaf-f20,0.7538304536828234,0.08644595379868225
42fb5e71-a8c,0.3841989033795431,0.03574433546157896
c6b088fa-f7f,0.785213460860101,-0.05621639235192172
3d915cb9-c5e,0.6835602875993063,-0.04555585031086856
92fb8243-645,0.30129687705954694,-0.04837357929399638
b4286881-bd4,0.38056914054745317,-0.049986042561655286
7f8da46d-77a,0.3261464114037518,-0.050766774840719564
061a437c-459,1.5165810767519325,-0.0179729174956767
33bd3b2d-427,0.7361066234475643,0.030647333309066327
94edf1ea-39f,0.32641213435295424,-0.04718460949533032
c2459298-ec2,0.7471892876760416,-0.05206797317132
5e8ac35e-f0f,1.0383785239238597,-0.07153288264049279
eb9b093a-55a,1.5844790409202487,0.04111540390877211
cea723f2-b77,1.4513894145241093,0.03956945681475332
329e4d94-76f,1.3572463333269567,-0.01000614854727122
6d1cb790-41c,0.2943972050578,-0.0856725221645222
5d4f41e5-27f,0.18401893969663546,-0.1159350163915846
d30f7466-177,1.3139872647985689,-0.019850997516707658
da3aae29-aa7,0.429886159478104,-0.0709935301824216
d9054ea5-cb9,0.6298776817583758,-0.10945205286591897
aeff84f4-d05,0.30336744085290657,-0.05309215726465105
3c80fd82-a93,1.5918586873707317,-0.0019462285503281662
16f7a9f9-1dc,0.5334217977208036,0.04646514163093063
8bb67e24-7ff,0.3469270245959427,-0.10853723994683612
b2395e33-5d5,0.49541517800223156,-0.04924473503482951
10898ca8-d5a,1.3031828425909062,-0.01747240594645222
b02d490f-b1f,0.9114020425315504,-0.012767340954422834
ed3d7947-bb9,0.635935495831846,-0.08825781941388267
2b54773f-5ff,0.7718368692910649,0.00031578563240974855
40e5d9e7-3eb,0.7530322132127735,-0.04597188116409068
177319b7-68a,1.5161815756468602,-0.05644839455965145
6de42bcd-b51,1.0119368715951484,0.034617314127908694
106d37aa-3e1,0.6163211385588434,0.02704071120805196
76c96309-a77,0.31468249255421443,0.06716635594314924
b3194f97-f56,0.8074777056445162,0.038545733967922824
d2a73e1f-839,1.327554092029281,-0.012479942304428282
072ba1bf-efe,0.6626756483313082,-0.11169193806439615
e51612b3-4d2,0.21360857330509403,-0.05092247161049124
b1640fef-9c8,0.4060245182868808,-0.04645240594688954
b71d0a74-4ec,2.136973508602501,-0.031459356188081156
73d24c8b-44a,0.26312602727605827,-0.0791990839943188
f68b132a-a66,0.948241046400699,-0.0550740022110357
d2a05a1e-47f,0.6991596057766498,-0.044994743429715656
76226293-35d,0.6247680640467935,-0.07032374742798009
bfdf2c40-637,0.2973962404720379,-0.0638817497194421
b453ceb1-bed,1.2422349786843798,0.027107300305379223
6a8ca39a-bee,0.24978547087711145,-0.02909015711074797
2d9babd5-ee6,0.8889867105407033,-0.0580575240580703
12fcf747-755,0.8990624624101449,0.02603714766175469
395d29fa-84d,0.7995136427791347,-0.03210786226364509
3cbcfe31-c14,1.1614108858322671,-0.018909113162300983
330fd201-114,0.6593459146295612,0.029484458799294733
ace0f922-69b,0.35732972090077947,-0.037714093214821665
cc55ec8e-320,1.0446320254763055,0.02241912992205186
a42a30ca-a60,1.4773321013056722,0.06878411178535437
3ddaeb72-3b4,0.8915994205022544,-0.04434620869116579
83b07261-86d,0.14868164364123865,0.019971050227171938
02fe814f-06d,0.7776037638992469,0.02337261000565638
c0477e09-304,0.7663669890472112,0.06844803748814099
3cba8789-0b7,0.7373504295826324,0.048261334493041264
d3650bcf-c0a,1.2191323415758648,-0.032097154238698355
aeaa84b9-7b7,1.2842154813702624,0.06627881021503979
0d4b85d6-504,0.7162120575773772,-0.07102484375022838
5167d992-d69,0.5514049548519603,0.005938028656119698
6b88619e-a64,0.3860953411075519,-0.017783364577679428
055b4b48-643,0.43727395569464256,-0.05281464648058121
b1dd9aa2-3c2,0.4222429695420977,-0.09198115178016736
e8331ad3-472,0.40199523019060973,-0.09961719907521605
56444ee4-d53,1.0214415269684092,0.06450013107689034
ab6f804f-dd8,0.6379223597398773,0.03269988925210976
4c6ae2f6-610,1.0203605295451488,-0.03966301737256994
69034714-f37,0.6322449403784843,-0.08883624074843721
d20fad7e-822,1.1756439052500522,-0.07296428730034749
456d8128-b60,0.4848891136763672,0.041973708403678534
0a996e03-209,0.4021926178926213,0.040346790446590064
13f8d518-077,0.8053971050110141,-0.04286519712433162
b692acdf-9fc,0.7402710188919147,-0.03390794711622502
f2d9976c-e07,1.7967743777598628,-0.0031919312034547898
1f916c00-6af,0.8248074236810077,-0.11261938463525151
61997d55-631,0.34957540857724095,-0.11120303504246087
c0ccbaa4-0d5,0.631628749888605,-0.026288201602212125
bfd6a4ac-e1b,1.7191961619390805,-0.020208119360962562
f24ce533-c95,0.6351813700662923,-0.09797272050664735
195f5f38-922,2.5194415918806623,0.07434738488731818
d47dd2e0-1c3,1.0997265242913206,-0.04013418948318681
d44bad3b-d7b,0.5476345780938896,-0.063095297744926
0f81f52f-226,0.3502817343381004,-0.04952905695940252
20edb676-c92,0.2252802739979632,-0.01357715240880003
053c8383-f1a,0.9678618541553621,-0.07472281270525666
26fafadf-322,0.3022283616524065,-0.06835308728177958
e4a6505c-b40,1.081295356012629,-0.03407115186026327
2da39dea-75c,1.4817842712308362,-0.060298378455966195
652f95a5-78c,0.8072992383290836,-0.019010839894672005
15328042-d7e,0.20652176747052847,0.03608455120053522
fa7311e1-341,0.8150075160636485,-0.03157799520628218
bb936791-c90,0.3775925980685588,0.029771330071406754
ee81e000-6d9,1.234852484431217,-0.0019980014632863252
41dcd295-7b7,0.5915868099859221,-0.10002938057158156
40afec90-068,0.657463509519858,-0.0584426030279242
3d5ab41f-518,0.7667317566466384,-0.00724053857811463
6f801c76-15c,0.42042318187486993,-0.08100972317013827
92fa16b0-ffe,0.3598213004945262,0.037010315586953446
eaffaef8-c6b,1.1072200542359585,-0.04219521163671025
97880ced-2c8,0.9194634550233052,-0.11330067952563166
9c7a8e85-6c6,0.3250150905820927,-0.09949173514221094
16324183-17c,0.40015442896094144,-0.050326094236882
72c2e9f5-b9d,0.7042306452747591,0.022350611516714358
29f7a8f5-f7c,0.8349197351394275,-0.11404568796574033
f81ef515-5e8,0.8719663173993792,-0.06270020224100026
d676cbff-128,0.4309163239231987,-0.0912470458272206
6e0c5b9a-0ae,0.3479642017912092,-0.032875968883930684
1decfa07-d1c,0.5070177914296938,-0.10544493141586841
61fa5b17-a3d,0.4952328334488147,0.027680263142509154
3a439748-905,1.0218961644606992,0.025149578530127004
b6c68476-c96,1.363508390371939,0.054798309747639995
26612f81-164,0.2715549667206608,0.028617250131726335
cb3ce5e8-a8b,1.2133391687588764,0.03750423209332199
efa751e0-b02,1.1216928356377185,0.03298064734274375
07b33a69-cb4,1.0202449974092636,0.031425825542843566
be808c6e-931,1.1511849293979932,-0.0482619046110736
004202d5-176,0.3383612042707035,-0.08000444203445839
afa85c1f-fdf,0.4817205375827372,0.026105011726749394
866639e4-c40,1.670720262634076,-0.02170794367759571
d9c15414-f80,0.9687371317111466,-0.08341857326592073
0a3b3889-9c6,0.6129015772709978,-0.04554410958647859
b4f8668a-dcc,0.7395811901760906,0.03674396554712367
44e40dab-c1d,0.6379926182433252,-0.025558365709555053
b03c817d-1a9,0.8355790978836144,0.025337901783914263
2684f995-41b,0.6536965993826197,-0.05895707472828199
e3b5d5a4-60b,0.7977502159068744,-0.06277714070101736
5256955f-8bf,0.8230617362109417,0.025515650065300544
9e2bd5f5-eac,0.6838819872946582,-0.040398577102384314
a14d2b92-566,0.6020376031910853,-0.06551167835541521
608f8719-614,2.383225031827015,-0.0001956309657331623
7806f357-119,0.4480037572883968,-0.052257537906135465
661a81c8-7a6,1.1810858022111366,-0.08800313713064267
9e559a82-a4d,0.9755582040368083,-0.07784142447501502
d73d5535-604,0.27851086489561916,-0.011811608816816588
0c7e506b-d70,0.8073647596952234,-0.019736662304873254
84050538-1ab,0.6835002011566136,-0.04689797231665965
aff05dfd-9d6,1.2242719681176424,-0.03345416768716847
e4b7fe57-fae,0.9014085241865375,-0.09882824752587355
5900ea62-83b,0.5066528022034752,-0.055840444261855415
c48c8aeb-b81,0.698890271555168,-0.062168428092557404
a243c8aa-178,0.9109227495125155,-0.04410039749175676
50878043-1d2,0.6610646094006751,-0.10261100165493686
e714c6ad-619,1.218295582246551,-0.0015620356762129917
888a0384-233,1.0709324019935187,-0.03612981434312745
95ded421-0c7,1.6005315442933736,0.028738737379195967
85c43f72-c9d,1.5608347954670254,-0.01566016661135422
0847abc7-8a7,0.7810012588910427,-0.006398634618218657
a0f1546d-6eb,0.5201042371124944,-0.05268051313667599
648a7e5b-855,0.7677161123287447,-0.04752083350998765
35574859-752,0.4417840394769721,0.039232030513151495
b7b88b88-428,1.2322153464883225,-0.04133167549816391
31be7819-17c,0.16834902021486736,0.0030812424086510415
550bf3ae-512,2.182991024806492,0.05061677834155598
19fdbd25-641,0.4767209209681253,-0.10324828128585062
10b51dbd-3e4,0.6719096744420562,-0.04229334998010453
d301e572-75a,1.1365144558173992,-0.06627946085958802
fb3132f2-3a6,1.0215384072963598,-0.03879443824976864
c29509c7-7d1,0.3539550207401297,-0.020816984793284254
854cd3c0-b5b,0.4175984048290555,-0.08203676773346347
533cbd78-07e,0.8291066566639742,-0.07341355136916489
db37bca9-f18,0.5310409430148143,-0.07623924690790268
f3c8c8cd-f8c,0.4299743428102283,-0.021689717374078654
72b55485-74d,1.7736100424062087,0.05861522410442643
7ca93b88-3d4,1.102082955302326,-0.08778618091808138
1ae00d65-269,0.8539194758834809,-0.05977855520069347
f8366bed-d7e,1.1105110991345355,-0.048803055308776766
f2d18686-d79,0.8760745915842312,-0.00553490287080366
4183db48-6e2,1.6037499975583578,0.05643546487389606
91dce293-80c,0.27232529429129665,-0.020663221293631295
c52e6373-711,0.4450585573245384,-0.07411092322362889
d858cdd0-142,0.6648076762653754,-0.025876828236469196
b0723fe0-abb,0.6453519074484918,0.008910300439449736
418868ab-2e0,0.7270991296847588,0.05668858979186964
ef524b63-5d9,0.5938365078235857,-0.10498451273724663
fb1a655f-378,0.9073278952068192,-0.0454617771635647
8cb7ca03-c69,1.390344576455389,-0.07914789621981116
c90c7977-603,0.7207700701080535,-0.011861113846685312
298ed251-4c6,0.5825300665777309,-0.0537905263983226
71133766-07c,1.455281444786602,0.04587260690094763
395b935b-8fd,0.6260119908810569,-0.1105335965820004
1dbfa551-c2f,2.1730229830055485,0.07422147627878017
81aa009a-f91,1.1213802998634939,0.06950541305461277
2bd22522-ddb,0.7859607364657349,-0.05387352826016806
c69f3b0b-c2e,0.4922086807355232,-0.07984244349439268
c3e5a7b1-7b2,1.0030220083122559,0.07751885768117062
eb36552c-ac5,0.49383065478364613,0.006693183414233417
945c9137-986,0.463829958484585,-0.08968184230358356
1458fe91-da5,0.4986794788628671,-0.05060427018313918
7e7a5403-ab1,0.5996708332797387,-0.05273826535283355
b76d4354-a1f,0.8635403793962099,0.07972419219291815
11f5fcbf-8ad,1.3803417094454602,-0.03793204197575423
595cd056-8c9,0.5061977021357834,0.02810855636350429
00a41d5d-ba1,0.9088553545146237,-0.06937214605047992
58aecc52-0b6,0.5833617653409943,-0.1088589957389769
f97e9086-932,0.5128724627778644,-0.06850344270136027
5aa3e3ca-a98,1.1418894887539444,-0.020583565087727185
72977bce-46c,0.8067156281630852,-0.09527517878425568
c7351c43-547,0.47331541918708003,-0.09279697190826147
5e9099f5-a75,1.3586293624086498,-0.037265723158959985
3c5ce360-942,1.09815092902456,-0.08366699943934708
b05753b4-1d0,0.8579186748084341,-0.08961628680305972
91b9486b-6e8,0.7353910497172369,-0.0925755742050175
652dfabe-6a4,0.6181689125524548,-0.11643512728710059
9ba6fdd4-c07,0.9810000972397832,-0.068784602265408
8247b545-cc3,0.4744907485338598,-0.05950106562795865
6b2f395f-67f,0.5809391815217004,-0.06721016744147612
744b5e5c-c3e,1.011909125515025,-0.080161082864875
bf85a1d1-cc8,1.3382045523986679,-0.06888881128108115
feeb092a-55a,1.5914172686268873,-0.09503563729492548
312f6d42-385,0.7113669774390877,-0.05361791921605624
cab3954b-315,1.2219968311871363,0.008962597531607108
a7de538c-84e,0.6451410973951347,-0.04563465056153038
81b12313-916,1.242480460326432,0.08799727445020211
7c7eca22-592,1.6946485772109032,0.009456376884672713
43d506b0-a7f,0.6729315119123591,-0.10681373691710216
2e871e7e-d0f,0.520750866538043,-0.055198088623199304
ed72c033-bc2,2.040227038810378,0.0263324665817124
0c818d71-831,1.1409015192489669,0.05200806561329796
f68e3833-ab5,1.2179639726052756,-0.04312051847705195
b85125ce-f7e,0.7014906920404218,-0.07271411741209571
fff267ff-9bb,0.6232326230869935,-0.05216776389745209
ca6c3ee1-de5,0.7075807642986965,-0.0443079667141722
5b383a8c-5e5,1.0504957532825339,-0.010647591735631678
93db552f-0ff,0.9069114772781155,-0.10219673950251074
fc90e669-51e,0.3390725828627948,-0.010978499465260971
3c6805a4-63d,0.6812558819080441,-0.06195877027225988
c8d52294-48c,0.6195089971116235,-0.07989262840409123
33b772a7-0e2,1.2977919302021172,-0.04870291025791196
d6c0842a-304,1.4710475198013102,0.03632757387463903
de9424b1-5d9,0.6595283264821493,-0.08386990974397035
fdaa9105-4b7,1.2661274063323114,-0.04228156814500933
64177f84-c8f,0.5968376092480391,-0.051779006373432634
1549aece-b58,0.8658472000157121,-0.039395081515956165
f0460e51-ceb,0.8348251328827504,-0.009702942365578116
8cbc61b4-ff6,0.6950680142637968,-0.10943904590538556
0a0901be-b93,1.749286682137383,-0.06330179382433221
79ce612d-919,1.3802730026967622,0.08568460744501682
3d906b4c-1ac,1.599616884174826,-0.04515341123216288
3132be19-df1,0.7827354388376909,-0.015810487319651068
d60d40fc-26c,0.7416874606492927,-0.1082326989601417
c70a916b-959,0.19188191789086087,-0.041817303514849136
135a3ba7-a43,1.338194024385282,-0.07434336634277117
6531a67e-cca,1.6202974089483342,-0.013480138841710954
9b9976c8-2d8,0.6702127134658575,0.039353292130658524
e33f5d60-cab,1.407234059421302,-0.038895779814635045
0a5f3960-69c,1.0437427456016577,-5.626482398213284e-06
bc4843b0-171,1.9249092145879367,-0.00913233590575735
4658b045-187,0.6170111317737905,-0.019791313529035015
c6bfade3-5c5,1.197663528257963,0.027692428801056823
47997791-cf3,0.8294940097145608,0.034802373220884975
61ebda4f-48d,0.6195530313888684,-0.09417747256588865
efb927a5-c9f,0.9233876063152922,-0.06740456531876848
65c3bf20-487,0.902476825607816,-0.09642819347495263
d5c0fe73-8aa,0.728982737750858,-0.09167372850253136
f6976282-c7f,1.3306927603261678,0.0940893179826835
df5ba076-908,1.9687098179585307,0.04401694502060449
10a91832-a82,0.7181485319118865,-0.09901732519347428
85160e9b-5f1,0.6858995365241887,-0.0020697337489715695
31191b75-870,3.085965351757047,0.06460356879927454
efd7d17f-c2f,1.1647756017973283,-0.01259189309733294
e081b3a2-053,1.4002497589121519,-0.05188157073188088
2024dc2e-c99,0.629448105534909,-0.05288934450347571
c37119dd-165,1.255241778576402,-0.017516319815409298
36d371f4-116,2.989466422436249,0.037239104820414815
685472d9-727,0.637644332068241,-0.09224192212190574
3ac30e32-d0a,1.0575164618115418,-0.0437900803360074
fb899c82-f74,0.9030369898260638,-0.09162764764530135
4602b22f-0c1,1.3046441454451583,-0.03710939818939574
315b7e59-898,1.9258750666894782,-0.03905215178266369
f738a2a1-fc2,1.6266503415351417,-0.016219021021884772
03e0ff13-aec,1.0540236435571573,-0.0549781321421457
5baccd98-efa,1.0512120001466505,-0.06311589088487685
22f3d04f-34d,0.7743118329624393,0.03534871067119072
1f7f5116-908,0.7454077138883123,-0.015085477647034828
696e2b0d-f0f,1.0548991222204975,-0.10876118987035932
82127026-267,1.428059718387435,-0.04489468659842233
3d9ec290-289,0.8564700653929214,-0.10270143858849928
7372362a-02d,1.0687521589960296,-0.032110315126058
e05f0714-1ad,1.155448070173397,-0.09922010838845152
4d505a6b-b21,0.857378942066897,-0.09220286813588413
5ae6e41e-6ae,0.8342716809055225,-0.08276185064033481
50571d1d-f20,0.8812977188661284,-0.09759474561248505
e534edfa-549,1.2068473525600198,-0.09232450392282393
6875c6b5-095,0.7333118617974714,-0.09989828947733254
88b37400-855,1.7399042008355892,-0.08757231227951345
fe0a3baa-6da,1.2125583563043794,-0.0033221120635885115
a9e2e909-21c,0.6612968255363698,0.002345192677657315
b0746b0f-a35,0.8263607404201527,-0.052646152938100155
1eb357bf-10f,0.8552900417396239,-0.058772972398431045
9f8cec95-81a,0.6862613870649248,-0.010003946221266824
c9676f59-30e,1.4119091631551641,0.06150115573473003
d1610599-d31,1.5827392658537283,-0.06894168499443798
d2ad5715-49c,1.4019973858260766,-0.08547640753218222
b6b669ba-bce,0.7448669902959876,-0.10973840642888721
9893bb4a-771,1.1065964524588046,-0.07408206602027767
40278da0-fea,0.8661496159960057,-0.1070614798348486
dd1139eb-5e3,1.6279384201141056,-0.03752428206455111
bdcef7f4-2ad,0.9478649038449507,-0.007867900727913935
cd5fa5bf-b84,1.2313796778860175,-0.10317826978332856
2e71e5dd-93f,0.9519783174791013,-0.04913123592153451
dac4e222-50a,1.1176151815722188,-0.07051657332832784
7c64dc30-7f8,0.9020800895016903,-0.08166374857237918
4eeeef7b-1d8,1.0290795306867215,-0.04977370914304918
96802f22-31d,0.9016876505118867,0.059460093563512895
9877e132-0b5,0.7696295043666135,-0.049028072070390505
e2c8767a-f4e,1.1501365666444097,-0.04324673984295824
3325d19a-0c4,0.704570011583681,-0.046288154125434244
14271bfa-feb,0.8876629946012677,-0.08039146963319643
178b50de-947,1.1075392046179287,-0.07926031656972837
b4533af6-f03,0.8614799693445832,-0.0823237135552849
aeb921eb-d4d,0.4777728380177933,0.05283224341024817
6b0f7281-f6a,1.1232109531023886,-0.10912425371181361
d686ff33-fce,0.6988605586797619,-0.09030507458359788
b97c9ca6-3e9,0.3255766334835736,0.002779763382798728
5ce7fd40-4f2,0.6778754462932486,-0.045207933273438416
73d94317-c99,1.1325399423608293,-0.05565249198718242
78fbe057-33d,0.8532769609190167,-0.0495858450177904
295c5d46-eea,1.052774240606346,-0.047981893815539856
e1e77aea-581,0.7833835919760916,-0.10689323426799968
4d1fc4f9-50a,1.2896422827974403,0.038485863945387555
8ad40ea3-13c,1.2662257469238933,-0.06368205711067304
e827bcf9-d1a,5.944775117227284,0.08174231565563594
a0e17208-46d,1.173805801628692,-0.04889497925111119
8575abd7-5b7,0.7566068465614154,-0.08220955124119889
2dd93523-98c,1.6225716655420066,0.0009470538570427456
623fc583-f20,1.8818143833333203,0.08077814785021309
eeb36dff-f6b,1.585766367104751,-0.091620060188018
af9c4934-fe7,1.6203198910442462,-0.016309931015311974
8ae50ca7-e92,1.0976132596811294,-0.0884636895265572
c35ebe94-4a9,1.2824364638895034,-0.09614334188112256
f17ed14f-df8,1.4352590016473827,0.11372456065808045
429a4ee7-509,0.7582479716936236,-0.10336763333458204
25d7c2b8-c84,1.2532637862426166,-0.012164493328288506
5f211421-d91,1.3583088731936273,0.039235082043276526
50b8d72a-84c,0.9096183817028284,-0.04834462718901794
5984d99b-261,1.927871566484979,0.028496466300374168
3736cf9e-90d,0.4211878962486201,0.0029644777556986357
d5b3be6b-be6,1.6131925126459996,-0.03983709038238964
53324c75-7bb,0.8815469033958852,-0.10309605130143429
8e58c1a0-083,0.886933343578809,-0.10289208394792076
222e1edc-ae6,1.513099215554204,-0.010747385064443116
369955d8-c9e,1.2854703592009051,-0.03833944071592854
f22588c6-f2f,0.9581895417618161,-0.05314197923391861
68e5b49c-565,0.9660458991010944,-0.10077292414485006
a61d23f5-c66,1.2656307878949635,-0.10159278399990901
8c3aa728-df3,1.3421597063992683,-0.09832398254211572
7376b74f-2ac,0.9509413375082372,-0.08658955323514522
cf8e20f4-a0f,0.9349562642886252,-0.06022048481972436
a399c6ea-faf,0.42341244427018987,0.06467005217407018
c49cf80b-0f3,1.24242621634538,-0.0438070941058023
f5aacac4-704,1.0696018894904722,-0.09424042813375627
29583b10-42d,0.49370853007760473,0.022040650238112303
01364f81-4f2,1.1995952205791167,-0.04579007445889821
10a7853e-f80,1.5139247216935063,-0.07671275696960489
68d6b2e2-5ae,1.338132726337076,-0.07560778932826784
5f868e91-b0e,1.170960242659496,-0.06410585257365459
eace6cef-325,1.7235300891638832,-0.0764632299520242
a094c130-f3f,0.7429025795428901,-0.048611400039728137
802a19d7-b3d,0.7233278193479553,-0.0650656866108254
9cb50cea-ec3,0.3495801603869357,0.10051393174976953
e43259f7-1c8,0.8393896971391344,-0.04552866421247853
5b71a77b-108,0.5349236420425806,0.00893671535799656
40bb8b1c-a15,1.7895892259211874,0.02418065443161188
46ca6d92-9a7,2.571473868790951,0.003819294358445191
72e90b59-202,0.6676865010828206,0.004248083097987521
138cb630-bb1,1.067932542541891,0.008223364593419658
8352521f-ac0,2.387805206716958,0.056638409539529366
797f7f55-78c,0.8173058136567444,-0.08519831976182302
fc1d7e39-b3c,1.330895118735839,-0.11102771957360302
b2001226-080,1.3020520478770965,-0.041134602071853765
35a1c85c-a4b,1.3053240759158156,-0.10532401869323205
1eab1443-5b3,1.767753447971633,-0.07114101194817357
d747b75f-2c6,1.0672480169499916,0.003217620004803523
b31266d3-842,1.4208369777955538,-0.05857037123129749
eccf12cc-98d,1.7880588434174511,-0.003982742031322262
59c7451b-b7c,0.9733334869074786,-0.10199432618069126
d93fd20a-ee0,1.1659132920025745,-0.03547765568253647
89ea03b6-e1f,0.9094779285068268,-0.06737270130782519
fa6234ca-41c,1.1629994952004408,-0.008163363429078696
79f04573-ba3,1.1041752914929588,-0.05799432547777872
e02f4b75-805,1.1489183980797657,-0.0653467856963505
f0e562d8-6d8,0.7024297101014962,-0.014454503011153919
373d1a41-7ff,1.3594878999265831,-0.10740284433276026
b3d7fab1-e9c,1.4093805155540715,-0.08087173225828159
71ec29bc-332,1.374798339455035,-0.05540218626990062
774515b6-ac1,1.3424682887821788,-0.07923660296457136
25e0658b-d5b,0.9678968574622608,-0.0700868982682048
4250069e-b2a,1.0156527065453518,-0.0888559943070577
7f83dbe2-389,0.8670004908590568,-0.05036406540879029
ca770b40-ae7,1.0617020859333763,-0.10383730224921167
94d962a2-164,0.8724149385449136,-0.06698916536864857
2073fc7e-404,1.1767831584157566,-0.06251303392605878
e7648e15-97a,1.2070745302728314,-0.05976950481338483
6cb91a54-918,0.5194514959980602,0.03578031957401162
a7c2681f-9db,0.8760808337209783,-0.05170957441796514
0ad1b76a-1ad,1.1903436105653922,-0.10200516010615218
33eeb664-dea,1.6238128642361132,-0.0735690658443135
a6b5a8d3-857,0.916350584107138,-0.10288988293538764
c6cd0140-c7c,1.0343249694665453,0.08606495132948022
0d79e3d8-05e,1.438203771738794,-0.07325676037470402
49c143f0-aff,1.2017139222648512,0.022108850375404998
be49bac6-8f3,0.9723148913044701,-0.03266223881160851
f96cbd7f-c47,0.7136072850053956,0.009993901367789992
d8dc8abf-7ff,0.9972551579060999,-0.007456784272294736
32299bb8-607,3.1222946897610573,0.06819635272254898
c1c4f951-b30,1.3652224156514,0.0019889897255410682
74fec92f-414,1.3089331842224838,-0.059927185071600775
8c45e9af-031,1.6724145640246366,-0.057781466101575196
d0f04347-20e,1.0849446411610562,-0.013011620202111163
c3709278-627,1.5009405799697386,-0.04539915556487134
452db2c0-c3b,1.0132176441680851,-0.09785555078866415
96d05681-842,1.9685929356709393,-0.04501352023564803
312d3d80-746,0.9782740411082161,-0.0655113851562445
2853b20d-0bb,1.3002079865778537,-0.10323199846199893
92f4fba2-de3,1.048698551397978,-0.06511251905467347
7cd0d3f8-468,2.8523612842743624,0.0658815532602488
4c04c627-f62,1.128510056673564,-0.08073759616098558
a473271f-b32,1.0114281529426832,-0.09787279769041968
5f9cd79e-36f,2.1453727076547278,-0.048026916716602586
62d4413d-c59,1.0765695915636269,-0.08977132580750269
468536d8-ba6,1.3179524154263955,-0.10294683656381892
09b73fae-78f,1.2608972389832993,-0.08382321535999615
6066ea9a-a8a,1.0184421625418183,-0.056475913061423466
18e32b67-b9a,1.6474619150004304,-0.03857651225665937
4e1936d5-0e7,1.1218067088694,-0.04166480843464693
8f1446d6-553,1.1612436047868515,-0.04170266847392973
be497562-0b0,1.4472607458631035,-0.01666722580340252
5148fc9d-858,1.4056612443527845,-0.0942127937696372
7596433c-cce,1.2141024207730404,-0.03588436208076817
b2b97c34-5de,0.9591647088846204,-0.01569744039557086
5e5dfc54-f85,0.9595552127752552,-0.06657210310981104
3f70ce84-632,1.192300942512258,-0.08887292764967847
23db170d-62b,1.5027531455661307,-0.03273550041921747
4ef0ea4b-63c,1.4599280490065762,-0.04554210248499296
62e32ea8-d5b,1.9542954017476952,-0.024939969676680773
88dd274c-5f1,1.9028685883657093,-0.0045194197178992646
963d2448-849,1.303116595927603,-0.08139897138060975
f240f3f6-5cf,1.2404406888692594,-0.09162887716253587
8cf1ae1f-120,1.4067411902344196,0.02854400071048946
8713a991-4cc,1.4229248676374122,-0.0397245624543498
a7fae7d1-d88,1.0213184363192145,-0.08239985240202413
96c60a58-f26,0.1957207150602801,-0.0075403568836373
3667bfba-a0a,1.2438335496033297,-0.01014813286101185
4eb0983d-f0a,0.9893767670258289,-0.10324541711184265
de5d3a0a-4ae,1.1114405265438174,-0.08135607422892677
dcdd35e1-35b,1.2356179164696002,-0.08510061907089411
7298c5df-f74,2.8160211865762816,0.017050362108121164
bb872c84-748,1.9142150207791007,-0.04557572282004241
85e20b21-dae,1.0336870208996907,-0.06188408399078604
abc9526c-395,1.0759357075666767,-0.03555189494262734
332e4f9c-4fc,1.0964702092515202,-0.0564755072666423
6ba880a2-ead,1.1696709325398087,-0.09834223227182043
0f598309-bd2,1.0489770611919178,-0.06011922989810309
86b8015f-729,1.298682168503341,-0.06454347038115399
9b3b9770-e8b,1.3100500120270548,-0.03599412005289687
92a4518f-55e,1.0675061344548151,-0.032346918435375294
9908dc5d-767,1.035893968564922,-0.09681920868642913
fc558af1-be1,1.6769780434971313,-0.05496525049028522
178cc465-edf,1.1643954176251916,-0.08036839381626898
fdd7770c-164,1.1530039144083843,-0.07411411155327297
27668cc9-d38,1.387343979363981,-0.07512425170957848
2f171485-470,1.7696084464067523,-0.05524865745234764
88fc6463-cdb,1.304637509136874,-0.0362410534623579
30bab705-743,1.5458294508641814,-0.09185489065997149
14714d81-350,1.8768879847384916,0.013903907975826968
8d8c93ca-1d8,1.2442944866440935,-0.057134647481389855
b481cd49-bf1,1.054185069128229,-0.08403157126221017
11600e8c-66d,1.4044870342004636,-0.07930391232692613
7eb17d64-c0e,1.2167517456027503,-0.047590153913051936
1902e92c-668,1.0768525743087798,-0.07631291807941387
4e584ebe-a97,1.0029426887577944,-0.08775634238826513
74a94d07-f9b,1.5199013780938397,-0.03189232248652163
e0941d87-702,1.5090832414321316,-0.07381521493656473
84709772-6f0,1.416818235276301,-0.0755606286582971
d38890b1-69b,1.4486483820253602,-0.03199441626890165
a9032101-342,1.5926891476973413,-0.05354141077462682
f6efcd0a-969,1.1876436854368173,-0.09144127538908908
70333a76-8da,2.130977665571015,-0.06010479572485278
2fd973a7-a7b,1.8088208135707313,-0.03874941315545943
934732fe-cf8,1.3248289087228504,-0.05927150072998588
292dee9b-609,1.264287141542055,-0.08924766919726651
50c40233-5ce,2.3024799262189903,0.028293736389586543
05f5f3a5-46b,1.1659461245200833,-0.06845466148759671
51a1e5cd-357,1.1485608273599115,-0.0387315876751656
f0e78bca-fb7,1.907531398298612,-0.05302052897117032
3b651866-0da,1.652675770645725,-0.033963462008129885
d2fca1f3-cdd,2.06372775542852,0.010573234983479285
966a2df9-23b,1.4591141392729106,0.03011609524823
50b3e8b4-7ec,1.348635158638415,-0.04474292528640156
41d1b01a-589,1.5721031433271628,-0.06293146780285913
c2057472-e24,1.7275639464184422,-0.06581109734398999
4ec3228f-9e0,1.3954104017345756,-0.020056643890028203
47056426-fb8,1.8698123503769843,-0.045859144836423726
00ebea24-544,1.7227997693559476,-0.05915327086572503
068e775f-4fc,1.3415696130748833,-0.029182247388053695
a01ae3d3-805,1.361263468984244,-0.04334492749258645
1677f7d9-354,1.9465883570041695,-0.01972955552069472
c6901813-539,1.1369751029411237,-0.08191350977273332
646ed726-82d,2.351444940090909,-0.049954250954140134
589fbc1c-ccb,1.3847728005736588,-0.01622206134381987
f92396dd-95f,1.9989863288923,0.011230450063257624
fd00a3d2-bab,1.468347800055256,-0.086741987198106
2818fc38-3e0,1.5614678842811966,-0.024236318820730518
abb86a1c-c47,1.6462323905745861,-0.07466472911186306
8dc1b71c-8bc,2.096053662105953,-0.02067412196541013
622e5d75-ac5,1.7245273154494,-0.01588195476549281
04909aa2-914,1.2012854205319354,-0.05561551226518524
0fe1ac18-e52,1.8749199205701874,-0.010666543100974424
8d465aa7-a18,1.2270511907482742,-0.026088162773218182
ae94ab44-928,2.2196256733222253,0.03524144275487806
fcd615ba-8da,1.703996684205066,-0.06235999919289703
01adccee-249,1.1815906087286006,-0.011534285662033739
56510473-959,1.7205858698065095,0.0017135008648200278
8c4afd07-8e7,1.1043653139262217,-0.08466570518369687
c054b432-c6f,1.1510975358148232,-0.07640186003655375
3d7ae7cc-2ec,1.466768791021719,-0.0877167179735594
08083589-e95,1.1853176543802766,-0.09055249497060047
f51876f3-664,1.58486109918198,-0.06347870707508874
92b5fda7-fd3,1.1044190491006942,-0.08429732741066404
f7148b87-680,1.7457692168331493,-0.0609917192278826
63285b7e-511,1.2242622747739058,-0.07228471856152763
1046a50a-189,1.2664743520890405,-0.0885309489827028
d8366cd0-cc3,1.6169455338424088,-0.07327595774061058
3da2cfdf-098,2.1727481642878357,0.004630202864439159
6d55685b-6d7,1.2190147581058426,-0.08616055414604123
b7021306-c4d,1.760216247473756,-0.020773415768055803
9c7aec59-30a,1.2978142427453936,-0.08921304994907026
9e50555f-954,1.7042495235020516,-0.0179616540460093
6272025f-0b7,1.694096693162577,-0.06527777101407856
732c0eb2-753,1.4508756519264536,-0.04300994411682291
b8291e74-dfd,1.537912140425588,-0.06110330222870769
28d2aac6-f34,1.2186012689778016,-0.042352519488308205
7ef48e5a-0e5,1.6450241878588419,-0.05692920658877054
49aa42d1-be8,1.1274177975095272,-0.08045224720288047
2d419a34-b03,1.7028061854928573,-0.06713860172801922
460b7137-e52,1.500128967050745,-0.03558387500465493
e55b2a2f-057,1.5808315400792448,-0.06710781921780995
63d0bd06-f45,1.4958113098100245,-0.034986361560547796
6d8573e9-023,1.2703142799109117,-0.03210966834457896
12257fa1-dce,7.878925446845987,0.08253875812121991
56f98333-b31,7.853019440196212,0.12300126212666862
801dd3bb-29b,7.860227159788286,0.096876056149647
68cffff6-1d1,7.859809320971355,0.07612946752768035
cd5b85df-841,7.865450144999935,0.06863850037009056
bbcfaca0-c9f,2.369766991752898,0.004655388185749398
4dcc6c78-9c3,1.2094277716135082,0.009666192255961437
2bf45715-018,7.859495941858656,0.0766075919688265
1bcf181a-26b,7.869628533169252,0.12013622564490634
d36dab69-2ee,7.8712998884369805,0.08044166420690047
962a32c9-da2,7.8669125808591955,0.07911193027443564
61087b00-eb0,7.869941912281951,0.06863631836503581
585181a6-945,7.852079302858115,0.06964667144187009
56696194-95a,7.8761050348316965,0.06316625346475047
1a8cfcdb-f92,1.1719529568528955,-0.047121675902980054
e13bad5e-7f2,1.348990561634684,-0.0846845430737983
1c579522-18c,7.876000575127463,0.10495229797873973
89cc9534-bd4,7.860853918013683,0.07031780941652033
02c40d86-8eb,7.868517860032956,0.08995725044412906
a92cfac0-166,7.868517860032956,0.11834574080762095
8b5667f1-beb,7.852639984989547,0.09350283545164939
4d383b9c-a37,7.851177549130284,0.13843697962065338
6933ae5d-4cf,7.860370003102785,0.08658693388925365
482723a5-0bb,7.876352337850428,0.08868836503178934
386865a7-7e5,7.88063518572398,0.08817935698251589
1d7aeee3-1ba,7.857131752271563,0.09965163052240122
13a88b4f-9b1,1.1530414265602889,-0.03552305473234063
498c24a6-3bd,7.87217394968111,0.09819031560612823
e6657225-628,7.877083555780059,0.08897569260083882
23ff5f54-bca,7.867368803286394,0.10933189588131909
789385de-934,1.5092350448871061,-0.000828820324170032
0d8ace1b-d68,7.875725579625031,0.08975860005917347
582afe56-378,7.876979096075826,0.10960444627332955
e1f7d433-347,7.858907567243524,0.10180886461668781
463b971d-49b,7.878270996136889,0.08239246381644583
3884cb6f-295,7.875032745305667,0.09791445191054493
f688544e-265,7.881300327559645,0.09132593785157883
c62afeee-fb0,7.862184201685013,0.09280539466387994
6df7ab36-7d0,7.8843680425926665,0.13053923083580277
1d75c8c2-7c1,7.876846943887894,0.09093075702838271
71a5248c-567,7.868490167549257,0.11412779336399248
c1cae4a7-51c,7.89244982342887,0.10306647811481029
55c553bf-327,7.872811399033074,0.0926775684197293
7be448a6-ff8,1.8935952867103403,0.00804313303248061
40cac11d-9a6,1.2668165959195719,-0.04921050164408064
7096a5e3-175,1.7148588806884222,-0.009862745454529642
ea107456-73c,1.6301667607853094,-0.056058977510814734
99cb327c-762,1.7625547989144756,-0.01751195960259222
f8a5bac3-e54,1.6459448668808865,-0.0026946401820956423
c8e02e8a-086,2.083157843994911,0.08682810074454872
d1d08092-54d,1.221912031571893,-0.01605065274774997
56ecd1ef-2ff,1.6555018015962382,-0.015981009985292227
bd4d2b01-6d4,2.063479209660872,0.0007689698442570059
343e1db7-cd1,1.5542128334425442,0.014908018993329164
3edac46f-e9d,1.5257186109440561,0.009184461528802479
8f57f757-7c0,2.0783192022330903,0.009296101973073734
8c99e192-90c,1.4381131494165038,-0.056094150169423596
24471004-ade,1.4464197654838618,0.0033050693884558724
b269b184-70b,2.0202645353400532,0.009127818515193953
0812eb0d-66b,2.0858357561730694,0.009255305960035876
a89972f3-f1d,1.5615749702079016,-0.03383610226625278
c29258f4-a6f,1.1865058108917317,-0.039647050167901154
3ba928ba-e90,1.4425263128151407,0.009400723127103272
4bbc7bf2-814,1.7903481849653016,-0.006939824546839335
6bfcabb0-086,1.714681688293418,-0.025344294228078323
97b1c1cc-82a,1.7176664039342844,0.0011659288148248015
e81c46c5-c02,1.555898500379017,-0.04824191356835672
7fb07c3d-469,1.36707847076625,-0.012549087416435067
6bb1107a-953,1.930680185844549,-0.028995142676130792
56be8603-b5d,1.5244614348459693,-0.011632545527032467
8ce40f09-f64,1.274839864869574,-0.02267192259989176
f0c52ef5-1ab,1.7525241256257926,-0.06676460196944833
95514f00-f20,1.621663608462726,-0.001808977882961471
bc50c67c-ba9,1.7836609582676746,-0.050288094455808674
f8d813a9-2e4,1.724720046028854,-0.06389274593461386
a569ce5d-33b,1.8421697003204662,-0.003973652306664799
329f9a96-288,1.6292237651860915,0.005606085758314228
c917e3a2-7d6,1.943394798998628,0.007865003788765534
4231de59-7c5,1.2844384758097167,-0.03964787705134054
60b337cf-753,1.322537310852946,-0.02117203340464574
b0a4c184-bed,1.3826423626926432,-0.01442813911416202
84237b06-af0,1.8842302581320707,0.01863726373434582
8b62f814-2e4,1.5997569317113858,-0.04260246355160113
9289b451-937,2.0723856496402937,-0.03214501774824796
428b80a2-5a7,1.3560563487456254,-0.04306894818786977
d98cf654-45f,2.077494230113955,0.0034890253220144496
7856dd0c-5d5,1.916191196370686,-0.06096489786430842
803ca9a3-692,1.484653681958636,-0.034684600890496575
1bb06fd2-a80,1.3596707861745614,-0.06505284310521142
59087395-68a,1.471617186594856,-0.017019877267139605
def61e0a-cfe,1.295155194751002,-0.05897403684892061
dcd5e045-06e,1.755520150960015,-0.03450327177261103
6d23c71d-740,1.2947180329222416,-8.193610004347818e-05
7a9dba59-768,2.356673165111416,-0.007703679094617777
295e3486-d68,1.442586559784737,-0.03340206255126954
a8f964f1-59a,1.9964637645218875,-0.040671079949371525
11e3bc8e-ee8,1.4513442421823222,-0.021062315567822842
5eee543b-8f5,1.879223989372764,0.004405382013655035
928fa295-519,1.5103304959232744,-0.018148592288512788
135a91c0-eeb,1.4559415222713097,-0.054243015645259796
c8aa8862-853,2.0727635846051085,-0.043289172586489344
28bd7196-6ca,1.7737058317237366,-0.04717677331516695
cfae7c17-2a6,1.7694329778834859,-0.0008326217962378868
17320dd0-0e8,1.5544820222558773,-0.03555382570354049
708628c4-14d,1.9250491631427926,-0.053718909565835526
bfbf3636-724,1.8708758139344437,-0.045809993529468296
29dcda91-674,1.5189316180981072,0.01414535744383727
3e46a878-654,2.0745526938053427,-0.0035415148939723085
a09e1336-26f,1.4575418622836165,-0.034291754375399386
de5f97bd-fe8,1.4157538093714928,-0.007586936175152659
a68ad70f-b64,1.771238141303557,-0.013699996816952387
0d6b56cd-994,1.460392250293414,0.01141287109321154
5015ad53-463,1.4684250162956816,-0.022681659355974437
dd3ae58a-cb7,1.4485749380420399,-0.013230713039880715
398582be-fa4,1.8479503327873676,-0.05969535766839873
9a6a6fbd-671,1.8027386838694068,0.004824279242337304
eed62a5a-0e8,1.888222002663394,0.00638622125963717
444b0961-93b,2.0388223613924215,0.018527987754324182
8de2f614-96d,1.5549035627856573,-0.051954119341588445
ab3e6c26-ee0,2.561145759464375,-0.0012643703157674824
1a372e83-53c,1.7610414364836535,-0.008131611955217721
6d245ebe-e69,1.833483515823276,-0.04837180712344824
cb4db186-451,1.4283851430528924,-0.058225680662579604
37e481e2-da6,1.561183268913232,0.0064294837282699024
c60419c7-811,1.854249111151796,-0.011466339495143474
48eab8ae-b9e,2.0497871128205603,-0.024993159922399477
57e78928-ca9,1.4089974110425567,-0.010501084188047571
0ada2fcb-3b1,1.5112310843950354,-0.003870341012944145
afcbd2df-ab6,1.6732794845532002,0.003996713830774934
e3684de3-b6f,1.461742532025174,-0.04988337285198735
50338d1a-d98,1.5547624032010914,0.058801997724023725
4d3cedcc-2f5,2.484112989821627,0.030503177414848537
4eee4a3a-7c1,1.7534691643676257,-0.031534108517904
89697820-18c,1.974192793476789,0.039700547546306364
44771d43-1de,1.8513776975526433,-0.0267011980463025
ede477a6-495,2.0886902291315357,-0.008645475624335708
d300f399-1cd,1.7551790620554037,0.03688527257709706
ff3baf18-fb0,1.7937407530198297,0.00476993216355992
2d64916e-47f,1.735810477863243,-0.016360574094364144
65a94e20-349,2.4086457465998308,0.016420661390239233
48561afb-bbc,1.8247618658092477,-0.01503563582704659
a0f05425-ca1,1.3960725372405098,-0.011106648924177898
f71b9850-b92,1.7814423747591357,-0.017622542275135766
fef13ab3-944,2.104880246745386,0.004894201624379257
d6eba1f7-7f6,1.7163829472752545,-0.03293147571914112
0f984981-5ec,1.9480311833266137,0.031192054242539125
5e472a4c-902,4.027825527883794,0.10226734501686163
18e87fb4-41a,1.4098240799850517,0.016418670421878834
b1c00b98-ff2,1.5381105841653442,0.017395164220223358
7a1be772-afe,1.4519218665086484,-0.05868224052966381
0f7710a3-fc5,1.5853708876262966,0.020358632111970754
e7478a5c-629,1.529014297259513,-0.0335460863973831
09eec204-49f,2.4757706536344486,-0.0064214178291086
68abb90d-596,1.8598662765827754,-0.022947225138267247
7923b8fd-53a,1.4682186301831435,-0.012526903364968534
6cfb8c68-c61,1.5500544544103796,-0.006981162567788801
9e6bb5c9-eff,1.4906594487651403,0.00709507516069563
05937302-830,1.3264054341201572,-0.012061173000489367
b7b7661b-7aa,1.8599880687421237,-0.00886827872386059
a68f6cab-ca6,1.7960739601441984,-0.015438507342260432
3a6a811e-344,1.2868678805694447,-0.03883762081854103
f698924d-547,1.2815167700351284,0.009626550403021406
4a558322-2d3,1.376209722874691,-0.06007171903678826
a7c7a89a-dcd,1.7465633062913093,-0.04788093177805347
24cb0577-dd0,2.3916460911916193,-0.002244271999621461
de257ccf-fce,1.550894251387608,-0.0008544535174017653
5e3c5dd3-f14,2.5064002409923276,0.03658017380148171
025953c5-3f1,1.716087402495217,-0.011263467388102744
939ca086-001,1.8053109120919903,-0.004922529557031874
54fcc172-8d0,1.3761193597456827,-0.061947469672896105
1ee92bd8-1dc,1.3142212969433158,0.03307359969067081
326b36be-ec6,1.3336124226584478,-0.019085131827451862
57166f32-41b,1.742094800857009,-0.000336736189276432
f16c5f4f-d94,2.305776655826128,0.025363390914028616
5214d7da-e3d,1.259285215276556,0.0004535089856200214
d733933d-df7,1.373874246052092,-0.058223170999056495
dec856b7-bee,2.288166473075961,0.030922465490799578
5555627a-8af,2.000672877085327,0.021977000549431303
cda2c6af-257,1.6414687360807214,-0.020728157825825544
ad1367f0-a02,1.3271125979819083,0.0049887849122417505
008a1831-22d,1.8067508530078564,-0.012075166108220348
b5c2888f-56a,1.395172677783174,-0.023165658739322803
fedd166c-aab,2.2073317683882254,-0.022170362099022678
82827af9-116,1.6405455218673932,-0.04305393138590513
f3770ba9-84e,1.2649247340647314,-0.001072740397699501
21a0fcb1-66a,1.4150551538526461,-0.013674705928880093
62680a8a-9e9,1.9808744001818621,-0.0086524462608073
32509a68-e14,2.2757292926710733,0.010379816871961878
bed48a33-f26,1.9412602856792165,0.09983389401852694
6751b3bc-81e,1.414760398013968,-0.024982859519741996
538c83d4-86e,1.7930346455414794,-0.029958987314800123
4478f38e-a19,1.4521172512235387,-0.006162962521670701
270f3d79-e0b,2.3197088019555423,0.07824857258430395
655a764c-303,1.2937713681212784,0.005989567373072768
96fceb33-980,1.62380552274367,-0.012064297911457633
69e402dc-f2a,1.5762342764592763,0.10587427170503272
a2721867-2b1,2.443633309918022,-0.006721003525464286
1667655e-703,1.3247152767893333,-0.006142712500629199
025bee38-49f,1.5858313883627282,-0.05005206240376969
8659bdfb-369,1.8474375978373172,0.10105017747426703
324a178c-2ba,0.9480405548344781,0.06359588518608628
5a357eeb-ed3,1.4657257730941273,-0.04098423488037911
52fc6ee1-c77,1.623958991352732,-0.0011746049824526428
7854e52b-9ec,1.2465661018850958,-0.03611106313554269
8e635f0d-d1e,1.2910212573176352,-0.007150714575418438
8113777e-189,1.3865720092705944,-0.025737392608979393
5a568564-d8d,1.5721854528190002,0.00466009021154723
5aca12d0-695,1.8408507295667325,0.004639607758236242
0741cb74-72f,2.4031673499311683,0.004428451381809695
77d38d41-347,1.2458273255950094,-0.06548166054329524
f466326b-7b4,0.6340693557186241,0.06161441304645754
6740ee51-7cd,1.4510811116052778,-0.018004234085832682
124c0dae-0ea,0.8221302253468658,0.0811481233607394
4b125e59-3d8,1.5614951197400373,-0.04187512717655406
b2db0182-500,1.4250097839568991,-0.0012329146441085181
322e35f8-dd8,0.9413096109441722,0.047297534817805964
ba2dd1e9-3a7,1.2609338846083848,-0.06156328716478471
40ce8064-ca6,0.9953951917033244,0.06372293185763667
ab2a7770-a64,1.2985072911491522,-0.06748634070094789
a914c009-0de,1.0155412911370734,0.07607410673045245
c8b65fbb-24e,0.6090730835102632,0.06991406225959074
b88c64cf-9c3,0.6718405359633997,0.0868066181654602
6a63c375-efd,1.3662386667571331,-0.01814321424808213
9e8e4cbb-8c9,1.5975317334250387,-0.04818239261587043
58fb3ad0-754,1.26941791200042,0.08647828313506367
5c6f8b3d-28f,1.134345302611068,0.0030442671259577336
3017b698-a3d,1.765387115567845,0.007460495098035147
ae9c62af-005,1.4144194862852346,-0.0014995582326119417
8ef84104-b69,1.312208700854777,-0.010308254124714256
5d8ef413-751,0.8011528573790554,0.07497078921786293
bff12baa-076,0.6962477269509015,0.07015713059342255
f5afad44-e72,0.7698594427469149,0.07548960943465766
7348cb2c-0b1,1.6701871949304246,-0.04206842133808508
f9ab8640-7e1,0.7577352169301965,0.06519340474235913
e6f1f9c2-780,1.7642849026671295,-0.04654079483954693
d93f3e16-b03,0.5712778623825436,0.07877965529465492
d96321c7-d3a,1.50740039926777,-0.023618077773152613
b9725355-efe,0.7293569319144302,0.053122620709223245
af50ab61-10b,1.719308279551195,-7.028540604514522e-05
fe6cf2ad-749,1.514355703969366,1.5656918038176038e-05
a8be836d-d39,0.3171170828495563,0.04840382266943388
2ca8486a-6c3,0.7420334392361057,0.06845335463733304
680ad1ee-cd9,0.5611623513712767,0.04394506166415979
ae162a80-f79,1.2751122975158364,-0.05727709168300782
5a9fe760-7cc,1.6298460368843388,-0.03877345032815238
9bf0c83a-75c,1.1994248290728606,-0.02535212214952265
c3d141bc-581,1.2234312622359047,-0.0458419986492391
b84e6b45-06a,1.3743396462203112,-0.06599703560591252
5cd5a424-3f8,0.4862803340813584,0.055527378044451625
627e8328-5d8,0.9652249396183724,0.057511995748813716
53b3c396-b3b,0.5339771775450634,0.05883011944680272
f8b02339-25d,1.1627111625728048,0.061309975595441046
859e81e6-f41,1.8585401413532958,-0.044237441981191394
c8bd8913-ccf,1.1038336635437398,-0.038060978488120734
c48b1c0b-ba5,0.7095561316135641,0.04617978922164556
6cf1fa49-5ba,1.5962880492862515,-0.022103149584921544
22ff7539-7d4,0.5267102949292831,0.04462132063655799
c95eaa5e-b77,1.1031617907846747,-0.028191961163319956
f11849d0-7ab,1.0441587256066056,-0.007082520520292068
588731ad-b47,1.4878395153153596,-0.008697389955537316
91a5981b-3f4,1.4483771740029656,0.11120235714530868
daaf25d3-522,0.8450660427050766,0.07096909847221944
fcc5bb06-cae,0.9397332759560019,0.06453803539371239
c04f99b7-1c2,0.8240665912514266,0.036651229336391866
eca80e79-984,1.436895180622215,-0.018781245000476066
0c63ddec-75c,0.9468391673837746,0.10267519638954281
ff99acd2-a14,1.0061300686160155,0.05254719957968512
e1f06acd-9dd,1.2784180888758168,0.0435460056386725
9acbe83e-599,0.9968862254396655,0.08319144218027796
2b1b3595-e2a,1.2250637905618067,-0.06983452064854773
51b1a975-42e,1.5586756972496225,0.10150833617592914
afcf3c31-598,1.4840773172799728,-0.06735345096971912
9d4e9e91-36e,1.3864535928547124,-0.019314601181233293
c69c7284-a95,1.4319430888736835,-0.012490062050102335
d92c3ff2-cba,1.8130555319685184,-0.041913022613889406
2d23f336-1af,1.174380132438777,0.08639107515167599
b2e2f6db-254,1.6940986636053483,-0.012111041904784292
cd323047-f61,1.1975986925685247,-0.01392169119857134
f8060c48-85d,1.47663099582114,-0.010726006363869778
4fb45af6-de1,1.2501495910440932,-0.020475789914309594
a8564d17-6a7,1.2117474954675478,-0.04077200771994133
4079c229-0b9,1.210195721525397,0.08449632457915723
41f1772c-985,1.2299362805239469,0.038968339263769414
5aa9fed5-99c,0.8700432366680657,0.09321503322818503
8208da21-090,1.5883268873819718,-0.05141060526054669
a5f7476d-083,1.2868548533482085,-0.06001875480753904
988f6f3c-902,0.9978085763735256,0.009002858532259461
359a4d79-29d,0.4237279510817755,0.04468504806600604
d5b3979a-309,1.0239916246288892,-0.04576159894896875
c1b33e71-917,1.147953073607969,-0.0003990653860463933
c5c936f4-d70,0.1946533780616755,0.08289392631289072
48ae1f9e-ceb,1.2710522134529296,-0.06880254657829571
786c6807-e44,1.6156452377576533,-0.005215314345944022
54c5396e-97c,1.7940633162859163,0.09896405351505178
3f579786-f1d,1.1327403024667417,-0.012316529096603412
53c9399f-b12,1.2228821526585776,-0.03447677556380452
ce0b62f6-132,0.18948112892660363,0.05890490967963924
00a94efc-781,0.9991411954500223,-0.013853390313122937
6819fc40-13b,1.6737726065360907,0.06648261375409126
57a7859b-27a,1.427000568453167,-0.03207358227381557
1258404a-4b5,1.086124322500132,-0.04505103479784389
3880f82a-4ef,1.458172438459775,-0.01179107688584874
47dcfced-f16,1.0835251957033936,-0.0351536344631489
d99d6fd0-568,1.013504675873386,-0.03416310258722155
5b8ccc77-3b9,0.2325451716268948,0.04540888681076627
2f571def-bf1,1.6367948457396475,0.05891103663891084
abb16d24-e4b,1.0104703956323007,-0.011263636458378301
a15f19b8-35c,1.167431916427101,-0.03532968451535923
938895b4-bc3,2.1763796728755933,0.022522352250139765
ea14190c-340,1.2944722143831275,-0.021693040159277588
b4e16e40-7f8,0.5213395825325577,0.041754112764872064
ba6d9c1f-252,0.6054024765136313,0.03688227283902812
31e12baf-010,0.9514565659841727,-0.0353444054373413
982049ad-115,1.38974946102269,-0.02588388914244666
921843e5-8a6,1.1409119392541969,0.00993783504024548
34c961e3-1b8,0.9972986897932241,0.04785269942874848
00f6fd00-1b6,1.8264989282202024,-0.0019702252882354276
dd6c7ced-474,1.5789186113211884,-0.06727390136810102
6210d5bf-6c5,0.6774847696084911,0.046757773393389046
7fe44c08-03f,1.179816957028553,-0.015390471789094473
47c6c85c-cfb,2.1355538446436175,0.07394278875045712
3a556f66-ece,1.247099950616788,-0.07262767736126235
1848003e-826,1.261780159016086,-0.06252443470080798
d90b2137-1f9,1.654013664147599,-0.009750447093515913
9c424105-331,1.4239852176549288,-0.03490881932544093
8f14a877-03c,1.2754029992927727,0.016816901527010875
ff098b79-afb,2.054645626207749,-0.023702772483947643
cbade820-966,0.925747442481379,0.04124892227366961
253131e8-f55,2.001570115517458,0.084678376273149
8bc7b51c-c03,1.3899953059875048,-0.06674048550730938
e94cfe85-151,7.579487066661535,0.11544801447674746
7fe4ff0d-e14,1.2974622394752493,-0.029637483002641796
58bae2cc-3b9,0.682131059824628,0.04855119406242736
1db7eac5-151,1.1132742822093293,0.06989137142500212
96118335-691,1.1525074376617976,-0.011060835369379074
5fb6edc3-180,1.8962607198703916,-0.033286084969155194
f48bb9d7-044,1.295512739868165,-0.017325085432265463
edeee746-ce3,1.5522560932613196,0.09043012314835508
b3db3daa-202,1.9195319765592178,-0.0329499609169992
e0514f12-022,0.9666361037558064,-0.036653577602087706
c3989ce6-535,1.7778616187486491,-0.05738136940851035
e79d7707-795,1.4455220853458461,-0.06976640187896987
c0ae33c5-c67,1.35979324119835,-0.04969408967302119
82b2661f-87b,0.4872304494028683,0.03540369284628686
8861dde9-45b,1.3170025466063706,0.0028528811426350442
84862044-fee,1.0395391639567213,0.044496378614720666
05eb6427-7cd,1.2474319363816706,-0.06878948026328463
6ab180de-778,1.3172584115987758,-0.018740240382764395
1652e35b-917,0.4978397009873094,0.06412039143972748
d435b3ba-9ed,1.9892541597171125,0.004136539857328425
8104098a-2af,0.5406316504467736,0.041761540737794145
010b62c4-a8e,0.5925210002789285,0.044119289235601156
a3246cec-97c,1.188834268687216,-0.05711562352634664
93f14810-c98,1.2705407789591503,0.09908571810943412
f92efd71-5c0,1.3835958969055728,-0.05944141726919794
4585e58b-c44,1.5597905176213194,0.06727981328582133
909708fc-864,0.9890359458513158,-0.05284431517394922
145df804-8d6,7.7576210418050575,0.1257258320186746
b6338cef-39e,1.1029001730951475,-0.06750208317054635
adc50dc8-bd2,1.402905810090427,-0.078988281573179
85a522af-272,1.5199373277943133,-0.04821080656339782
bf367ce7-df6,1.9575024404865267,0.0025857206549939615
001a9a84-b5e,1.0748573919622253,0.09792126888768049
c29456c3-3e7,1.1240950920337214,-0.05735535705059386
d2827401-407,1.0795645755584022,-0.05427113534704581
71302dd8-81c,0.9054870909046447,-0.06995386221183736
3ab4abdc-723,1.365599545998239,-0.06485308306310161
2c9847e9-328,0.3054544640125897,0.021507184152305237
3952d54c-d57,1.579527194059593,-0.044705509243091746
8c904bba-ddc,0.8898936901303723,-0.018742196255009225
62e9d01f-72e,1.8046774351073078,0.03301289464159707
6a0844ab-4b0,0.8891949472066353,-0.06794661224130161
a7f66466-90e,1.0100905134630098,-0.06737114185996024
5f2b7886-a8c,0.40837081911305395,0.0369083724544933
f0ed9c66-ce3,0.4235585261304467,0.03908223017318091
e6f2e45b-820,1.2081125833140618,-0.027074404820238596
9e2c1a1d-ec0,0.8868871236461953,-0.011628266157937717
7ec3fd91-4b6,0.9080570824863471,-0.018306499663885756
960cbd7f-165,0.22265425529793176,0.03666771818185999
db433f48-716,0.3869495304587032,0.03900952799778634
7583870e-893,1.3535185853071408,-0.026234258425651413
01d45f8d-7be,1.093916358184019,-0.0452102913649256
7ccd26ee-303,0.9739733183974866,-0.012135709944844975
d73a48f7-0d5,0.8224538761858398,-0.016883062844724406
b743e895-127,0.9049748080037053,-0.0639612207280219
ec8f9013-3ba,1.1493226344160163,-0.04611654834810447
04231a5a-e5b,1.0961555804003067,-0.01722876719705141
70d6e629-31b,0.83340087450714,-0.01884322487335638
08815ca8-36a,1.3445738092818822,-0.004737446532894929
47bd1d05-dae,2.312061183108502,0.07319492025050123
7b678898-8a7,2.030070435561649,0.045009944895512466
76157202-0f5,1.2847064093963978,-0.012533176953006764
d257ba9f-eae,0.7909087135124284,-0.016683975057299127
c1b5343d-4f1,0.7625585861651603,0.04763043474930606
cf9ebb79-279,0.9545474791411921,0.04132039520293085
95d103a1-928,1.057929176647546,-0.019443115768398633
ec773bfd-dbd,0.8665341803225922,0.043834477429168905
defc1257-076,1.1012915137603942,-0.06414176534386462
37059a15-539,1.0789499942183922,-0.0029697774255126874
3ad3205c-335,1.34785578781096,-0.047029432042090646
31b3b486-ddd,2.075212807411271,5.593918196888925e-05
b3541f7f-062,0.9181969242473218,-0.012836347484217803
0c2aeb8c-0e1,1.117230574691863,0.0528935989387217
635b36e5-cf8,1.1314115238926834,0.04351747846720688
6e8e6eba-d3b,0.8409336459941449,-0.020420441923991228
3178ea25-818,0.7670586150246368,-0.04822339242055085
b5e64d13-b19,1.0972255536520983,-0.050386857470996194
295bd8aa-8a8,1.1426074535663773,-0.02093604842279151
3aedd53f-3e7,0.8722343216721347,-0.058847715273514734
2bec985c-36f,1.1131693902495194,-0.025875942163702148
fbc47f4e-b0d,0.9213770237339826,-0.015807098434425237
1b44f9db-d80,0.8787825854234229,-0.0797473433243075
73725a73-110,0.8533455953676785,-0.07815718401516264
64bb9650-a3e,1.3046960501832199,-0.00894324209558578
49fb61ec-371,2.341917057259482,0.06895652935746377
11cd284f-13c,0.9208686035106735,-0.019239712886720883
4cbdc299-c78,0.7938124942188275,-0.06500212683283452
f4be2a85-1f8,0.8036921901212143,-0.01566792868382505
b447c2fd-507,1.1397778239850058,-0.025734767952153015
f0fa39aa-976,1.2248394334537596,-0.06669952693421077
04ee6c5e-851,0.8488623601199571,-0.055594466427960676
4056903f-581,0.7714948444699095,-0.016758129196477844
32a1d054-db1,0.911328468881204,-0.013398115314367687
372b3737-6e8,1.0576570736936781,-0.03548603694598085
5d776840-c95,2.0854196976661212,0.07802388776812474
011cff13-a7d,1.444217544434147,-0.033527453416766995
5b0e7ff2-a85,1.4498697364641318,-0.0011822464948009204
29b613f7-a28,0.758290639211629,-0.016877603786966067
35bd30b0-c49,1.5106982052207298,-0.02874476177290436
ea34869d-313,1.2094043583845995,-0.04929970615599327
d514e0e8-85e,1.4468131570573695,-0.03136250554579434
a6d9c51a-424,1.1455846355411898,-0.024063079627409556
5bf553ce-75e,1.601358337288571,0.009178653498173484
4a176c42-5b9,0.8794464030746407,-0.015334935853708764
7e276315-08b,0.7878279431649844,-0.01697190171321905
1f9d6453-8bf,1.0874836628344173,-0.06438887811321126
e3d18e58-25b,1.857947783465102,-0.044267707063788464
6cbb2041-c6a,1.6007080816672667,0.013170638469691576
a777f214-93e,1.2149658373494612,-0.07047375109742332
d10e8e82-488,1.5754381210649924,-0.035150196419817314
e0da16a0-b52,0.8667139013406067,-0.054677366506207636
79126e11-d07,0.9761372598763967,-0.05654024680403358
bb50f69d-e78,1.5588791507827229,0.0352727660761305
0fdf9115-3c6,0.7648681912036591,-0.07518015601771277
4a9b6961-b21,1.2930398854355225,-0.029018990642297293
5e77ebb3-45a,0.7406794162469047,-0.04600105671452753
92065f04-e9f,0.6901898919218663,-0.08996827611413372
aa5c901f-949,0.6512003965036379,-0.040271468617354256
c68a00cf-27c,0.8400999664646501,-0.07977158029238846
7bcff5c3-1e7,0.935066489966039,-0.08108701025488563
de4d5114-e4c,1.59899120222686,-0.031338989133306405
710bc5ea-f53,0.8423363537560213,-0.04040776755987141
e9af5ef6-ee5,1.6472174270795075,-0.05676533894308455
3e17c5a8-bef,2.0500948618833306,0.011025218554661875
60c89d5c-89d,0.6592366524732577,-0.08060973658279819
ddace0f5-38b,0.6743318858896012,-0.09074463529267318
7800c87a-ccc,1.1259411149344591,-0.04141306636289871
578b6add-139,1.1115136714823775,-0.06424618423091133
aef7bb19-69f,1.090890204206248,-0.07184445351756275
afc84362-049,0.7244017128874864,-0.03305894839853629
a30c73a3-e73,1.0843895524832776,-0.034342911142337174
e99b7659-aa9,1.0689800203449136,-0.08549692686143356
a951f9ca-a4e,0.8010994092265348,-0.040246895944543504
48fd8a31-319,1.2224904341110063,-0.021719008889833413
c6f57574-c73,0.7211727810899372,-0.04427748720430236
ace7a9ff-bb9,2.014412764432184,-0.009184582529844443
8937be49-332,1.0104424824358988,-0.08596426617346759
c728b605-312,0.8733546412532781,-0.0415054659804413
29e05cfa-7a4,0.6927882802785029,-0.04532655341409675
3690ecd5-583,1.205562765870083,0.007943623800932609
aa6a6787-215,0.7994057262774086,-0.046816500557469554
7ea924d2-4bd,0.9273989288925324,-0.07275250727498617
dc93f62a-673,1.8604294873019094,-0.02182800776128574
365a811e-35a,1.0963328029071844,-0.04165564704874397
20c8d194-550,1.0553003080752794,-0.07121006766905125
7bd19a18-c9b,0.8323903119226761,-0.03780475402172229
cf94a18b-837,2.286121764749506,0.005148939841203903
c72a8542-816,1.2440738893621721,-0.04270673831313243
8f7638fa-c21,0.6969454891079088,-0.04937898754600312
52844541-9ba,0.6458112903145119,-0.05795636962472189
e927cde9-62c,3.3600245922431373,0.0016306809877005835
6dd5faad-8a9,1.745436859039683,0.043675545715946784
c7fcac40-39f,0.5969422931172704,-0.04363863372816795
1bcb5e4f-07e,1.050122342289466,-0.054931795282767426
282101e5-380,1.499856872460232,-0.02779820157174101
f9f58adc-37e,0.9058671684430305,-0.053459600779733996
266fb08c-707,0.7274841163468518,-0.05723049052190543
0f697f63-4e3,1.2174591087882196,-0.03792685822658082
ccaf0017-569,0.8776936243969247,-0.02682022457025801
b5db07dd-e2f,2.5145090310928375,0.04362797534289309
a2e4d991-d4e,1.4121597252491465,-0.06702679494843533
4a2d0ed2-22b,0.9953046429938501,-0.08919830104655185
5297a44e-b37,1.194392462697256,-0.06478672460478918
b52b5386-9b0,1.0438684683047637,-0.08617321891593882
2ade94a2-824,0.5823096019350787,-0.08687084911365661
74f9de9a-03a,0.8712762244274219,-0.09090807225354525
583fc61d-3c6,0.7996779083905563,-0.09000630997005493
35865baa-b6b,0.6012818392652115,-0.04469976364036837
c5ee9704-41b,0.964436197992207,-0.09176243862853573
9d7420a4-4ec,0.5515125423309369,-0.037895262053157464
9576f746-463,1.5447782939623167,-0.030884461432756527
9bda48cd-22a,1.5744528762040941,0.006303785532660533
d422056f-2fc,0.8304732700486499,-0.03985718223793244
f6f72e5d-16d,2.168923752078465,0.046307165390211846
7c995758-8ef,1.1558587308983528,-0.02413557830321128
80290551-e49,0.6765754282292344,-0.07880826237436961
68a0a85c-535,0.6604893863079749,-0.036870349109145384
b80c0cbe-b60,1.2324830256295547,-0.08575926091802732
ce9a4585-467,1.1781471221080189,-0.033011329448597915
10f90c66-163,0.6325003796085003,-0.039988835450204596
2b7407f2-d10,1.5113606247676672,-0.01699930406821648
4f0022fe-e0d,1.6194447492270787,-0.052528357502448164
37217685-4a2,0.958750079459791,-0.08345353900536195
873a0677-4ec,0.7664184761962173,-0.08419529214626464
b822d20b-972,1.310058295750716,-0.04533505458574605
f18a4130-fb2,2.3218013628171534,0.04561983020803728
d9069ff8-43e,0.8676129757007898,-0.04799595860353756
12ab7e04-3da,0.8970125328526318,-0.05883987250670514
269bcaa6-b43,1.0979817165934622,-0.09630965086902793
f1923f7e-c5f,0.6106746225205222,-0.055440034887687895
ba40f649-ed6,1.4227169959113353,-0.04606453537782729
833d662d-b25,1.0392335020966583,-0.03345045227958798
c699c165-96c,1.1979618621420296,-0.03188126876065017
a756b6df-3da,0.4884875087202992,-0.0054627215680419505
06d70d3a-6aa,1.0942760651435268,-0.07165974305094319
c42d6823-3fc,1.1071434854577284,-0.03508929616483569
7fb8c28b-b98,0.8870066085487298,-0.0645844473253786
bec36393-d10,0.7013772522476447,-0.08841440984270466
042d7cc4-bd3,0.8584802332505334,-0.04293374465422267
a7047f37-4db,0.6312792853596869,-0.057306639952995064
16992319-767,0.847466030717078,-0.056306401062422906
a243baa0-024,2.7723028198428175,0.06290362751105172
ea876d2b-d44,0.8705543614853786,-0.06850823801100875
1f4deabf-3e8,1.1091132825016723,-0.03616592785885514
980797ab-453,1.1249328033751196,-0.0604798600691962
e8e06190-050,1.0353278553294327,-0.09615956498576339
0c96ba14-901,1.092454525800092,-0.03197778391854905
64b5e0ce-fd4,1.548521178298229,-0.01477148664049055
c86a5477-2a3,0.5732334186702004,-0.0389443959819597
ac67663c-ffe,1.7731390584805065,-0.028204741561120017
f7f61191-6bc,1.1739974577911572,-0.02518190536486703
70d7af88-f60,0.8830999443279153,-0.038192920516575246
6d14c5ed-939,1.4382165300678138,0.013671473782450705
615646dd-b7e,1.4808030296148473,-0.03704389200267194
6485218f-c8b,0.995317190482399,-0.031103407203412092
cd199297-580,10.250226616273485,0.16662980869307098
72029bdf-0bc,13.440280783800793,0.1825375228078493
251dfb99-b15,10.093642524623668,0.10941780709181614
23d39c3b-57c,11.151134966896235,0.09034874399339388
d11508ef-163,10.01715776306936,0.15935419085655678
13c35733-574,12.335165941866887,0.18282681851863714
25476853-331,11.54981591848632,0.1392838244953516
4dfe690c-40e,10.67394373967955,0.14414421483307538
3bd3926c-34d,7.979994751970091,0.16386478503033952
fb694ceb-842,10.755277819745189,0.16960124935756526
180f3c2d-2f6,10.383667086851226,0.1699714250866402
87c979ca-61d,7.243351388507641,0.12324000578075123
a65ae800-f43,0.6170940213301509,-0.0694998890000269
ab4705fa-10c,9.821394164451329,0.15718985431002708
a4adfdb4-401,11.105081439327666,0.18267886917800735
aefd70b9-0f1,12.352333181157913,0.15485725414232254
9f5b389a-dd8,13.659556577067011,0.1580394840234075
396bcd46-22d,10.965664116186247,0.18373185533504088
f0d78931-46b,10.833862331193204,0.18085158164918136
d9d2f590-c20,8.89655352799764,0.1638413140081999
6aac915c-37b,10.581507293281966,0.17731555954020806
3144d2cd-db9,9.11430281860941,0.15187291661261426
3f38a50d-248,9.601301537694763,0.16962106557498413
2540fa3e-648,8.09973435807053,0.08101896311533485
586723d6-ea0,10.311999316434846,0.18435511298357843
c04f9176-77e,13.096894328968599,0.20042948521175297
2631f88f-a61,16.80223861315619,0.14952408438058662
3fcf7e57-e48,15.270140045461384,0.1487221989847991
794b242a-5a5,10.11347116773596,0.16864825074004197
bfa9cc9e-39c,10.443932608863388,0.15888027056699294
00567ff5-dfd,7.737954160846611,0.11261758443836878
e6588c76-e6a,19.48952518081341,0.1903216369447236
c9415ed5-7c1,11.548920974787308,0.178430472202596
6c3a8796-051,11.779732419753623,0.10474859906765788
5fe23b24-401,7.993897941204873,0.07873084381907336
2a09695f-2f7,10.00518331160312,0.17559743301177178
0d832388-267,15.359744593901882,0.1695080016794145
8dd2450c-7c8,10.94071898347214,0.09384460448032084
8e737f17-f05,0.7209571040312676,-0.03988733486024176
2ab98a0c-8b4,10.362828799173005,0.15279423713627283
c181af7c-6ec,0.9034877089388811,-0.045300239154424105
6f1fbe89-da6,0.790540646221833,-0.05382620382865644
8dab671a-560,0.7039529892393304,-0.08662370650667889
709fd418-b98,0.6106883551921536,-0.06299624103274332
6bda660b-ab9,0.739837888064186,-0.06606386952540233
6c5aae30-44a,0.5111747058181892,-0.09318475347072713
8afc9036-08a,0.5616811865915624,-0.09070613314962905
0cef9067-00b,0.19064037549717325,-0.013724270608556355
70dc77f6-101,0.6874064956952013,-0.05685047679967392
36b0db63-15d,0.41189207756827423,-0.040667148842260026
1a1a7751-fce,0.807554540623566,-0.07982931424651896
c936c619-ad0,0.8766466935831292,-0.018860306600556653
efae51f7-f43,1.0369074514398275,-0.03666051847455892
752d584e-7a2,0.496209002788593,-0.009077490395214827
41dad7ed-0c8,0.6780200834205972,-0.038495082862766705
ff46bf4f-9ca,0.4823521532276654,-0.04079391925605702
fa1fb98e-340,0.5986402692400971,-0.04334085698052731
b914aaef-74f,0.851602311853473,-0.030033943895736215
268f111e-794,1.3822350290961514,0.09951643586758674
e441679b-055,0.6992877431065697,-0.09005791719693973
66294b60-902,0.8161944683463838,-0.013779665967517174
fba64475-43b,0.8369781700519663,-0.09216135349496135
6dfb61b4-449,1.4503947182719417,-0.020888246541345523
3e047a56-62e,0.751354807920483,-0.0773827740705802
6a89321b-e06,0.6516508824115208,-0.07771344055465057
cc5a74d0-ca2,1.2786857984387294,-0.05485351356523421
52463ac8-f57,0.6363904688704456,-0.018368505149855996
90aab362-ce5,0.6752006809122775,-0.03836305938523049
9222b9fa-4f8,1.4510480164368398,0.09747705473751245
b78ec4d3-3dc,0.5317391685235918,-0.03852422938406658
d70889a1-8fd,0.5859692256359095,-0.04020347823885434
a0db5809-392,0.7912439805576954,-0.07175385757082853
091f3bec-f29,0.43690355093361766,-0.0356112301630529
17acf7bf-6cb,0.7553525802336025,-0.04631109997195321
dd7717dc-613,0.7484326347887145,0.06861361269364719
b042dcaa-206,1.6538473589923925,0.1104287916603679
2115c2ca-28d,1.107492051943187,-0.051477704581894934
9a98a3be-303,0.638078307069722,-0.08709072932139816
7ff31eba-343,0.9000226815699466,0.05021281018300261
ae93a6a2-d99,0.803246087053126,-0.0606067757480197
7249dc7e-a1e,0.607936817405411,-0.08663619835552461
fc604d6d-830,1.25840367489229,0.06128942404954241
0252ee47-812,1.7327821783544082,0.0005546316471051194
dc42eb60-4c1,1.6730773788638078,-0.041334269693536485
b551e26a-8cc,0.6768995619627391,-0.06918590413358822
29d22738-6c0,0.6220992800986709,-0.043626238041318155
99bdfd44-ae1,0.508164000731406,-0.07988256360423768
4531c97d-c03,1.4983201122259415,-0.07387396942905
c24e000c-071,0.7322856866997602,-0.040287846237689495
fbeb1828-242,0.4636474145432244,-0.035437201116709505
fcf4d05f-0bf,0.55889297671467,-0.05429698118927723
39ae6238-9a9,1.1102548092300728,-0.026354732143819337
4d2b87f5-776,0.9281391880999079,0.03353145776891442
d7192a86-044,2.2430813796369398,0.06607966951142485
3305e74e-1f8,0.6667719778189213,-0.033702898880318855
a9c3a331-ed4,0.6536437193513656,-0.05290001117120846
a4e35fe0-07b,0.7681400753786333,-0.0762897933224948
faadb7b8-3c0,0.3529799910641156,-0.04192055371913711
c38540d4-7f4,1.1003714348597462,0.12560617227469828
4489f7ee-bf5,0.6925540542013314,-0.06651986386884967
2fd91ad3-e73,0.3909048276914042,4.691640303955413e-05
fd59a6cb-723,0.4896954108843624,-0.08814149088734746
e0dd994a-bf9,1.1008746518612769,-0.006224885879428987
5cd5a11c-3a4,2.1959255508795104,0.003081136097610182
b89737f6-0a7,1.2073565525636618,0.013696460840170399
ef6e9137-b82,0.9405550871183357,-0.09269871232081695
90c4e420-e59,0.5881123144401954,-0.05225210324369289
76b4d660-4de,0.5151333509524945,-0.06571475348695177
0ce19c91-0b1,1.4450374756536282,-0.008186604172366552
169faa6c-c71,0.7515206203821997,0.0056103069591872945
eb0f037c-38c,1.0155203436786797,-0.06231235830515147
660808b7-ae9,1.4651526103133894,0.023217124849332693
1064b750-622,0.351140896616371,-0.03240537420791678
f5d688d7-3a5,1.6044748326678555,0.04581835256816891
67d23369-8a3,0.3556676227551083,-0.04029803816301214
9df572a9-389,0.49857032460831824,-0.043146351534066374
60efff80-0e2,0.30064557122499247,-0.09603712333209741
4c8f76f7-3a5,0.2871811688633798,-0.08673939977416623
69f2e26b-b9d,1.4843502332150518,-0.06063421099457539
eead3dad-c6c,0.7686016348021885,-0.040239904104172886
6cda7575-f56,0.36583072583374615,-0.03794455093032423
2ec4e53d-65f,1.8116269522245771,0.05891090693998324
dda94f00-511,0.39991780022705187,-0.029255869136414037
e2cb0b28-67e,0.5608719518333605,-0.06718132029945661
0a52205f-f9e,0.5449578086641638,-0.08812162753100272
c8031064-472,0.6529761307411431,-0.08398582273311567
cb19bf1b-05b,0.7375888310651666,-0.09461862047053027
c4b5a8a5-150,0.8592943992939364,-0.062062344367593614
f411f883-3b9,0.626956899671484,-0.07126619608793311
9e04c587-79b,1.4271590237581249,0.09107716114296716
4438fffa-200,0.19825033199145733,0.03670573359589646
ed413e2d-8f8,1.0844234615244637,-0.06252177828801186
d30fdb6a-c3c,1.2707982853029967,0.025807031472266817
82913732-2d7,3.3940184271718925,0.051954971861545074
97945b16-838,0.792964113999391,-0.09345269048077276
903acb40-412,0.2871495715584857,-0.0352926537486874
b629dc45-ff9,0.3687953995918659,-0.09528749684234322
85c626e2-0ab,1.88339475062758,0.04360780435030143
5cabe87c-6b1,0.07525648724476669,-0.00011665362393747936
5c48e349-1c1,0.38474391504480154,-0.0024651139875952466
88d16b11-d3c,0.6876402471971723,-0.08944074326931922
0c054eca-691,0.6374533150621204,-0.08693034940376193
f04c801b-002,1.6909452378080068,-0.057371775968440064
76108f43-2c8,0.3370844257934481,-0.04079407096027321
ced64769-a7f,2.2036468448767668,0.10345093717501741
7c83ab20-3c5,0.6935780386150231,-0.07154564636606242
1fc9383a-a38,0.8208695095238663,-0.03276828882644006
c1112dc4-7aa,0.7968890124214384,-0.02248962798934151
cb73f11d-e55,0.97402977515867,-0.027612255879168823
785f6a3f-4fd,0.9035612355005653,-0.05372466659895697
8b7037fc-0d4,1.0345222604050772,-0.061345798784051664
4703b6ad-5a9,0.8540491297903623,-0.04000706481135735
384d2f4a-20a,0.6996968533500778,-0.08412416376009524
c9981a24-c74,0.5753077933862524,-0.09372701518115445
0eb286c8-018,0.36188530375948524,-0.05422810346058854
cb8a3594-48d,0.2909110823542727,-0.036993894491846036
b3806612-77e,0.24953027943417228,-0.03826903416543709
08841973-ffc,0.13822289114361472,0.0053782763118277455
09d59a5e-fc9,0.6009881842556998,-0.07531325661861316
d2d459f8-b57,0.6245651553483828,-0.02974885001418226
23819fff-5f9,1.0092299871476844,-0.06602527935010633
ca102f73-665,0.03559583846629582,0.046139527245886436
2f5339f5-11a,2.01632584963553,0.0038582029259549566
f8ca2789-206,0.2839097071719842,-0.09515144002972564
32d076d9-eb9,0.7725183274092553,-0.003211965488318591
3232855a-83d,1.2138500647485826,0.06208533411711137
1b999513-654,0.45669999176537657,-0.08500144970330353
51b2af07-d7a,0.4819322291198729,-0.07404723721837175
d1883c04-2d3,0.2371815969653386,0.07073246486583673
17bf7d91-da7,1.287208083968849,0.14393457652588915
747bc8e4-d2f,0.717147266919794,0.03308959613011675
14d49c43-3b1,0.5457874113208702,0.040424134975345916
180d6c79-f1e,0.7078302477562834,-0.0659200077302563
5a6dac57-801,0.6012892337409886,-0.044976464254445125
7bfa1944-d45,0.40353445258009657,-0.07646708881701353
8b2159cb-e76,0.45222370370539056,0.07263336180662916
7607ef19-085,1.9765363591850196,0.074073737526687
4ab97397-25a,0.8828545174119039,-0.02303823409618272
d1c86ab5-1b4,0.31507179733202895,-0.048627890052025946
da7b41fa-f02,1.068929304323008,-0.05444680834345117
03be5eda-9b1,0.3714762618680414,-0.030198915433071682
7e7ae8fd-3aa,2.2484707504887007,0.12849731233666428
bdbc131e-45f,0.2125433631799394,-0.030368563713749075
299efe2c-6a3,0.6600409210011969,-0.08807189749874422
fcc3c600-ecb,0.6478771339282594,-0.04233468773854826
d1d62de8-dd1,0.4060536253346777,-0.08920164090162264
725cd4ac-76b,0.1935308085424466,-0.029273030101038933
fd62d4a0-e54,0.4993411215392666,-0.06889842605315
80f564dd-cc6,1.3138298077652635,0.0014160535619858194
8b7acdc3-e95,0.3758211130093764,-0.07981666684292876
cb0718e0-39a,0.24120228980159547,-0.005274377428091059
62120569-335,0.5016810566284715,-0.0377991660788054
62e42140-194,0.2549731071036875,-0.03220828974524115
8b281fb0-f14,0.15360110084703785,-0.0397022458783306
fd9e89b4-14b,0.24545653414491717,-0.07536248866149847
7f8bd095-e37,0.32862363902699976,0.1253188567933523
fa031da1-8fc,0.4435429009276159,-0.07263610545220406
be316246-6ea,1.300914541922085,0.070647437655451
25473931-55d,0.42059982633271426,-0.028690115396357796
93b42833-ac5,0.2823121243541923,-0.04407986205856418
ed443fb4-0f9,0.15079813332304898,0.0077449898570848275
9a1d4fd3-1b0,0.2525201828916146,-0.07196038112347453
276295c5-4a3,0.5256027110318475,0.003519568078339419
bcbc3c29-50b,1.967696037282739,0.12171206887970187
34dc3155-ef1,0.4227139198250453,-0.015266460660516457
f7e93f34-542,0.9339285623536179,-0.0646739726644599
defdfa83-58b,0.23801596777710754,-0.022911110244870025
638f740e-5fc,0.5264289884911441,-0.0705940962126646
25ff90c1-88f,0.312907094391606,-0.05186555822893735
56e162db-cd8,0.6429771319689759,0.03341998177710592
e22034d1-19c,0.44168172092271213,0.011723441446617522
c000db73-4ed,0.6079796154814335,-0.005918518537083195
abdefeb8-a3b,1.6623175957497685,-0.020851723394617216
f09363c2-85d,0.7567314498572684,-0.05776464423735628
2232c777-cdf,0.777184822349965,-0.011859112140133798
f0bfd449-4a0,0.04082871044380842,0.02870078490580219
f5691201-391,1.4203018508043317,-0.014979522335999973
f7bae787-406,0.7634999007138037,-0.02877319981679516
b9f34fbb-416,0.3004557757932758,-0.08548787503726574
83d9d3bc-e65,0.6094640393253494,-0.08041463817413813
1268306b-cb4,0.7062293240316397,-0.03363658598432551
57f047c8-fc9,0.6943238600470216,0.04143522857077664
43235bae-91d,0.6020755659986725,-0.07946822710131851
8730f5d1-0f9,0.24938363733969363,-0.04694331932421253
ed7179f3-431,0.4900852045970471,-0.03424069601182972
363a1970-c5e,1.5626718208516581,0.0007618477285366021
2b7a2d7f-a17,0.13326054460535353,-0.06348998067650813
fc00691f-3f4,3.0218444067508337,0.01790069917707493
70b59cfc-252,0.8870173087352505,0.04923755738126656
dead07a4-0f8,1.194295450610118,-0.03954213733452999
0829ced1-f6c,0.5854689638617545,0.07326917839636804
5d4c642e-636,0.2713925538507339,-0.08791929370194479
fd16a5cd-3d6,0.4423915963871166,0.08857698252779111
50be066f-28c,0.3726453081866177,-0.029814668803441358
35249862-ac4,0.2822794019536351,-0.0609759394451827
492a3429-aa4,0.35062213035340817,-0.03952485002739742
526189ad-674,0.2506226565090581,-0.06679828455629294
f15c1edd-9c5,0.16785447627934802,-0.08530798427709468
be7d876c-8cc,0.7491681448081795,-0.050814638815660285
0279827c-404,0.7038975589061705,-0.04142487289729618
63c73b69-585,0.8933623044949055,0.05420798340399191
4fd5d08d-c16,0.683164456134187,-0.030050942343216758
7027f8de-c38,0.11011092922060821,-0.08326448521990204
ef46928e-3b0,0.41764501934487475,-0.027734913099264957
beb54e68-2fd,0.43260805238206756,-0.0527617924876016
9bd0aea5-2e2,0.33488009647647415,-0.0069678741177254255
e1284312-d39,0.29993166891794665,-0.09026785194010284
a2cd5df4-1bb,0.19308295432734077,-0.046394066336322426
0d97a6e3-8aa,0.36269576709941487,-0.02257514203653116
a3674f7d-e9d,0.07757364426823185,-0.07304760057810528
384ce980-023,0.1784241507441812,-0.07661942979686537
408696b8-460,0.9051993951873285,-0.041125214868280746
91612673-e56,0.19925748486468758,-0.08334283899948597
3244fff4-5ac,0.5281702869537953,0.01070037517376965
31db223d-fe3,0.013661145561571638,-0.03753334349215842
247ceba4-fa9,0.3983447101856121,0.06655068228498495
5db05e53-1b9,1.3724286774189767,0.0557330833507923
c54d959e-2c7,0.7590532814960953,0.05423728735393063
34257214-ea2,0.9951464964954813,0.0007245929417859509
fc7eaf70-8ed,0.33955370053524053,-0.0322159745605865
744a768d-5af,0.31465684625491425,0.08214773928340902
df6b99fa-045,0.0575919883484601,-0.05506717760069696
60215d00-243,0.9136125627397252,-0.062204248242917815
8861572d-cea,0.39564594845467554,-0.01334208036720752
812997ae-c61,0.7634207236994535,-0.0012607297074736512
9fcaeedd-f46,0.05131134309634157,0.12477994300108375
980809c1-bc0,1.7267449929805352,0.047577073456194996
00f3856a-148,0.17971217115703586,-0.07784005842060382
b2964d9c-0ed,0.786591218221533,-0.05543848295419651
2ff6c8c8-343,0.4395638168071376,-0.08213750287426652
31455856-c78,0.0469017632728552,-0.04894058117926642
cebc4269-bef,0.7960370731843451,-0.03111858208685997
fef782af-7ac,0.14365642067658835,-0.09014760132645627
5a4e412a-6c9,1.4649960917465472,0.08220005651249918
8772b19d-7e7,0.31110588718641813,-0.04400557404872191
698d4808-a9c,1.128939320680978,0.03107533607745616
c61c970a-702,0.9117987819536543,-0.02259760948532602
bcdf26dc-014,0.11653641291976735,-0.07322942527115872
f8360113-a99,1.2083744330524262,-0.015191363577257144
efa731e4-086,0.5032322534501037,0.020968454303769812
a4489c7c-59d,0.34425034123043935,-0.044718561633177834
f9a3aa0a-5b8,0.2991580087220658,-0.08494527631515408
13081c4f-356,0.3698164422321396,-0.09166406135973254
6806f12c-7d7,0.96148047582576,0.039039183198384286
b492efdf-f5c,2.4573174771688717,0.06893694488804814
fbd54a62-829,1.883860352024501,0.006878245752310552
ce31abd8-6df,0.19685901431848785,-0.03536781885908796
8cf25239-a5a,0.18007874550006095,-0.08148745865178064
306dfad1-5db,1.0795661230674523,0.0035539985697210508
e8858a8b-df4,0.34461465424285176,0.13029885560118537
4055c706-1e2,0.6229829093103172,-0.025353977248978088
7070fe50-f65,0.565242861480936,-0.07132074384347242
1acbc80e-809,0.3597479562414587,-0.08704573639738494
da6ea978-1ce,0.20930721704624838,-0.09746529035245705
db4f691c-3c6,1.204394763131926,-0.0068785824845815635
90c828a3-0cd,0.7050574959082786,-0.07754002825188083
809c404b-298,0.347542527798804,-0.0914893259113147
a107ef57-37a,0.3147094998654395,-0.03087923264033876
42318244-405,0.5083183811101175,-0.04195611780776881
b4ccc96b-dd3,0.3049674307585323,-0.01993223993798826
7d4b60dc-fda,0.6229504498454349,0.020951654561640942
3d1b818e-ba1,0.3763124772806664,0.011822626916594525
db1144ba-d65,0.16039567380513758,-0.05501358689493685
60a32d5b-355,0.39046500986413113,-0.09140609776293263
b9f82363-272,0.42476085498633687,-0.0324708756232594
05a7006c-2f2,0.23417260700139458,-0.0501257332480729
3899b266-6e8,0.1357442277069701,-0.029521533352918794
c1c46819-7f5,0.2434449550244699,-0.08876289213824412
82a97a75-49c,1.571456869057628,0.0007374424134618529
0d3f5ce1-220,0.5616229843157498,0.09506713233746678
acdded19-79c,0.46407245791375673,-0.028060963751023016
662a00ee-e48,1.3354115447048263,0.03304702056653441
c3c5f497-cfe,0.8058466199134781,0.04520526493550847
90245ced-c80,1.1626756161950518,-0.025174170196048506
d5609163-d0c,0.9643191892118277,-0.02061908342827712
cdfd20a8-40d,0.49929036379302316,-0.08963607165575799
20d746b4-3f0,0.48874738723287114,-0.08515976354378851
f9f43722-5c5,0.4532045123440619,-0.01765614229674084
f309fa8a-6e0,0.266216571107586,0.03872621625124062
7dc76d7b-aeb,0.8494713852971734,0.03711293971956309
0764dc7e-3a4,0.21149156811301467,-0.0908288363534136
96daad83-687,1.0937195039153096,0.007374643747433018
87dac3d9-e8c,0.5686666976491859,0.047259481862361286
701ac6f1-0d2,0.18375451740101764,-0.015307401199610216
bf110d36-132,1.1408271371172054,0.015016144080881033
24adada5-05a,1.0259332817851838,0.044389147172422705
09463a1c-e75,0.16656771382696756,-0.042548219099550366
dcf6753b-861,1.116673811555129,0.03522866388354151
79c50171-337,0.8514669793230658,0.047246157170788505
8ad4277e-e51,0.387495379181012,-0.03438541735049866
3c936e95-9d2,0.49397271417731803,-0.07472115263281648
6d7ff98d-53c,0.8434401031412226,-0.045646954493969216
b4099aa6-03b,2.2432986392958876,0.04150062314135605
34fd1e61-8f6,0.4019588808794803,-0.07655130661308579
c665277d-60e,1.0046153752565012,-0.040569693743720325
ac0938c9-623,0.6568639651809779,0.0386825137616158
7f1848ff-996,0.5498410255623666,-0.05602888239723064
c90f284f-5d4,0.633024478331692,0.01465510854997687
6b6735b0-2d6,0.4098635572983631,-0.052165154521411516
cd22847d-320,0.792766699906391,0.02606000050967372
dcc01d97-967,0.34700170261499624,-0.04353621665603591
ff492483-f6e,0.33095376990533576,-0.08795493018186606
a5fa59e7-e87,0.459331316890971,-0.01904729147349371
0060664b-625,0.5172902498384162,-0.08802885100420849
59ef4876-41a,0.3580448839752837,-0.09525315897676068
485fcfa3-d16,0.8561587559241488,-0.048340228195261736
dec91551-e6b,0.3670535991952867,0.1348169448328559
d4b0a283-26b,0.32471843159395053,-0.016776218695027434
9f7f1e32-2da,0.8775815456949891,-0.033592800268916756
7552ba2e-c02,0.9630568463183058,-0.03158108648955249
0d5f7cf5-f0f,2.061753850973246,-0.0008712263148376587
7b56f94a-23e,0.528805275379549,-0.04319847571794733
d43a4bc3-d1c,0.4153462299903026,-0.024384436050912506
8226b889-e54,0.7271842270372726,-0.05974571710799398
72605189-28a,0.36097994972505054,-0.04416328186933566
021f1f7a-7a8,0.7450496079205056,-0.08759875669292677
890e1c6f-105,0.4960118501994165,-0.09902287427086603
2e535e68-679,0.5735903691113335,-0.08595584723798766
20a90943-ad2,0.544588761658185,-0.09299773785144028
d642d1cd-c00,0.870673303524417,-0.02586096819578515
c5ca148d-ece,0.6963645523450785,-0.0035150997934824124
4a5fe6d3-708,1.7860353578016466,0.07692907306096919
dffdbfb2-9f8,0.8034981384338187,0.08504677762908663
335b4ce1-eca,0.24884273715678362,-0.07676139739600846
ddff1f74-842,1.1363037692774116,-0.020437248903511895
f95cc2af-217,0.7705351792917886,0.03302216714629025
8da53453-6e5,0.7833051559020594,0.047770232221654885
c9f403ba-460,1.0970520158460817,-0.06526210817467859
8aa83f5a-3c8,1.0595144726538797,0.0016377381690144688
c9c6a1cb-73d,1.0949181082385475,-0.07271898477417638
985d7861-350,0.2058458667665388,-0.04850040105186393
3f7dc1c7-5b0,0.5855190774560541,0.04949197623924373
b4486fb0-426,0.7419751951134037,-0.008683953120654897
ecd2f2ae-837,0.0981020469441623,0.03849757607809989
46ca1dcd-dd6,1.6275514481666398,0.06698154913714449
a6e22650-e9e,0.9318702743812926,0.04647884515948919
e284b586-cd6,1.2798461901356994,0.12976766734871836
7d66211e-51c,1.1498366119717809,-0.00732711939408448
5b6e6de8-cf3,0.9590166222545771,-0.020025595280260433
cb304e90-baa,1.1020949430447895,0.059421432808432484
a1f41cc9-ca7,0.6714373734760071,-0.023595261129603085
8f6abdff-4f4,1.2319741949098668,0.08770646852711561
2b37aaba-7ba,0.9344578660770027,-0.04303581767213388
97798bfc-1e7,1.3155499936282924,0.09600273053348918
1b84467a-30b,0.5015576592480988,-0.07740716865029457
5a8c22ee-298,0.726147510151365,-0.04682737730519315
a04e9cbd-ce6,0.37167229137966595,-0.08970594320501402
473a870b-130,0.9205655419735572,0.0848550860634395
53c91437-379,0.037289597056761783,0.06859065257506802
87d20177-da4,0.23446196397943,-0.04678709209284754
1df5355a-c79,1.1673770759454019,-0.003715276039250537
d0482476-124,0.5428901228134829,-0.06166929010076527
35bf3a09-fe5,1.0304434452446012,-0.0660796868807948
29bcf0aa-ab0,1.4528862878200373,0.09233616982806436
47d4672b-5c6,0.6502960454167293,-0.028947448824840794
77ae8f7b-604,1.126638921399718,0.03411197354927897
a6a0b514-21a,0.2826125068993562,0.023395676006968347
88dfad65-3d5,0.8964014737550661,0.0367374891829112
f4eb5cd4-728,0.3630337691046967,-0.042545667742316995
960857ae-2bc,2.339414307237924,0.12932607800549067
cc19c6b8-920,2.4687737945663626,0.07771777561608517
bc572b6b-d18,0.3721014374186394,-0.0847537164976489
165306d5-e30,0.6888744501302713,-0.04695371777754903
9209779c-302,0.9569889790129253,-0.06250773542856664
370e3cd4-248,1.1941954674810107,-0.010847543465213771
c901f5ad-a10,1.3172173313949564,0.00011911296018951578
4e08bdd9-f83,0.9447911602959578,-0.08746800636279134
a5a33a04-765,0.38509931669628217,0.04463705796446915
f90b625a-4fa,0.4805782927000132,0.016533629449427045
c18e5dbe-250,1.8903378514968767,0.009406704665969934
acaeda63-2c4,0.9754279575059788,0.04206209022659091
ff80633e-5da,0.9715045178371324,0.04507645673641936
aa79b6df-eef,0.6054320628139506,0.0747592479835052
4eaf770d-6f7,1.6480059354921563,0.0387259561971236
5107ac55-fee,0.49006342791568636,-0.07827084569926973
fde52812-26d,0.8229051575021513,-0.03387508127714878
4d298c5e-762,0.7324484826903864,-0.03627238777581199
62f47ff2-fc9,0.40048346016212816,-0.09790283031019148
c947eb77-9f3,0.17754113705192415,0.05161061846592252
c2bc0bb9-b0d,0.24535190509336588,-0.04093242958694543
7b888940-8a9,0.2674246015654104,0.05977003293203076
9e9961b5-209,0.3614315387136633,-0.04079301169528404
2be38037-713,0.12784567992720575,0.04766572704880023
b982b828-634,0.798919122057814,-0.026559649423104126
93f774a7-25e,0.5122463225886472,-0.08884324726383475
51ca712a-568,0.3548782851281501,0.029786389558630222
6cde1814-c44,0.28055315537296033,-0.04396521635823808
773b69ef-49e,0.13687383395424624,0.07835500367167536
5dc26d37-947,1.8168048486925252,0.060031749535772616
353fbe7a-96a,0.6807506019098348,-0.050798268939440006
91b630bf-d49,0.9503299106121155,-0.03231448109557128
bf2ef52a-d63,1.302941397758087,-0.07616164121533026
7d2aa6f1-2c8,0.470435962785434,-0.0877927476598811
540f6ad9-246,0.3017781853957028,0.03197867341837979
0f7c05ae-16f,1.2507622009637518,0.06613404077262186
6bd1d453-d56,0.5260501525098138,-0.04896808687039306
559249ff-36f,0.7986135086196797,0.042293575326516786
b8ca89f0-e98,1.1500445231593825,0.10651611883853063
1bb8c608-b3b,0.11003540485728922,0.003919944859334223
4f1e2e68-84e,0.34003498597181725,-0.09814897284891283
f24677ad-06b,1.0346699577576528,-0.04912692688149922
6a8ad9bf-84a,0.835160374319835,0.028872885225242673
6f4ef202-9bd,0.9566708201374264,0.08678456382972832
f274d7a9-072,1.9313263880854907,0.09466786579007536
f69cab76-183,0.6033214432132055,0.028869160640239366
c32b1e31-cc3,1.0762813348522542,0.06001943012677824
d994c6ef-0be,1.0178432381983047,-0.0860499677699686
b50d421a-ca9,1.0073770407081928,0.04141429275142583
4ab72a05-b87,0.46346242122472536,-0.04446859836293515
e409b1fe-8f1,0.7086249792556697,-0.038851666862626644
cccbe148-d92,0.6855697928570399,0.038955071714582346
d341f10d-bdc,0.7522604257808861,0.004910008890655626
6d3c9653-588,0.7117692276231791,0.04322694469507782
1079c45b-d90,0.4544943902966782,-0.0879654605637023
8449745f-2af,0.7999317364390434,-0.043568386136120185
3019bb91-4d1,0.725411583370513,-0.07296883983770935
86f98a3a-c4e,1.1291453336497632,-0.01981028990398981
f8aa47aa-015,1.0331625359427463,0.03518176358834324
e3c5d884-4d2,1.1832051952322744,0.037717237660123915
70485beb-299,0.5312149007458628,-0.05130523756023292
854496d3-bd2,1.0359259249270512,0.0398602072490315
281d2b00-828,0.6039217683200879,0.033983713523255465
23141513-4d8,2.203903584615004,0.06906188100031418
9cd370a3-b68,0.8477380587905162,0.040919779481988106
7532032c-3fb,1.3496548278759972,0.018916216157753185
06162f52-f8a,0.59917922811928,-0.03167846339952057
45b36a02-c7f,0.9151289285421224,-0.06802353597253485
df50687b-c0a,1.541411211574602,0.047833344559965685
b15ebf82-332,0.7128414821780872,-0.04564128783008031
d768085e-959,0.6951816919873356,0.027248834446862435
4033043b-1df,0.7502081932163156,-0.01920015195993474
8bd7e263-d9a,0.6048415135033448,0.0710514843162825
fd052ad2-684,0.8216845135827213,-0.07889833319350742
a89c7ae4-0c9,0.8962731330289025,-0.0721656730417905
186ea332-49d,1.3385953896861222,-0.07260052614189477
318c02c5-bb6,0.9677632836774075,0.05496780095680143
6b46f3e6-596,0.5631044428745638,-0.10294986545624984
6fad9248-f9f,0.5772320337319965,-0.042602238448131324
40982459-68c,0.3134432184004274,-0.01049457134824805
16c203ae-d48,0.6508750357256792,-0.053035123819025254
2572c132-496,0.4573602782544619,-0.018943521219030646
22259e61-a71,0.8236798644657823,-0.04043607232316376
56989202-6b1,0.5188030836629515,0.019455734046922246
e6439af6-7a4,1.0815365574543558,-0.07140300975707181
483f6802-891,1.1264718755922873,-0.009837103062748653
bcc898e9-24f,0.6202418509478944,-0.049726243594910235
bf7e89cc-af1,0.42296898979851666,-0.08874329099735684
c5ca1b27-ffe,0.7607834441903755,0.04047157371509402
2f5d41ec-326,0.9008532038191447,-0.070652487687065
b344d607-42c,0.26472008138088365,-0.0053666654349815435
6167e15e-a17,0.6303081634866898,0.085807680806124
08f82489-df0,1.4597307928622665,0.05793640746238571
73268ac6-efb,0.9729259015868921,0.04563599728206669
b03e9e2f-ed4,1.2457354325601808,0.04465065222945552
01568165-292,1.3144675486709956,0.029189450359626057
5280ad7a-090,0.6632955703238548,-0.04085224917703001
99853315-2be,1.8446359776008863,0.007140963797173994
7fcf4ca2-c50,0.37706941746389044,-0.0477237225147209
a830d994-b26,1.749525944752559,0.0270118850149893
f725fd73-f62,0.5739158761808703,-0.05603131172266851
b7b40865-725,1.0604518450983227,0.07883294087388004
0c3af398-eb4,1.0069709683191053,-0.05257149322790705
89e6e9bf-2c3,0.4929121116675156,0.01257939223600879
ef8b0d38-8a5,1.7532741880987226,0.028760378325492497
08705a16-6df,0.5063986473191047,-0.02457880250312089
8bc786fd-f54,0.5095430523295534,-0.055199965118486016
9766e31d-376,0.5585219907921134,-0.08527889761009877
207b36e2-7da,0.5498230002656141,-0.05202648266603532
90cce30e-f23,0.5348919617075643,-0.050563739358740145
27db6436-f9b,0.3485168443551232,0.04390162513812512
4a38c310-d57,1.33920250715424,0.06882581012306188
e6773fff-de7,0.4778835215532228,0.09029125498379398
05d5fbc2-e81,1.5272633274609977,0.023904706066246617
3f6bfec1-20f,0.6088338312189057,-0.04374141066555631
e7c0aa56-7b5,0.37396423555703207,0.07981332925744467
d87b8859-d28,1.0883713863593005,-0.07801111940604238
2d9a1891-d2f,0.18929328490039482,0.050738057111551105
ff3c8314-441,1.3328658795057649,-0.03277062991184132
6d94efdd-231,1.1412498263055264,0.052861362953559365
0060df83-307,1.785194996699719,0.07256322493342648
9980b6e6-b7c,0.713486195473531,-0.04634953509707945
44ad6ea9-f54,0.47445888329395114,-0.05871546954222634
59a7925c-bb9,0.09490630551218687,0.047863610614009455
3a1b3a67-bf1,0.40842110424676026,0.015325575439485872
45530dd2-767,0.26971682892519827,0.013662678859929
16713835-705,0.9092882321113471,-0.019506899045579396
5a7ba585-7e0,0.7130045046374184,0.05055967214204837
64f61e0b-9aa,1.1049052475790084,-0.043734735239132516
87837b7b-6a5,0.8355472709025769,-0.093536615148402
9006a4c7-ee3,0.6967753010599993,-0.043929355459526975
7bb49601-18a,0.42543935931677646,0.052441706585051207
d9fdf0fa-f8c,0.7712661133313252,-0.06333310898293176
920609e2-204,0.7522031806787951,0.052039260259341025
4449bf15-c9c,0.5361837707060964,-0.05354980254546271
a20e9ede-af0,0.45881250847734606,-0.044656676954747676
e178e947-e16,1.0714655293908237,-0.0671461607861838
3d2b8d6e-bc1,0.9914670530364433,-0.03958496858821453
effbec4a-1a2,0.9156386789318818,-0.05482510438597321
0fe02fce-949,0.5635608327208206,-0.05348895709911494
14c283e0-730,1.184595099392335,-0.03336606328039543
d7de513b-7bf,1.162941601969516,0.046196572362251054
b8522970-d74,1.7451106270005203,-0.008407636049297229
3ca3910b-27a,0.6113316850151922,-0.09055595781393516
8640636b-2c2,0.8920489167711252,-0.03917291671816203
fc8be309-65e,0.5315737407074427,0.006710038969243937
79c25c0c-8e8,0.7410560445266594,-0.01565326366964115
2718cde7-270,0.8937695389555695,0.03791729417131917
f1cfb0f9-f1b,1.2678540231334254,0.047239127565303685
fe44f227-1b3,0.5768327903456225,-0.04522407355893909
24d2fea2-3ca,0.5179591498413246,-0.09486764714401225
24bdb715-658,2.5627348909915613,-0.0007629725101895302
b563af72-029,0.6330679873531224,-0.05301975130638309
007b8cad-ca9,0.6733828034379272,-0.02509263825144009
68c3d069-d6f,0.7858505569549299,0.04461201738694798
200d3369-101,0.5670681236485973,-0.050563410262842
2d0f4b05-bda,0.1644429024422565,-0.013763332801588146
8b48c0d1-dcb,0.7069291363811118,-0.046849856698676806
87aa380e-014,0.8693365089183399,0.06184103729001045
5e32dd5b-e17,0.698957049891038,-0.00913123722996273
e91a4d65-216,0.673449263577961,-0.0416107083188304
bcebcd21-eec,0.9355596030526494,-0.055890400886284275
eb07a72c-cae,5.699524091940481,0.1919393827734298
d37237b2-14f,0.4359368708053447,-0.08981139037949004
f1aaee02-c3c,0.26514331658995727,0.12871646984307727
0e12e099-42e,1.4408908283031825,0.02473266897493498
5d2556ae-4aa,1.1993530784821569,-0.007580032317855145
bec22958-0ef,0.766074472397525,-0.0017701582685601958
21649bb0-b22,1.3919063632373878,-0.05621970286702882
001be625-169,1.1528986864360629,-0.024895087644275005
a2b43257-5e0,3.1422945371412,0.08925330492804628
090caa25-8dc,0.8748400858756283,-0.07968727900791828
3fe4e8c8-12a,5.635614713898152,0.16222582725944157
db16abb4-590,0.5402903786785271,0.029865157651884133
70efe935-367,0.7284690174362332,-0.04963196772264061
c09ad1ad-47b,0.6566888015558382,-0.04370231378905959
b5b0782d-e5c,5.797984101864025,0.1777408444446339
c608e4d2-47c,0.8113810786926643,-0.02892372384752434
51893e9b-0d9,1.3271131012866189,-0.0055314317342915476
ac02b8ee-326,5.780756746953601,0.16128393049299106
dcbe6468-d6e,1.1314361649589992,0.043393759700492085
8ba5a777-692,0.7621883623093276,-0.052624584339485525
bd3cd004-011,5.788906120763247,0.16029339059159708
955f57ce-bbc,1.0078168552918338,-0.0950500832168964
d2ecfae8-8a6,5.754533908322699,0.1595537990065693
15b30108-371,1.3833170103068537,0.07384686783966055
a13d0264-bff,0.6670262532076023,-0.040760353208029176
c93bd40e-d3a,1.4644102009985474,-0.0025415026015074837
44814022-64b,0.5157674215208922,-0.09772131558705671
4208e7f2-20f,1.3519373954681475,-0.012219912576583503
fe2ad544-b81,1.1507616073101699,-0.06260426797409757
30279d87-ee2,1.0309618197058175,0.08934808342605138
c3111321-d31,0.609390321735184,-0.08403399310107418
22019084-7f8,0.7669804773116918,-0.06330388824926636
e4120abc-9af,0.9359161636437607,-0.07895786216468009
75cfdd98-26f,1.223714103734622,-0.0671155386733594
4201289f-f28,1.4849319319397514,-0.022709955637241597
358faecd-625,0.8968964308526765,-0.08182067244899865
9117d022-162,1.2345188633273607,-0.044634882307113766
02ca8f02-238,1.5858864642475297,0.09460336552103021
fa5b1511-6b3,0.6568134226527347,-0.07657441878378218
fb0f8f25-770,0.9326390291404296,-0.09122536464587933
457f2dd0-58f,1.4240170065336657,-0.07470698447424329
4beb7b0c-ed9,3.2464774403491736,0.04294021462530084
f5dc2aaf-042,0.9205765702988296,-0.027605426894487306
a0b19369-071,0.58167797181687,-0.03586886989423721
808334b5-c82,1.3285546918267852,0.0946990347456026
19c438ac-4d7,0.5994341964450738,0.10540497219710787
d740a5b6-749,1.1239751812407333,-0.04713239875688663
7cf06303-1a6,1.251429808227338,-0.07671076573422514
59a8ca8c-9a6,0.6035359550617433,-0.10070778075256998
4b0312fb-f78,5.93638031293513,0.17098657779476256
443a5015-56b,1.1088880802988965,-0.02331044361973217
b922811a-d64,1.0015161075967665,0.0497377152154147
64dd4295-336,1.264078834233589,-0.0315739467398341
cafe14e1-625,0.8313301125231112,-0.04916223964488775
e034af06-adf,1.209263104645454,-0.060626395891215434
01c20d4b-e9a,1.2568402611844882,0.05656444927437465
29b538a6-e54,1.9777284837966596,0.013923621874602277
2b3ed109-5b7,0.7560365325615991,-0.07903010551053807
a7071c8d-d15,1.6863813893728579,0.03938763733499551
37dc350d-bac,1.1810366256365428,-0.008431724216353909
c44532dd-7a5,0.5779578093552092,-0.050570716718502384
67773b25-bb2,0.35943554337987216,0.050160803922443264
6aaeeceb-b22,0.7346897862115495,-0.06815950597099268
e28dafe2-b29,1.033437445536421,-0.006961839195635311
f49fc18c-592,1.239501556122213,-0.04968218429938137
8e0c9e2b-e33,1.3618122511650306,-0.013464298103910366
a15233bd-5f1,1.6482635436823942,-0.06459852827366508
9acf16d2-07d,0.7617753906412998,-0.07717015078989936
facb9151-7a0,0.993916626384068,-0.04910995824446657
db3cdf6d-490,1.1308446879080325,-0.07765651056032002
2a96d4cc-7aa,1.6133350949271668,-0.04824706000502088
7649a736-4ee,1.2594407329659822,-0.06142442284185662
e721a06c-ee2,0.3591788417182775,0.061903397063738486
38c80a96-2aa,0.8804106023858491,-0.0315735120371432
431866d4-3d2,1.2011321752461395,-0.036489407186952594
06fe070e-d23,1.1734855648154991,-0.03148214813725747
08052682-ed8,1.1797036063889421,-0.041967325091846586
15513667-585,1.6845991035272416,0.050762203124462446
ac65e7e7-2f6,1.024464137021216,-0.035183944192770766
b7a5f1cd-3d9,0.7288542644650817,-0.0368964629292296
7183bf87-54b,1.1910254329708638,-0.01660866442715131
17fb5737-60d,1.094901217981783,-0.09594146262683922
ec81ccdf-b02,0.721595444121986,-0.04458635511135728
d28c6ecc-4ed,1.1586201818703055,-0.041095362347100095
6f9a3223-18e,1.158096727123449,0.044961396122224606
688d747a-9c5,2.9253994323527652,0.10047364371972412
621e0864-99a,0.9414907932188328,-0.08784912210461132
17fc296e-ac9,1.884515863473313,0.00479693077257759
b1b0a365-8f2,1.255942083493355,0.013964798976336734
12b9b388-95e,0.6960182644225776,-0.048214164950868554
e5b30df6-a1e,0.8111130517327743,-0.02575356772680204
cf8e9ce4-288,0.39930828883832137,0.05256213852096514
63583fb1-f8a,1.7250419120381935,0.04951988317754241
9274f0dd-b68,1.0518279834432644,-0.024396843353804487
22127e52-932,0.8421379732815899,-0.09208827033007183
affb20f4-281,0.9377659479032752,0.07465837502409156
d752e34a-8d4,1.2778335877176243,-0.07269375251654686
ddc238f7-0c0,1.071811255767984,-0.03312895471250177
d0d0ad3e-14c,0.6974903891783356,0.038467978327003105
a7aed616-fe4,0.8232858256341373,0.06771597189461398
28b804be-3b2,0.9616432994726597,-0.07348112900481657
18838776-b1a,0.9742119726495767,-0.049118628693485655
7b4df06e-05d,0.8993876146832798,-0.08121731239918933
12381f73-6c3,1.0176982249763467,-0.04371156116949665
6e0705e6-15c,0.8214818171489433,0.1111794712435552
1574958d-76f,0.6633161588468173,-0.03902824654063247
7661a4e8-fb8,0.8819812480721997,-0.09513244550985406
9661ec6b-41b,1.2940460693831073,-0.024044107407838855
fa9ca57b-c1b,1.239777579282758,-0.014575580855347714
c5b5bde8-ab7,1.0285714909480566,-0.09059034783475456
43da088b-f63,1.0121207626641657,-0.07257356872476001
d1c29140-693,0.9358393754134688,-0.07355731460244191
6bed8198-429,1.0986283671870527,-0.03819393190263859
7ac8db3f-e23,1.2418585261520227,-0.02781770876576528
4e83b596-a3b,1.008619219570847,-0.047989706647205976
6ac775b7-867,0.8939480187708714,-0.0042906383004368
58f04f85-8e4,0.9623541218154863,-0.08626527421563107
a3ac5015-2e9,0.7515505862003886,-0.053803051055601625
9273acfa-968,0.9693375897482146,-0.07047901997731576
9378bec2-88b,1.443248906986915,0.014039093671115666
17d273a4-2bf,0.7797728989622081,-0.015457024726613977
a523fe5e-e12,0.3552661789986086,0.02393286393387395
9ecd4aa4-bca,2.190862143942033,0.015388130582146053
325100ce-bf5,0.7527849890496463,-0.02670437648086138
c5db3737-801,1.1276122606115864,-0.060683614773449024
9e13b73d-6e0,1.0747436691528702,-0.05035089542660931
610b4cc6-9c0,1.6251353929116477,0.06664407118504712
46047983-32e,0.8589715634503721,-0.08199383329106491
99890eac-787,1.3563467760998054,-0.023150289530021073
fba8a66b-078,0.7676798103133902,-0.08983156793263641
d43ea454-8ff,0.744889229738839,-0.03654574759488055
226ff24c-5cc,0.2930566607378589,0.00580015063569872
846b820c-42c,1.3700422923142135,0.035674657960029554
e9f7baec-472,1.8024630610325822,-0.01626057388109703
bc9ea1db-42f,0.9535402580006638,-0.09333569248242235
0095a4d1-072,1.6971787805886311,-0.006029593931894894
be912808-38c,0.941874975800529,-0.08482371053034726
70e990ec-237,1.421819119730845,-0.061526574729591055
eff1a07f-2c9,1.4236045449401353,-0.07294870420342853
85f49cfb-21b,0.7813388555047583,-0.07173060810138054
ae0f626b-884,1.3657723024065704,0.001599158529794753
c7ecbc0f-9ac,0.841797014333733,-0.03588937694640654
0e1f3a0f-189,1.132838479339886,-0.04546481534996594
79e2a8ca-eee,1.0596055350778637,-0.0731842315670414
524f7adb-2bb,1.002671344530499,-0.03236967943122854
ae539a3b-7e8,1.3736412620967713,0.10378352830115345
5f7596f0-824,0.9527842964689017,-0.029001606687177273
2b780f08-f45,1.2305616619446256,-0.07704463354798069
5bfcdc00-fad,0.8460610191002322,0.06462704687987197
93a8c664-858,0.8758863750902292,-0.05524300383474684
174fdb3d-878,0.7796628620643782,-0.044673273086691334
1eec090d-6aa,1.047803502547553,-0.06744004704424833
ccbc9180-249,0.8290233852932338,-0.03426585445271951
d94d7bf9-54f,1.0410558699986108,-0.07091355262735849
f77746d9-0ec,1.033506901321536,0.06709770482366917
d4a02b29-698,1.5110433738120572,-0.06899322853316814
a60616e6-b67,1.0361711323194762,-0.04016499530201889
0e4c094f-f8e,1.5520798411607268,0.0892511569266794
51e89408-3e4,1.254815480466652,-0.09064805013731059
468b0585-b08,0.8431413223895563,-0.04197654019275032
b7e065f8-4b0,1.2014226759116526,-0.021811257518877913
605dc67c-785,0.7839798621239059,-0.03875538367814174
29903700-b31,0.9473197708113712,-0.07079644107359795
6b1a1b17-878,0.9884635012095306,-0.03709573547189016
2eb9a684-ed3,1.2762457616490428,-0.03246614548312188
8a83f651-11e,1.3981058969223765,0.06304293373158087
917a60a0-a07,0.8658886466248368,-0.08436567586399929
545d81eb-34d,0.9212823416481896,-0.06662766112899648
bff9fc9a-eb5,1.4267064063318187,-0.08052195151177355
fc168f26-8b9,1.729524994844038,0.016207821368663278
9dad3271-1a5,1.1897116976990652,0.042775628989676795
4b0b053e-247,0.7497672659019727,0.06984691199955362
1790c59a-919,0.5220138655979847,0.0451263465885402
f1355fa3-ca5,1.3635884821016928,-0.06498085221782984
503dd5f2-abc,1.3196798021591085,-0.035750202371830686
eacae29b-fe7,0.7722242423858127,-0.059311368193127656
5b6859c8-d40,1.2826541144596284,-0.03271382263920203
ac551618-8f2,2.6772079588314592,0.015664540143412786
9487bf9a-8f4,0.8358459314989779,-0.041628579323600035
f94661f3-690,1.3194416886255607,0.053526697828920944
d30b47e0-60d,0.8062830375418021,-0.03657046773426875
99225089-df1,1.5161862343589205,-0.06272667423478784
576b8def-ac6,1.4328804279201282,-0.07030491115464244
9993c5b5-c91,0.8912148684804837,-0.048026312757313894
f37ae864-0e3,0.9382112642149523,-0.06299313780147081
21c9bc79-4a5,0.9497762613672709,-0.03845688087113147
dba63f74-282,0.9778426270661469,-0.043022382666743686
4c4f8128-fbe,1.2280927363178462,-0.06865488523633428
d7137cdc-8bb,1.1859054062782513,-0.07730180468166947
377530c9-a87,1.2224910372328566,-0.06779030106881273
703d37ad-311,1.011405866278114,-0.09172803237451765
20e31c49-3cf,0.8168189463193561,-0.0498983525671059
1ccf26d1-208,2.68515902664869,0.0687705953615424
70f63b5a-fb7,1.461629729086563,-0.06924681210832506
37bdf77b-56e,0.9987751071377983,-0.047542012017218915
bb6ef756-d4f,1.282572310954923,-0.05741534155817518
605ca13f-5a4,1.5071352345432452,-0.026964592224229866
070ada88-e5e,1.390654094618235,-0.07309832808231592
4c519fa8-272,1.1656942963964056,0.06517438381457685
22755f04-3dd,1.3465488153578282,-0.08797774067297892
d84da36a-6e4,1.3326081382689554,-0.09241442049571336
e279ead1-810,1.4443697599247618,-0.05785414108955089
0805b53d-937,1.5523524515414104,-0.08414765015772158
33c59e06-73c,1.42951272740046,-0.02456368088950378
ae3762b6-146,0.8644106387029588,-0.08796002439988215
0308d452-039,2.2168895899473426,0.020158024592689006
9508823c-92a,0.6105826295288252,0.06650159281774282
f3ab0dc0-6fd,1.0239782747906412,-0.03686327180231219
20dbc50a-b38,1.7906544815369216,-0.05528990387136545
58885509-5c7,1.345622217774455,-0.056204929905253886
c1d1cf5b-105,1.3941249049800897,-0.02969794313438817
da614c68-0e3,1.3673443647728705,0.06291631591190627
3a87c4f3-a0e,1.7898284070207144,-0.006200517582111653
56d8e1ef-050,1.4886276717653086,-0.03459238893215638
b3db9dca-a27,1.2162756280773164,0.013144589420387875
3f0a1bc9-662,2.1172751943157726,0.12038699568839506
c937cdd8-ab8,0.8345155348592677,-0.05910121792163037
0e6d4c0b-949,1.8661023591190276,0.03070461705581584
e2ba78c7-7a2,1.0844835581199241,-0.038952586815384604
8db7035f-83a,1.0814470407714911,-0.040099817548401695
dbb629dd-6ba,0.9495013943765311,-0.08140988071814781
2d824367-683,0.9582904928669025,-0.0802709613228097
d3b78003-9a6,1.3233100650159333,-0.05194211679668154
af6c30b5-e5e,1.0209066413928038,-0.0690759528760026
a529ce44-62f,0.8969570260820681,0.0027490790032947965
81aec739-4f7,0.928501673925664,-0.07562792328214984
95c8f953-57e,0.8969596228200278,-0.0329270088318111
940a17a9-03c,1.170456457426077,-0.08503795486810889
b981c81b-378,1.4039113502149259,0.05813718125382794
28b002a3-666,1.0736306886437303,-0.06755484707870657
2e744d06-602,1.4678885519573521,-0.02988145094688105
052fbff7-829,1.4516202509724616,-0.02904114055165591
b79220c9-9c6,1.1729351210107657,-0.06690414217636759
6da68f21-d1f,0.9120504067032934,-0.05850875382558507
8390b59d-53f,1.0779697265753203,-0.07198916364972713
c98d4ed7-6d4,1.0064578455546538,-0.03585408804824841
f205dc9d-14b,1.3203321489846536,-0.0293575778757193
a9765e9e-cea,1.5847695690100019,0.08859134858022633
c6b72002-842,2.0985882694716733,-0.048453212840617654
3df83666-735,1.3341837490350024,-0.03735524609375851
db713c39-a33,0.9635620960608803,-0.07444515173569677
41bd6a4d-096,1.4456233154195992,-0.07945478871005218
f7886f5d-2d1,1.0835095153239862,-0.03402693831527531
835119bf-43e,0.40464204245981633,0.0055482862364821806
64314771-1be,1.0018426234340365,-0.056213024464849215
774c1c68-bd8,2.093285729043394,-0.03516727376307749
31370394-813,1.2153042147006916,-0.05654413417073273
a2a8dbd0-776,0.9664677780676789,-0.0732234018372312
b4b92478-9ae,1.9678017184907064,-0.028115766445570678
a7554950-47e,1.0605999915312505,-0.03757319225902722
6c4d6f0c-b26,1.0943915131555366,-0.037456246928377734
d85333d7-554,1.249838740952334,-0.03199797001229321
acbabc50-0b4,1.4950626710279669,-0.05669459136550026
a8fa2020-6c8,1.3586810941889622,0.014466312647220314
ba01bdfe-604,1.3379466374356508,-0.017196607794687624
c5391803-273,1.3976544307152863,-0.08685340232097738
3916a7a6-ae6,1.4785759807834726,-0.04516886713237456
eb0c4acc-ed5,1.5249754903333574,-0.06157771854019922
00612bb1-54f,1.4700557477942757,-0.026706089163991864
2e8bd360-d6b,1.6464790106038825,-0.057400384377793934
d37686c9-7db,0.949294875892434,-0.0865867064591696
1b514ee3-3b0,1.034501034179981,-0.028866858367517068
effb4678-b52,1.04313490798678,-0.028420247866552617
adf24ecd-3a4,1.0884225416653066,-0.08694027498695478
837362d2-609,1.8406971473498195,-0.0036873942600462173
050bf078-2c5,1.0121047303926638,-0.0034477127570099464
b0fec75b-853,0.9808568466524319,-0.026651324916250496
88b82859-566,1.0002836913238349,-0.04062639440215826
d984fbc0-810,0.9000005525655999,0.10746510036384294
fa2408a6-c4c,1.2340758605096767,-0.058295515173356405
bd09333c-ddb,2.113985614162968,0.06723532431349977
35724848-ca7,1.2586450180888336,-0.031684461082037985
608ea3b8-c5e,1.1613823187896817,-0.03248927401474849
5158cf0b-c8d,1.0047646013607114,-0.06219435319495786
fa7e5326-6fc,1.2509079063366513,-0.009594134591608294
4e8d318d-b7e,1.1882876521324266,-0.029718396235222655
13fd546b-2c8,1.0228212701970294,-0.0318475297074603
94b70e4f-686,1.5244621862602465,-0.06464821807111143
2b1bc6d4-253,1.1621473175016153,-0.02299985190549164
85641ac0-ef4,1.50754876105995,-0.0766305576962677
6a0a0c48-c66,1.8122688476613362,-0.014477284157176307
fa2030b4-316,1.419154329386848,-0.057183657784516395
45da9e65-63c,1.406455668334064,-0.04702286603232603
6412e3f1-e59,1.2467823878806397,0.030358835326950384
e3ea6935-d7f,1.2236245872061844,0.03701310751621778
842a34e9-335,1.3959765687909602,-0.017478187939793666
01716a99-b79,1.2777507726267512,-0.036537420991475555
4c52f6d3-faa,1.0576768721199574,-0.07353083478569078
e6a14937-967,1.7093735497673985,-0.04949019066035487
9c38a999-65c,1.4180910719674256,-0.02600904737593468
dd3b7ed5-a09,1.1417185475004121,0.01795246582520016
588c601c-a8c,1.2540653057118702,-0.07309852933964933
c2bb7e68-ae9,1.079490791188596,-0.009841869865170716
76532a7e-9dd,1.2801634980668821,-0.0659692009158766
013854ef-769,1.1572852285748536,-0.07088684083114555
0c272289-c91,1.0982453315720415,-0.06078323454011281
5f51564c-39b,1.6312518679719072,-0.061688301459330186
c0ebb45e-86a,1.3308833743240036,-0.05647431783861817
ce4b6928-8b2,1.2288935759673851,-0.0679376761207417
24e5f98a-b4f,1.8430449242202291,-0.005246289005818139
284e9d73-311,1.6515892768011569,-0.0637082806431436
1301bced-e19,1.4618135784102926,-0.058536430265212325
6d6e66ba-bd2,2.284352744676506,-0.04335145687991476
8520355c-e2c,1.688746581807139,-0.014711238104588187
d44d7118-ff2,1.0875954580699791,-0.036671288656401624
83c7c562-405,1.0604065065244739,-0.02511809699441464
5ba405eb-5e0,1.1451415050845672,-0.06636104784060715
a33c9a3d-626,1.7206371510152692,-0.019015940337775372
b3ec244d-a46,1.7502303097076468,0.07396365458303178
709ffab8-6b1,2.6684462740899955,0.042149737404408416
5b7324a2-b8c,1.1039844896544002,-0.022043523265634857
9219bdf0-b3b,1.6419715402597603,-0.01782034804133703
da7562d5-35f,1.2037199444374371,-0.008883814980752802
410ccf8c-d08,1.7906382107622116,-0.013086667523388718
1bff5b0e-f95,1.2638526574615396,-0.03647162851921398
8cb8c167-e9e,1.2654233263077916,-0.011072670750517544
64673693-54b,1.6225290698297634,-0.0415266205973554
29682c24-ad8,1.4106485316326483,-0.022213487929598708
844e4df2-857,1.570987578185484,-0.019614909554011684
ffa44a1e-47a,1.1243208464396277,-0.048530239891581894
bb22ca32-eab,1.5623192220889532,0.06495413474224654
0075290a-6c2,1.31152543535085,-0.07898745009787311
fd716a3f-f52,1.322426685097317,-0.053210516443822964
3c034548-a5f,1.5382495450506877,-0.05876303250048592
af4d4fb7-76d,2.032856059335972,-0.003078750673005004
daefa40a-d52,1.1455242868591835,-0.0540027551023895
8772fd05-289,1.4338629222975658,0.0006864480466747258
8e5e2340-63e,1.9880137068005137,-0.010586772423925972
7e895efd-97b,1.2522211301493342,-0.01673890562001734
8933f141-755,1.482540406036137,-0.05948830861523052
75b3dcf4-1de,1.2215777148601754,-0.030515323370007896
61e1cad5-d81,2.392678050375274,0.06627869778319195
0a1773ee-747,1.4909976733765247,-0.0468283651015744
387db293-6f9,1.1850647595186745,-0.07225724126360666
351a0f30-94e,1.2527865957921551,-0.06785263648889728
da9b92c5-0b2,1.681142797432631,-0.017668104674783913
d5359a91-ecb,1.6710499487466595,-0.04874695641066851
e970849a-71f,1.466044671806642,-0.03315957249771284
09708429-483,1.3877111910798048,-0.007759368474412831
992fc453-cc9,1.41577594116672,-0.07389581885745822
f32d11c8-4f6,1.786621234709863,-0.0373219382279143
308419c1-ba1,2.139457240855711,0.009879710124579888
436ebb44-774,1.5542266658603756,-0.028039916804262266
b1cdccf7-ee9,1.2322170247165645,-0.031274439574256574
3b98bd2f-8a9,1.3848026514009315,-0.017000673286009627
9dd8fcd0-49a,1.2258642002348248,-0.03856253659664388
c74f98d0-55b,1.3889518860716532,-0.030046747800821005
e7cfbfc0-0fe,1.234792933597857,0.0016979919010721156
34206b49-a27,2.0993359482434677,0.016079750659050207
fd3a1543-81b,2.208537195542383,0.021587135984224126
95c125d0-38a,1.5015945798937516,0.013498894985471521
0248000c-ec8,1.455762756443634,-0.005864584734696088
23453987-ef9,1.4874806776049214,-0.04463786311760798
ef5410e1-56c,1.4251853164077943,-0.02552364395001272
2043bf15-c6f,1.7711846046165398,0.010992593689143071
12a4cf46-e17,1.551960445554974,0.011596210883019542
73ed34fe-161,1.8577308562545045,-0.03878493857141069
586b2457-dae,1.3422956242073432,0.012819631224013528
5d9b9a2e-646,1.2903833148045267,0.004039209848005765
ddd65630-055,1.4062732167328509,0.0023336820757563492
71dc1d8b-120,1.492737468272503,0.0055101327949319545
4ad5368c-cf5,1.639992661923354,0.007527503589663254
263de012-004,1.7910398143321522,-0.023462577348105973
a6b0df50-73e,1.6928644675960878,-0.028623894885533185
c6f74eea-c0d,1.243801936133303,-0.05124566039521483
a42859ba-9ee,1.6934527814047924,0.0023918537743431445
c3a33dff-a00,1.3114613266753226,-0.004665742862862143
71e5e5d4-d2c,1.9814312265877114,0.01349741983916164
2040e94f-b64,1.5106053110585997,0.004123678891111204
90f3cbd8-1f6,1.2145241160011877,-0.04955232597406489
de03fe41-5cd,1.303227225195817,-0.006299235769529954
e2aa00b9-f06,1.5519613110253374,-0.03857612509356789
b434bf85-291,1.3130917123623282,0.004725321115213621
62c4c9b4-bc3,1.7073469565995112,0.010823490209310616
18ce825b-787,1.7363939174984062,0.013488241632900189
3489e289-c74,1.9157845813801377,0.015484057529151052
b0143562-ba2,1.3191820092875013,-0.05621684954264572
2e5c88b3-5cc,1.415009479619207,-0.009203078827940081
636c784c-52b,1.4350700268549628,-0.05003825107620585
7ec3e194-0dc,2.23144092431076,-0.006197706049368201
a5aa008b-899,1.5620985143548358,0.00842915150445911
31dd01d3-a41,1.417207592714903,-0.045319390386587
a29cd82a-ccd,1.6628222412105853,-0.037415936195083044
ce5272ce-55b,1.8976284197824822,-0.026758693794359467
20f4b28d-7a8,1.4086413730286433,0.005557109093123014
bf0a4d31-23f,1.402654550106386,-0.02229676900778249
1174e73e-96a,2.111230743690655,0.01104341178810897
ff0243c1-172,1.3779523132677345,0.08309129750412136
a8fa3ff9-7d9,2.013591615484565,-0.011482385965685737
6302b867-531,1.2930872695369304,0.00327099553836796
c5e5223f-369,2.271978364626934,-0.03175038841803818
51fc3579-e08,1.6797802678158922,-0.022269055050813114
1a22c457-73b,1.9351278690159996,-0.038221774366282324
69ae5a89-515,2.752098676293921,0.02462159099612138
31065353-5d9,1.4199324024953672,-0.003678995707689592
a680dff8-405,1.5127076814201152,-0.025703977297541813
e85d151f-810,1.814476166470794,0.013787721938675723
acec1ba0-559,2.1183097392836236,0.01321108586853259
96ba49a2-dd0,1.5789397866448966,0.0017132967928578102
34877c7c-e38,1.5619820786827572,-0.0011686911536975542
be19b394-46b,2.1248224460158536,0.025604841194809103
5f0aa584-179,2.4504917280480596,0.0020708926759615
da551eb3-4bb,1.3284036865043978,-0.003202782852966546
4ebd7b47-880,1.3186443116208724,0.013058795543301138
f312073a-144,1.3652922895277442,0.004236985738954924
6504c9b9-d03,1.3296447627740082,-0.026500790160351118
a82ed2d4-176,1.2506908023782741,-0.032457770801772756
77c73508-ed1,1.8040478001213271,0.0021295995876349227
f5e78307-d52,1.3885389334805354,0.003879838119024037
5121d68b-1df,1.6719182823685275,0.00464761587086171
607a42e2-6c5,1.3841966007896627,0.005825852822258337
694911af-303,1.6291614534568286,-0.047995010967465834
3227e6af-5c0,1.389549797869183,0.00211237569679279
9ede8817-1d5,1.4694905166279237,-0.0471016030503128
80833599-b2c,1.8148119230892366,-0.036282852041937874
7e3eebdc-651,1.5611448803380286,0.013583332216474231
40a5c9f1-340,1.4251663074937266,-0.025582134613187313
f8957844-489,1.6228742248098016,0.006101292040289974
f0fc743e-3f3,1.8902561049801907,0.019301430220165505
6023053d-5c5,1.8069566142571167,-0.0012869268273592027
12a64ca5-6d0,1.562967749284099,-0.031026520707429728
de2a7571-a13,1.372721891892648,-0.010006806207798202
9944417d-79f,1.4385689543686866,-0.005581433607050212
cc169fa4-9a9,1.4694941168865283,0.018608712856827858
5c36c3eb-e21,1.4348478545663084,0.00910522655590218
fa962f28-737,1.5933601568315876,0.0038350080090534533
41997705-40a,2.0488898956882813,-0.006979460955183647
5e18eefc-5a8,1.4355094970825264,0.006142872402694066
2e04caa2-48f,1.8678694440945245,0.019652075696038995
b903c212-f80,1.909955564207377,-0.018233415359523497
07292ca8-863,1.731231663385409,-0.024814311317038484
8284d94c-d14,1.8319965115327108,-0.026898378293327252
960ca180-eb8,1.65478874527106,0.019266069543291686
631c5983-aeb,1.5102874075961976,0.011348759936322117
6b3a5356-9d2,1.695623334604519,0.005364204480459267
eddc8016-2ce,1.6495638671796915,-0.038347342988327926
d66f5927-b10,1.5836271333074934,0.010569540357817098
e2e7e9c4-cac,1.7671511354845175,0.0051612708493061765
597fd9aa-fe6,1.473463117546067,0.021435442516539394
ef84537e-395,1.7052262384401664,-0.03063889720401114
b8eedce6-357,1.462201097506137,0.004869813275860224
42e95013-6bf,1.8466322712135526,-0.010748830997974523
150418c2-2be,1.9557367070737761,-0.026077870721486984
7a5ac8da-28e,2.144113786561413,0.0020716296212399676
d26924c0-3a8,1.4286432519771595,0.011611184110693507
96aad9d7-7b4,1.6846818904350283,-0.00424073772895317
fbfcf05f-c9a,1.8627976203387056,-0.019608602617831983
e96c5819-a14,1.3722440032904761,-0.014225066286357113
cfebef62-611,1.968070532363334,-0.03112556434230701
f38d13ab-40c,1.5978026364745532,0.003721590610020864
5a9f6385-3a4,1.7415660199936367,0.04789274329966564
57773f7e-605,1.5262003797680221,0.013077323609842817
39ae6258-631,1.660510436494778,-0.03853461196706337
2c277fa9-e34,1.8489028316840128,0.04943924261081967
dac4f986-a27,2.449858308288176,0.047779629568739934
3607fcf2-536,1.5399251346870568,0.026469541779697403
d1f4de5b-ca7,1.5497384333060333,-0.00872935101293848
64b04bec-6a9,1.4755345707945127,-0.02737974583145636
19dd6d14-a88,1.588663511880005,-0.032647358435260954
7bc495ab-cb1,0.7112706510483623,0.0454339963159468
d09a0b22-d26,1.4776870132012914,-0.017938924211812368
262fe5ff-ade,1.3880683531639115,0.013394039128814872
78d0aa58-af6,1.4618886691741682,-0.025021075036846863
cc9a8eaf-5ee,2.041725519391976,-0.004537045143135299
f7a2d68e-0c5,1.5260175881109759,-0.029470217270309074
e148ae93-59c,1.6995552562594618,0.009728277791129836
8257b756-77d,1.5919828734635952,0.019687314612155005
0aba6ee6-c17,2.7441808314245106,0.010498051924625385
afb9f004-ec9,1.6371859007636105,0.01169596048849475
c0b4010d-96e,1.4414709473619414,-0.0032723734803099536
c50862a0-f9e,1.4281490157922425,0.011952763823965595
5fd5f2f0-963,1.7154508121913858,-0.016224773562583727
c326295c-288,1.745109267312028,-0.015496998464869016
1dbb452f-7ef,1.5800304594321586,-0.025022996382857488
9cf71874-eb8,1.2945911739620868,-0.032700988021973354
75079c1f-16a,1.6614712569323096,0.025367354533866737
90cf052c-349,0.4637392519533625,0.029005572864356233
e5f8b374-8ad,1.7283373361657284,-0.00023842357815889725
d54cb25a-22d,1.8018566995191696,0.018111177583227556
e1cd4b81-7c3,2.527827712533499,0.07201385641304558
9ba39281-d0c,1.3352338401723105,0.02224586170198073
8398a4ee-a30,1.790922307532088,-0.04390886544056516
d8e93a19-8cd,1.9707062781743656,-0.004676070860502035
a4f3fe85-890,1.3712336279022326,-0.0020158707318146396
57e72f87-9df,1.6564351852812766,-0.04481135891196747
6170e673-c8d,1.6202421409789012,0.004440556906132431
d85149fd-20c,1.3136097516262573,-0.018598247365178344
4ee926a9-488,1.3838300253509737,-0.037633775580108275
ffdb8074-f12,1.5847127862778125,-0.016902269652331048
94be94cd-cbe,1.4449460680194448,0.005423872639395033
54c1d383-c04,1.6565698099437367,-0.06555603356500345
0dd43fbd-e33,1.2496814750078953,0.01408875230029949
0cb58a17-563,1.6506929052769925,-0.05148080844795577
4e617738-5b7,1.5261454322044115,0.0018481776755745472
129b83d8-264,1.814095521242661,0.12269387054528458
168165f6-4c4,1.3626230739238305,-0.00834210586462053
0c00eea0-edd,1.4406249810556675,-0.046777620393259445
25497855-e2d,1.5533450039006103,0.0005251289911879509
2676ce9c-d3d,1.7253811149054707,0.09992590062590245
bb00c6a6-7f5,1.274119035589092,0.006773959843873856
1c6275b1-747,1.699221039738602,-0.05556251406191681
ad2d75d8-46d,1.7470251715447533,-0.03999803464321816
0acce9bd-1a3,1.2369790979813078,0.0026428442035881794
d4578db6-053,1.4844227667325316,-0.04300169620935734
08b967f5-5ca,1.6934496507955759,-0.05946482905750827
201f8ea3-de3,1.4079802186113162,-0.054687978028712
20146de3-f29,1.7867693861399139,0.09358304072379287
8d86fa3e-34a,1.3448473781113337,-0.05072469354626363
ab64fa8e-4dd,1.70614232643448,0.0052847566582345795
080dae75-d14,1.2773759174707007,0.10295568536744171
0ccc847a-353,1.6062008762924125,0.09235726801802957
5fc63921-1eb,1.8983928157827223,0.09490569490575795
b2d3005c-984,1.4756770480455137,0.01056965403294019
51b1bb0b-bd7,1.6485188247844935,0.02682774003750954
87287b75-53e,1.895530013174512,0.09960737604185721
30e5f6b3-dff,1.745191073179651,0.0017296008546130448
0f7797fd-edd,1.2671751560209044,-0.0236482146716111
4b5d7b11-19e,1.2587625979717976,-0.05984999185025908
a7ce8864-1d0,1.1148599198800118,0.050156877388108256
d340bafb-7b0,1.861556056955041,0.01687883621392572
7105b71d-876,1.451013668759134,-0.016149643214880438
089a6fdc-985,1.630473668508642,-0.028564514481097925
b6af5d84-5af,1.7558733941232272,0.00816473608656565
2e1bed40-3a4,1.3606035435116963,0.05491349908025067
d448eccf-33e,1.5802256382315245,0.0034751044653968943
ce6cb3f7-4c6,1.6867141285386735,-0.03789496345058785
8e80d048-ff4,1.716566437565064,-0.017380626209481553
eb5fcbed-92a,1.6266813913178397,-0.03781735330192143
3164b3af-e01,1.3348395407507618,-0.005224292534296571
506723c2-000,2.244094840202049,0.014648848278852933
bc63eae3-772,2.0539681934448364,-0.00853145154726176
3097df89-1a0,1.823779111478701,0.010004846760537145
dae0408b-3f7,1.0525238214006385,0.04497088705206742
14d481d0-d05,1.5507843947022242,-0.05865908071717946
84f39774-5e4,1.8866857318209747,0.014886440867583062
9fdf9319-142,1.1818120103204968,-0.015657735109171345
d5a9542c-ec1,1.2006906978868468,0.1177770899208691
d433e51c-a7d,1.8965481355305362,0.003965573067676531
44b8cd64-6eb,1.3788934860874384,-0.03117407320342719
29dc77bd-48c,1.3316306688730866,-0.0511805820696678
d0a92db4-ac8,1.527845464594629,0.022805102139539124
3395d30f-415,0.7323642763608376,0.03929319084589189
c37ad10c-a6e,0.7066307593747139,0.09565050120680241
77763327-73f,1.2985975694424676,-0.02031073860331528
ad222364-eaf,1.189226823998462,-0.03223230342860911
947fbbca-f6a,1.8797090549416402,-0.019445164730241937
ddda6d67-40a,1.6148299748747086,-0.043985781407503866
d2472312-040,1.2948579619100018,-0.013544918618867752
f5637786-a2b,0.5832727059789509,0.054099237067563144
6f47d930-17c,1.9831069921173146,-0.019438721029075012
1dfdcfbc-103,1.999900575821345,-0.023986765143153344
c506cbb8-180,0.369822181722515,0.02283755640689067
7f87f8b9-b5c,1.4883982314813986,-0.04836642748018466
3829aa15-d17,1.9893076799516276,0.005310782971942873
f7981224-ad7,0.6961988476605303,0.06741762325182143
782d99f6-776,0.7130012337289574,0.046399309393440724
8c581b10-6e8,1.4594530347589374,-0.009720357868182317
356cc536-209,0.31215133230394565,0.036326991843872
7520f288-03e,1.4059557529079612,-0.05704500751568814
be2ee361-620,2.2065331635500636,-0.007662264428344001
02cea8e0-744,1.1015606449931508,0.051668033445050665
06630731-19a,0.3589482360655104,0.04215755230930118
0206a2da-40b,2.3216752533464438,0.0914180990506478
b7fee74a-f0b,1.5687924927502808,-0.0028081660203139736
4b73eef2-4b9,1.570107460297498,-0.07353292345591722
190f5232-e15,1.2105324761625003,-0.05645573805089815
115dbebe-890,1.388892230481471,-0.002947122094039467
e7bbb24e-504,1.101403277460039,-0.0061403834691245995
313c8bd5-6ca,1.2402682035708086,-0.003756833385483438
def4ecaa-f39,0.46758902434530936,0.040908276130976584
0b0835cc-12e,0.371909564403366,0.0325896393921119
4e10d871-1cf,1.0952060616980472,-0.046732281199731496
8db89de9-da3,1.4553819318999965,-0.04165893188169412
86601ec0-660,2.040167616116452,-0.023231961759771824
eda19d45-7f7,0.5047410081754466,0.05131851673741272
e572ddd7-a2d,1.3064832855247128,0.04352695384687566
35bfebe2-243,0.5890327814265348,0.03502174282121695
1bb7422a-99a,1.0887119283743398,-0.010815905436386442
7d0390ca-ad3,1.5316699549394366,-0.06486637684154722
4bfe83d8-a63,1.556531939746192,-0.02538048976235302
7de1676f-35f,1.3075612258656186,0.13429561582221794
f09cfcb6-c06,1.0477185154133424,0.04341891301476464
71306e59-05d,1.4530939343138882,-0.01148275941702237
a09c4bd4-efa,0.6026894083503986,0.06112790476551999
844d79ed-e32,0.9249574093762791,0.058126760403253486
e54acdfc-9fa,1.6123565434158431,0.001439793098480191
8b58da7b-915,1.410938796345706,-0.0010404173501925018
a967794a-f25,1.8614398205199758,-0.045976651031297
1fb8e88c-192,1.2226129393109395,-0.06703076072399267
2f3fde5c-f01,1.459784584164467,-0.0074154341465529905
0bc2fc54-075,1.4799212429575408,0.06963871309066505
a28375fc-489,0.9240496687973221,0.04937742843920645
4d71065d-88c,1.934806691784841,0.08571389264866291
7742ff94-34d,1.352844139277233,-0.04948479917233811
ca73ffde-332,1.335129050883772,0.03877191537882119
82aae38e-ba2,1.2896683810509075,-0.02310100782614083
43224a98-6a7,1.641447502856439,0.052046450335064054
e10c0264-b1e,1.617313882291811,-0.051527808519242435
810befb2-8e9,1.071868531129195,-0.061372656353987864
20d5fd77-f86,1.0703295777650506,0.05470972510964811
23c0d8ab-308,0.8595371747673055,0.035050203154548876
db986568-967,0.702319614260483,0.0326202833634085
5cc6cb1b-00f,1.4207415802941559,0.04028771076158133
82f19316-179,1.846113699223004,-0.03886872576694439
6105db8d-e31,1.4931039568616078,0.060508538509280174
f792ed8d-99a,0.8698053276979106,0.09179750176026358
3fe22cff-b02,1.2310097008145076,-0.06668099768407337
d5c2315f-64e,1.270347073720253,-0.0212085063038715
6ce10191-ee4,1.4333654678999135,-0.012359628692401536
d868a5d2-69d,1.2671435760280567,0.06301674632231735
fa926879-7e8,1.9348925451245238,0.002807799598677274
045d0e70-e65,1.3374599959569866,0.07703059719857619
46adfcee-f5b,0.6665625937365683,0.10052849251564977
2d2094b4-ce1,1.4434349859410327,0.062223295077801555
297334c9-549,1.4372840520084054,-0.0722520413485564
af8ddfc5-fee,0.5661013270332016,0.035143692560276496
241ffe7a-8da,1.469238570262462,-0.06011689981218449
bc0ccfff-560,1.1766296248696073,0.05611083290824559
2f114be2-e1c,1.3465047666398164,-0.03539052689892408
81b192ff-411,0.48911584634710137,0.07552490449560323
9cd65d91-d51,1.848571363360414,-0.050203369715887236
26490357-fde,1.5341822813243482,-0.006883562780632291
06e0b115-690,1.4465344112010603,-0.07130690154377589
0203aa6b-610,1.6242959135815973,0.00017011911977871108
ce7f9e1f-a09,1.1265132514557805,-0.014978306408496789
35d52bb6-b29,1.1731565918598887,-0.06701320745574346
2e0fa404-619,1.1017519649636756,-0.01773053896147314
c110f466-35b,0.2999647385145085,0.10030758804341355
54975968-bfd,1.2944193342310917,-0.06491220798296016
bc465184-5a6,1.498866303235836,-0.05127834081120192
af5c353f-ed1,0.4709772538475425,0.07586353768976317
45c4b13a-385,1.4688323925121822,-0.004250284307712737
099a9d48-191,1.9819858241406214,-0.00269291654737136
7ac19d3f-5cb,0.4812395050156986,0.10436918147050778
a15e4c5a-efb,0.9783412412736274,0.04697569598881912
af9d7edc-114,0.5877317955426854,0.07781124133430406
b1d8e4dc-e7a,1.5822493508681619,-0.004162588084455354
96671e07-2eb,1.4549140444899007,-0.035218135750422375
33099d8f-680,1.0144126989721778,-0.06662467548171946
2cbc3338-983,1.1822325402126155,-0.011784971029958902
820b4226-83d,2.111560085181714,0.09398907126301947
d5336ebd-f57,0.21535114817292508,0.06982555550249547
aebaa63e-6bd,1.1637209306128533,0.006404440477636442
1608aba2-d3f,0.2413009478443567,0.03482003287931368
09651d8b-fbb,0.1777326531061559,0.08177615091934243
e0f76c7e-3d6,1.9987823527620692,0.12120266164731708
50a0f4a4-2b7,1.103274549247873,-0.014741421896982743
ce9101a5-bb9,2.0323655211146052,0.07050677358913193
038dd2ad-b89,0.7082183832140663,0.08709308334308075
52e4b6d4-a2e,1.2193607357383496,-0.007227609038057803
b073c265-75c,1.443370529726586,-0.0006046020879879044
a9e7977e-fa6,1.2280672851035415,-0.03745966596675432
7a7547b3-371,0.12662060658295107,0.0767520329930681
da0f3575-599,0.1655391083138446,0.07886492481123775
353baab3-4b6,1.002390347129302,-0.05808618148486272
d3231028-4c2,2.1221402971906267,0.01840131304660464
a99d8589-ac5,0.8425680982055088,0.056993619618874725
1cc641d5-1ce,0.2572606245860073,0.03765834992814754
473cd5aa-347,1.1770442410975015,-0.06506218662396895
4e510340-42a,1.6403660523580208,0.15492061733344398
7ee8d327-4a6,1.096242519221984,-0.014860786548006044
aacffdff-673,0.8294882253162488,0.06761529296629365
6a073db1-98d,1.3110395532961787,-0.004649413438368832
68f5c214-056,1.4994144038432249,-0.027385990419444062
708d3cab-df9,0.4535146795728835,0.07694569604427015
e239657c-c9b,1.547679160805181,0.09814799657470619
a273c05a-3f5,1.345144993055367,-0.07270336826695906
489ee661-3e1,1.4456526992808207,-0.016737093371122447
fc523b26-a77,1.473235367645656,0.038186158904737755
c99d3605-c90,1.3369524898352396,-0.012885084165258631
f2e59e97-e14,1.1804324431016857,-0.060296762675342286
912a7ba2-d26,1.0568928407170934,-0.021440624610603143
60da9dfb-9ec,0.7136852798740421,0.07557029469471033
2a628a79-d71,1.1238656277681371,0.07592155892551544
a383e5d4-c98,1.2137685867968344,0.12096254288110986
8142bd24-a3b,1.3535916084195554,-0.05969619966943068
fddd54b6-e90,1.0524606033948884,-0.04759560075453678
43daab94-bb0,1.516174517134648,-0.013571419734941081
fe6c9135-ab3,1.308793075634226,-0.0645566610854994
fa8890bb-32f,1.0837297092697082,-0.026315131595550267
9694e4ce-798,1.0039820283567056,-0.014498073564264968
f530e74a-6cd,0.9694946806186515,-0.010619303477008402
1e40a638-69e,1.0970032076706366,-0.012501325302887112
33a6fab3-779,1.4065386556217498,0.041243026978708075
d77424eb-fad,3.2407151720522194,0.10495221482915729
214be9b8-d84,0.8828542907622061,0.03927832538692111
18bcdfd2-adb,0.9749226083651313,-0.06245238846790546
d633c377-f65,1.5971373220358558,-0.0024089867923119956
63376808-a5a,1.517622556584973,-0.04180938706404658
a295b968-453,1.4726405479784395,-0.041661890223608555
a43e4d7f-96f,1.6270794337024517,-0.012343233029459943
227dc4a2-83d,0.5455817822785543,0.13119316795517877
a625c1b3-3dd,1.2007986397040171,-0.06253548261368419
4ed1d65e-f5b,0.5152595091589216,0.028942708113328774
d8e315d8-f0c,1.735379916050507,-0.03628051300072749
4b4ead13-a91,1.1383395034983563,-0.03600896683379545
30db7c3f-fa9,1.0467437425106327,0.06670785462855822
e0f953c9-2d2,0.49364217623401024,0.10349863645537771
6ded2f96-2ff,1.103884804189818,-0.03794893479172029
3473b896-a91,0.8689381521485475,-0.013846897771975397
9172eba5-c14,0.9300073562938244,-0.057056681103724916
a0238775-c4b,1.1158639326724618,-0.05913906549063458
03202c15-7a4,0.21886371149318556,0.03510804554929847
55b33b7a-d92,0.24703172237319004,0.02599446350995116
02339a52-e32,0.36330558742614116,0.03812239406010287
98c90a76-c96,1.3262749039370358,-0.06350562152848477
a8b68f9b-338,0.949574147896152,-0.009976506931534124
c1a66a17-5b7,1.057452870354917,-0.015869066467097903
732f3ed2-655,0.8841330989746469,0.08245535845761531
9a765952-2bd,1.2430676068435216,-0.04690242035021669
2841bfa0-0b9,0.16264025726009868,0.03620753946275124
b0f6782a-067,0.10470178653741619,0.0892709855048931
f6d8cdc7-ad6,0.8407605414465826,0.058336360454116165
157aa595-9a0,0.7861821693185769,0.09058767232927978
27c87192-ccb,0.39452172280078607,0.0816018913845582
01082699-b40,1.115315510112116,-0.036506618096867505
daf8e368-24b,1.1627357140714254,-0.013976989482021529
a72f5b5e-5ec,1.2597650770096647,-0.05195257615866744
98514422-b9b,0.4592356453605808,0.03311027758091767
d031c804-e3f,1.4702314198051651,-0.05149583526953849
90b16d54-f94,2.3457085505202877,0.09970616465953064
0379e043-14f,0.9116035107694067,-0.06746807428807022
c84a43f9-01b,1.3143937271258357,-0.013548249965740333
36e21539-3b3,1.2874091623465225,-0.007243156561902775
36b04fa7-d37,1.010280085078655,-0.016212001087827888
88e622d4-faa,0.4149598281504915,0.11002255327196342
17fb6387-f7a,0.99845533349542,-0.014208693749211854
6890a743-c3a,0.7692013901580084,0.09463165134566331
6b5c8de7-192,1.4805922172809705,-0.06878503882129833
de237f2e-1d4,1.361893488696425,-0.014931799276464486
ee23b4f1-49d,0.9758543616434929,0.03289969735938392
90733f35-a14,2.4740032351593935,0.1136151036575137
df28d917-95e,2.0173516425890767,0.13162648559662704
36148c5f-826,0.8924710833506619,0.03187110425208495
8ac9d732-d3d,2.735036809195609,0.10059727408680097
ce58c36e-35d,0.9398598027977034,-0.06663878302931636
cad396b2-bfd,0.9075330513948132,-0.03385763852663293
fe70a12e-3fa,1.2347239527248943,0.09527260532799009
3f159aa0-d75,1.469268148754018,-0.040328398159576395
7aa26473-2e9,0.8659824435644082,-0.01631190773482405
c0118b77-8af,0.9677136698362179,-0.016805832427938983
8288a9b2-3e0,1.0787956365948281,0.05915733948949209
2bb88a2c-373,1.4454479668395104,-0.0207026434377669
bb12a5d5-dee,1.161993449202192,-0.02680808374796778
d3205029-d8a,0.8275608041531034,-0.024244011712824642
978af4a7-542,0.7903823601824473,-0.01237577421520486
74deda20-ec2,1.180345734900926,0.034845810104593755
2808bd31-17e,0.8477993514427005,-0.020318307969135585
d9faf28a-8bf,1.904373780547455,0.017558797113689684
ed97e89f-1d8,0.7705131434004188,-0.049226585267762024
3a731136-96a,2.1751639728116063,0.005851333765149347
e9658ec8-49f,0.8886180076276466,-0.007288053853333254
df89d000-d60,1.2904953487479682,-0.013658436760289883
a455bb18-71f,1.2488841311403671,-0.03579789136337774
a8747238-1f6,0.8270796726966129,-0.040583220084270066
8f8280f4-573,1.0537712582047345,0.014998466713069258
c78797c1-aa6,1.6579178231527922,0.06392076340507191
e32c6c45-0ad,1.1428568709376385,-0.0640813186525343
f85879a7-10e,2.3998416032102665,0.06994164332982178
4e39a943-3d9,1.0166753277631364,-0.04340597309189553
d2ab4125-7b7,3.7888725440040556,0.09060876155929931
1e2c9111-1ac,2.56657452316629,0.1198903723102791
51dfa424-150,0.9991643914733134,-0.0387014988780896
d42de2af-45c,0.9458537569382285,-0.012769956085463718
03bcb659-6fc,0.7854615307047641,-0.025055502099133098
c7292a26-ccc,0.8233508140979471,-0.04102967720881223
ef49e5fa-fa0,1.3769908880606017,-0.04072252438107776
dd1c7861-dbf,1.053431718153306,-0.023858026514541775
479b6785-83e,0.9691625410169451,-0.006161390021365454
c51680d8-680,1.2545888959935163,-0.06617434646101056
deb95c18-de1,1.0245489133052756,-0.07348433701378138
848e42c3-a7a,0.7677847985893921,-0.02824903061024492
8341aac1-b6d,2.1018096340424015,0.022809707656253453
b44bb073-805,1.2857037755172058,-0.042177159898678485
762c553c-230,0.8962071288540985,-0.019544219866178325
e52c958d-6f1,1.0290236394196075,-0.015083062591477847
bab83a57-288,0.7794321367691923,-0.06800243598616484
a61282be-ac7,0.7217231381071711,-0.07051056408514994
3b71c9ec-17c,0.7673568391486913,-0.016307583889147603
ae7a4252-126,1.2929196150553077,0.04483822496387513
52ff0b4e-a83,0.7459466670384547,-0.06424777612560922
419cdfa6-5e9,0.9996885330802276,-0.049514529415681074
dfd2e765-460,1.0536701695792114,-0.001183099749271943
37bd1e8f-f40,0.9844244395506097,-0.044526450136711526
eebcd6a4-41f,1.1562069856135948,-0.01055013771401675
6321194f-555,0.9166101978197412,-0.0677031587210567
7e5859f0-056,1.8647070798111591,0.013378859907681284
18366393-05d,1.2944001650571282,-0.03992373838584634
8b9f5885-6a3,1.0943171305427157,-0.04746604579384034
42468b05-447,0.9433254086745968,-0.08406922091323865
e8e8fd9b-c93,0.825830701643359,-0.06468683220056654
ee3d19e1-065,0.8351947754839387,-0.03202399981376797
6c029d7f-e30,1.4845761064009593,-0.06574959408898584
25a82cd7-3c3,0.7478522001260095,-0.057022649743550424
28cbe47e-d0e,1.4330752511591012,-0.021125861273360524
41b74b32-012,1.0027884447463153,-0.03442547580146915
00756a13-722,1.1436022088723026,-0.020241804257618345
e26b8cc6-eb6,2.3690051265263743,0.014350365218226302
4031e139-808,1.179022681100109,-0.025798312753875174
b56a3e15-60e,1.048257624946183,-0.025654403413319093
8f313629-1e6,0.9536985715126015,-0.029115789311331575
5ec5df42-063,2.1255718641575063,0.013199892570847194
d5edef9f-c88,1.0613984309832034,-0.06649809377452875
01c0cd61-a0f,1.026650811923031,-0.031039232638902514
1821d502-c42,1.6273043406123462,-0.06651691321706177
d4acee32-5a6,0.9191759523255933,-0.0898527473894506
62f460da-4cf,0.8640331223669524,-0.0917829054830075
352ffada-93e,0.928361676565868,-0.03719156439060067
a83d5544-195,1.044638267994217,-0.04355909611446174
f6de5370-8c6,0.9475057984070872,-0.030164399188852165
9e61dcc8-1d2,0.8055509776959626,-0.08083736508100675
23a62a0c-af6,0.798328095637992,-0.04007148069862143
f40b3d4b-40c,0.6739923758357272,-0.07265326826025514
cd9ab9ec-d2e,1.625106085193119,-0.06341030131348263
94187e57-847,1.9698680820804193,0.0019440460504708268
2d74801d-701,0.826102448663086,-0.08033985015723583
f8e5f5a6-759,2.200373482222415,0.04475650998343916
b993cba7-6f1,1.6957184898371627,-0.02776180628630892
10dc720b-dee,2.0235714667668607,0.09813103813826385
d1987d57-0b5,0.8571232306403015,-0.04102361572375035
56b62ece-aba,1.4871040203066643,-0.05744705710719089
e1bc577b-009,1.2915676586700369,-0.06937565262960349
64301104-44a,0.7780270057138362,-0.09248920693796803
614d7b6c-ac1,1.3391096608622517,-0.06805580037644032
170c4180-a4b,0.4608118431586316,-0.03224672737270751
8d1b148e-aa0,0.9979690181730453,-0.07188618728937879
c9a0963f-b96,0.8940662355408364,-0.06381261416956069
b4e7c658-6f0,0.7292842278699089,-0.07765789558783315
d1ece567-032,0.9637493671975695,-0.05988285044568925
6c708df4-878,0.8136967901502283,-0.08137629838107169
2a523151-2bd,0.7099143255864856,-0.09604098809520828
0a0f2c44-96e,1.0320326653965144,-0.07201377476179144
bd6b92e4-82f,1.1798655961098183,-0.018052962494556513
cb565381-7fb,0.952500542831892,-0.07001030142090042
d8a7c1a5-be2,0.5619698854248781,-0.07707633244518902
f8c1195c-c34,0.5602338970142308,-0.07208965597880795
c51d8dd1-0e1,1.0578629180059482,-0.09523514475881795
1c6c2a99-6ff,0.5185785931173682,-0.03221884294551769
cdded98b-4e4,0.7642512361499127,-0.04156922702471133
78927336-66a,0.8304683397290032,-0.039816901965198326
d4383bb2-186,1.1370472332268686,-0.04307272041163973
ce3edc26-e5a,0.9399253058016902,-0.08924436943194936
bc7e842c-12f,1.3114670078525852,-0.07731823793255721
166a354d-bab,0.7965464265549612,-0.03429659001065816
71bb374b-ed1,1.011018538902814,-0.08235228430830421
b9d79508-f31,0.6004696642736739,-0.03734963068531294
9c192c09-1d4,1.4530221075220586,-0.012045651989090689
fe0ed56d-31d,1.0142737095120569,-0.030481453578321382
73684fd4-c71,0.7252452214455134,-0.0890963709976576
61df442f-6f4,1.1358516507019558,0.0023798414963090986
b0441a31-ca8,0.6083258409577494,-0.09879099962192744
595ff27e-053,0.9757187981749635,-0.06984882965521844
3925d22a-1c0,0.9348230113616687,-0.06537627276719721
f1ac8c4f-97a,0.5905211117788342,-0.08412163888538104
f7bf4165-ee9,1.08888673853445,-0.0894012442145326
b56987f9-185,1.0863328562386352,-0.0258076175920533
8d61c991-6cd,0.7383128943063383,-0.04690817133387615
f628f0e1-24b,0.5482145985950797,-0.034504710750899614
c862447c-f1e,0.7910326919215634,-0.0696815487170987
c33a3075-4de,2.4231352514247444,0.0602815569036953
f17a1142-350,2.032794497770881,0.031825102681035555
a4b28dad-1ad,0.9167783757048429,-0.06310466849656765
a257d046-093,0.973763206758705,-0.08935466623951327
0dd5cd7f-db7,1.1030023380175706,-0.0023840948551570595
501cd16f-9ab,1.064009221684321,-0.09726932949109146
4191b92c-8e5,1.454314829349487,-0.01397913300827519
9dee8758-b3f,0.5963457877928227,-0.09607463477410733
9c7bfca9-2c0,0.5075920806417227,-0.03957806282677956
a07b5ad8-2ad,0.8508824640241126,-0.07663640908599983
7c843f0c-48a,0.7079527935078859,-0.06895578017975529
c75dbdd6-1e5,0.9871371153349972,0.007236617453644123
173bbd54-b04,1.6182271778515567,-0.0777869707821377
709f08b2-d1a,0.5672684274447268,-0.08972008953502641
097edc80-2b5,1.2190165130719466,0.05692058773772335
0dab8b0e-e35,0.9335208989582172,-0.07602740797349844
89a7c3d9-67d,0.9988507472214074,-0.08364726699850361
b43665f7-66e,0.7945046145161525,-0.08457777004298017
a408d0df-25e,0.5246205635220724,-0.04648908798923579
0d880d70-f20,0.9005412059472993,-0.06382848113641454
0cd699f2-1b6,0.68066426933282,-0.03860392426466541
98d32f90-6b4,1.109816079719344,-0.06375331942366247
b2394701-d4e,0.518059973824376,-0.07942262850745696
1f1d8c5e-aa9,1.7481783911687598,-0.045937772948082045
c92ed2fe-1e9,0.8880596148709087,-0.08658903793904471
7d23e424-91a,1.1121260183047808,-0.032303702262569345
8e6d9dd1-d56,1.0928248301857826,-0.03772023419189596
8f7a4303-c0a,0.5952367972166777,-0.046157482781596426
696a0d03-404,1.700395168086596,0.056056618946121683
58ac8273-495,0.5385563348883385,-0.043370628878459494
03404e12-c14,0.8273897292188379,-0.03989167739436511
e247b89c-371,0.6460664454294777,-0.08612952638592031
13f84635-2c3,2.6516275818041013,0.030660090215310687
0d254152-dbb,0.48376915834159784,-0.07751434948258096
f44243ac-b67,1.2372844077588037,-0.07425556378861625
852ea7fe-484,1.0763682252919473,-0.023378252034746583
b065b831-a0c,0.6770152028695664,-0.014224517653091184
c862a2a8-ace,0.6186860013602385,-0.05272998636126969
20c3f089-db7,1.1487912528411468,-0.06203881550933327
5f059f9d-228,0.5091229365661174,-0.04794207628403607
aaf086f9-38c,1.4737172741703612,0.013759268025663296
a1e15cb1-26e,0.9088423684116038,-0.09549471552707373
c877d2b0-bb7,0.71463188113493,-0.07587147119964044
bdca167b-2e4,0.5971514230987423,-0.08885089164019122
fba987fe-2d3,0.5812432425012756,-0.03679355194791789
be3563e4-850,0.7901911216545965,-0.09531297403593614
eba5484c-1bd,0.4781095499319762,-0.03268053664432957
b2e3efe4-72b,1.1179029031258536,-0.028459811296731197
13be6e35-268,0.5561079360927484,-0.0387411280801534
f8f00df1-8ce,0.689571904573129,-0.06380903260279469
4be2a667-574,0.4286930768560955,-0.05419950333516238
4eaa4ff7-526,0.8240044174276402,-0.031547661193651266
50357bfd-c7b,0.5730590751609478,-0.04497666026395242
02a73525-bda,0.8909698023429982,-0.07078595798006898
8739b2a5-d81,0.7130970857986245,-0.031106511166253292
9a12ac72-88f,0.9446615417765354,-0.05050864410648126
c13e3b25-532,0.8865548828194442,-0.017205947106226083
cd40f0d7-0ba,2.0664128733602496,0.005263375763866485
f3252a55-694,0.5785231604323224,-0.03605798907720309
d46496dd-870,0.9730414081179234,-0.03188711544291162
4763f444-49c,0.5239413314982616,-0.046459985771711676
ceb1bccc-6d2,1.1162346945419206,-0.02376614917511366
c366d417-a7e,0.6603743023880616,-0.031593164706844146
649491f7-037,0.8770298175036778,-0.08651931781845718
a00e3971-e27,1.1833707842114505,-0.07579534508714864
6c97f94c-935,1.3701211050567905,0.02729648120657424
cfc83c8d-394,0.9267314599315202,-0.08706242167869244
8680690b-448,0.3727553181681294,-0.07625964632009585
999f4e40-7dd,0.429041575214879,-0.09109394854290875
b0c74389-82c,1.299720512044329,-0.06908450246828224
03856734-e22,0.5715242764928393,-0.038680000681628024
465259ff-1c1,0.976435046661762,-0.0018970035066037672
57f9730d-d3d,0.7457967333495223,-0.04095888652061608
7a9d7676-09c,0.7640659212266396,0.002828992301520228
1666c5e5-d12,2.184477705299034,0.06080307656709172
e5c86547-4ee,0.9319093201106573,-0.0829775935298519
730b3797-699,1.7208833635579464,-0.005215959205334353
085f1969-1aa,0.7179021968886892,-0.02949755538069959
0252f5aa-33e,0.42674543683997856,-0.09910548979302303
caaa4d6f-2d3,0.7404151318841365,-0.07507924274720684
eff57a76-50d,2.451918040882687,0.06714878075360098
a94c7be3-9d7,1.546889265376078,-0.020997290433984572
e249dab4-a34,0.5274112183798416,-0.04370403835596487
a31d1f75-2d7,0.9497423709501625,-0.09208328576382441
9ff66a0e-b87,0.7310809868674398,-0.029127940411132536
50f4e77a-b9b,1.0375138852384136,-0.08504404260233561
db84b30d-dd9,0.38563724129214094,-0.09702460717406386
1f91168c-2c3,1.2342866437033932,-0.03254857456196514
5ca00a44-afc,0.46176604845627134,-0.04229011691967388
f1eb1a6c-45d,0.6905692046119688,-0.09092229004654118
a4cd0caa-725,1.201262110160621,0.08580290378853106
ad4cd43d-be2,0.75197788092906,-0.07334735384251134
da6cc613-94b,0.35605571553914667,-0.056884647255877274
63aa4ef1-ea6,0.3952307805328608,-0.04129962930901654
603eb4ed-44f,0.8408226476894831,-0.0219544708385202
76dc11e0-088,1.5303050163761474,0.09502640529719009
41b63595-928,0.6562839820997308,-0.046966280181179376
469ffc02-abd,1.1626086331196435,-0.028123788998704047
1fa315a6-651,0.5229748897677554,-0.03414519513186448
6f4422ad-394,0.7209468301199813,-0.03772999200230809
15719938-c95,1.8121672147852035,-0.004269662500686167
fc7ffcf2-ff9,0.5918182124096611,-0.05101111280809617
5d09b405-e96,0.5519553004678766,-0.09321464359367204
9c978b15-12c,0.4351928340148805,-0.04555919418409088
426d9c56-ba1,0.40752665651426156,-0.08617574958430285
82fd4690-00f,0.5572729905792615,-0.042784434826189044
0fc7e2a8-2b0,0.9517418115535996,-0.0673356294651502
04604c5b-9d2,0.37565875502572044,-0.043231041815101956
75cdb91f-cca,0.8119947840654855,-0.08199558156330722
a2044f88-946,0.6475341797144583,-0.08552343656902178
f72dcbd4-038,0.5121919708231752,-0.03404118153624802
76c3770e-cf9,0.5625287286209637,-0.039943235014455125
009f0f9d-cc9,0.5265833403471374,-0.08287152819852894
6b07110b-044,1.4233535043914491,0.021147640318601946
0f57b5cf-9d1,2.755674878431884,0.050400215589681996
65b6c79d-3ad,0.8201198418670275,-0.02910134920675983
cffba376-eb0,0.4413071076591564,-0.04208831320426565
d8a0a062-7f4,0.7185313913315671,-0.03872459613786594
fc916f51-9bc,0.7385361987350765,-0.026527930062238247
0b71314c-39f,0.34181091280377585,-0.038828455401531736
c6c77cc3-853,0.40204693946412706,-0.07451304803743752
920d65c7-93e,1.2647213364226004,0.010186063297571102
1848e5cc-da2,0.30950873621285224,-0.08461052610647768
8b65c65d-6e1,0.6622389781741145,-0.03925639826873911
2d883fbd-b55,0.4552871297061729,-0.05492861873044497
2b114bbb-bfd,1.8183589233619821,0.08671870107803958
ac61047c-1a6,0.969340502565188,-0.06803441720240827
7fd1662d-317,0.39523284324553476,-0.034695995596708606
92c0da15-472,1.0726187557367137,-0.053424794403531206
59f7c742-265,0.553605093104228,-0.03448443181280064
8406158b-2d4,0.7864123369290228,-0.08412428134504524
f1477707-d89,1.2379084356057997,0.06035988184253993
d4e4994b-6f0,0.6206744059330062,-0.03405730435300486
49bfb73c-7a1,0.7784405132945792,-0.03628319638769284
5072598f-00f,0.8644651952669884,0.06769406476993878
7177b637-d55,0.26154522966114996,0.019101879458736537
2f38ee18-562,0.5061433458539131,-0.03575033436653813
efe3383a-a87,0.29247772160961416,0.002571219887600118
415466dc-5b5,0.4831889922270469,-0.034840469284326936
2938a875-4ea,0.32616340951522793,-0.037402925719775604
b8b32e8c-b66,0.7420481002154334,-0.04431047605982169
321fd35a-f2e,0.2923651460829045,-0.013153231296850865
809938a3-283,0.8099839691223432,-0.07721102066582364
0f96f3a6-233,0.8227792869391304,-0.07031581318391916
9a8431d9-492,0.42917872261978046,-0.04076331448010334
366685bd-91a,0.3106193462762987,-0.035882458709618426
2052312d-7a0,0.3844006780148162,0.031727298638070334
eb8037de-5da,0.6303703308166346,-0.03011304118493363
61b0e641-c7a,0.2336255970086487,-0.06382253186601744
81cbf12c-1f3,0.35753163544831984,-0.031218242413890873
35a084af-001,0.8125672375446796,-0.04414409518161061
374463c6-fb3,0.3083400025158872,-0.03223531914702499
8701cf7e-ee0,0.38181888729564006,-0.04716798607202555
f4a5aa66-e0a,0.4191012544576116,-0.037845124240203365
97e0e4af-4a5,0.6006168739062456,-0.08291408114066384
ee774c4a-3c2,1.0634924488995077,-0.07412557095797767
6053c0bd-7bc,0.8071819058552616,-0.0375322852504032
0e141f1d-fa3,0.2935082107124958,-0.09197715300781995
a8b2dcbd-2fc,0.2450395104140066,-0.02335852941079747
1fc44b95-bd8,0.3748430204796213,-0.005151174081692467
9a5458ee-0d8,0.5550125391420611,-0.015773472800242216
d398960a-c5e,0.43625435256303635,0.001217936525624741
0b9f3b07-251,0.32282097527928055,-0.07854433644336922
7d8bb37a-e4a,0.5750052245091123,-0.04958602134868578
01f143a0-6ab,0.6967545374636719,-0.08561981437808863
ad252d94-100,1.202044063035871,-0.06007788207606879
bb79a5d6-3ba,0.5483146013909168,-0.0816401329583154
5cf85703-6e2,0.5140390485450894,-0.09548582554857776
07517bf9-386,0.7240828787943008,0.02817797228144492
8ddf3c68-9a3,0.6927236711482683,-0.03136979947590551
b57f7607-358,1.1208616535611635,-0.04490927874676637
f3a7aa5b-b49,1.016955670812902,-0.03602565130529384
ac4dd575-27e,0.29601102604591834,-0.049618531868425464
b27448ec-612,0.5308804237754754,-0.003299765904117513
bbad35be-926,0.2339443842865615,-0.058514651720485866
2b6dd758-392,0.19916141005005103,-0.07569912797701023
57c9914f-993,0.6665256256152277,-0.03421457439675546
ae2510e0-d31,0.15158512355364565,-0.07582694949464697
89212376-4dd,0.7161530623955834,-0.019657661121875336
314f4044-dce,0.6651229586278365,-0.09207034162254829
21ea5e94-f55,0.26432111631897137,-0.036953089284382845
93e699dd-82b,0.9909532171232851,-0.025219349997721963
d6eda603-885,0.29470150632783265,-0.04523794124609565
d99794b5-a34,0.26727248825810224,-0.09531769783949995
b175d9f2-7f3,0.6000244170574855,0.003242664856913935
125b581f-e48,0.9628563428862742,-0.07070079463022161
1f681759-585,0.21622234496779136,-0.09840617852667277
06b1d2ed-943,0.1532388876028063,-0.028690538574158098
724f0b5e-123,0.29515934831135865,-0.04948069207829725
b0f912d0-d28,0.3797527983771948,-0.018927412858733617
9c279e2c-8be,0.5286980676324671,-0.08634743775886977
995594ad-0e7,0.7449922008848658,-0.024200558152610352
8c4c494e-c05,1.3631271189138507,-0.0022666118662505452
32bf7ee3-4b7,0.3343978053805271,-0.07881103814216373
a3cfa24c-3b7,0.9509998893051823,0.03957001090482315
76319f79-4f9,1.0038298838201025,0.07894485791577899
2757f7bd-b76,0.5507930977985173,-0.07288851915580563
c5ea3796-0eb,1.260151057462698,-0.047764275783987786
3fd83f5f-090,0.7426949149326296,-0.07771537574020071
2a6e0772-cec,0.8909093512723462,-0.01580027304097137
724f8c5d-d41,0.33839153856659876,-0.03459660206057774
04a327d4-3a4,0.12066780057270657,-0.0379384694785701
7aaa8b21-6ed,1.2430139128313837,0.13978443115723305
7c50ec2b-42e,0.24513500867478544,-0.044693554180881945
66db02c2-ce2,0.09413983184711988,-0.07785309995512485
ed481273-7d5,1.41495340902135,0.09325167572786097
4bb89690-940,0.46957906810788785,-0.06738109391404923
d3474eb7-c3a,0.03997811286641036,-0.03999224616109043
4554a4f7-150,0.3240544117379352,-0.040937259198261466
1198d560-f6e,0.11981130633341718,-0.014334135973522677
7b595ab1-7f0,0.9243505605310252,-0.026003601399782805
f4d3bb79-008,1.6872087633245694,-0.006222528498062707
7a8e0d96-e84,0.9971425980220561,0.006471373968467531
454fe408-cf2,0.8228014772913332,-0.03689553593805195
9fea3040-73e,0.37643604850520523,-0.08753956558883025
2780632f-84b,1.8218123010789324,0.052294476065684936
a059f325-c1b,0.5151506123699228,-0.023414112933931475
9c643d7c-837,0.25941004348997465,-0.0815787634922513
60413e12-859,0.2763768476469272,-0.03256466906926753
4fe27319-12d,0.05839237462531839,-0.07693838583029955
c2da5557-67f,0.2021767784282127,-0.07915482437907295
5cac4cc0-d1f,0.4381591884357641,-0.09362199119381126
c6ec7dee-ced,1.1563185567912884,0.030477434397903846
42789966-82c,0.6140116060787094,-0.09201817635198722
566ecac2-e8c,0.5542481833960305,-0.026694336009950026
31937dc1-c9a,1.116258367626054,-0.0636115003609965
86321b88-801,0.26855157603837165,0.02374643709623403
6e3ca96c-db7,0.8400789919729131,-0.041511561183713463
91aba45d-f56,0.39489687240190785,-0.09148627119104286
454753c0-099,0.6577168352125267,-0.07238493756578035
9de23375-32c,0.7836345033300212,0.03964083709968835
950cccfa-872,1.7821275935743541,0.018791842746201715
59f51c63-adf,0.15228190554222854,-0.03236449256062918
3ccb8f7c-1fc,0.675397657955595,-0.06538607775699395
cd494cdc-ed8,0.5503027031357185,-0.015245078821455482
aa2d4411-c90,1.2291910502268184,-0.029891572019073442
62bb6659-ea5,0.18355411131738458,-0.026033767070680447
9a3ecacb-72a,0.6605196521991712,0.03475903059769847
3aaac655-fad,0.8255379013848267,0.062086883079211064
0d6ac5d5-9af,0.6688379738311122,0.0024084857513713143
1f97090e-b07,0.8567827624167546,-0.05691301788252462
c77110f9-d84,0.7659649193034929,0.06181551766557292
570292ca-1ce,1.0239980437480587,0.02663958115051024
5d7e779f-64a,0.3350477273796073,-0.07977493617861625
598735a1-9de,1.0474875766641119,-0.04024894846215976
ed0b7e77-c81,1.9433592487407232,0.0376892105434361
f5ccfe68-018,0.3146661422068839,0.016755337618157173
8abacfe8-673,0.07163696035890928,-0.0792267540557921
0e7ec5fc-0e4,0.7895159267422331,0.061333653096708685
477a9ef6-701,0.06741283821796872,-0.04446070378811934
3e0a8dea-076,1.077636746247102,0.021338769869710394
8c9615bf-06c,0.8599155108817883,-0.05320485391570645
bd4b8f31-086,0.3669621582593136,-0.0386191690115496
e22f55f1-8b5,0.38459047008971486,-0.0969730884571594
f6a76215-9fc,0.41906866301870693,-0.05487622922437935
f0275db7-1fb,0.03800126477541073,-0.0940483108354433
72fe01e4-bbe,0.6812764626848224,0.025751823537877083
3a576eb5-bf4,0.5270384886059937,-0.10172449518453641
e2e6d53c-fe9,1.506956193450961,-0.00027689540278746927
08082fd3-f1e,0.8185614687413719,-0.06693369313597924
dcf706bf-071,0.17668490091970168,-0.054637576189883574
1c7f3ee8-9ef,0.65977548161364,-0.03071908284691033
394b673c-b07,0.23581147497101265,-0.033980351511071594
15bead4c-a49,0.3390779056071351,-0.09483777801405424
74246aba-c05,0.3886939221858056,-0.08800093195587944
d8f060b3-b9a,0.5209715180234613,-0.023365523726605386
a322235f-023,1.7233556768723544,0.018557053420924285
c0ed78c4-fd6,0.755923473888219,-0.013086865664598601
08104727-06e,0.6210315475891119,-0.09316736040198514
6e8eb9a6-461,1.6719533556406982,0.0006862804366707387
42d8e7e9-bdf,0.41090177415857404,-0.041704738014149034
89d203af-628,0.11097043279852938,-0.04099465690567344
755c43ac-ab4,0.3443871530624742,-0.07643700366076833
97bff6ca-4df,0.04343255281891294,-0.023136140350973722
62a97beb-a09,0.20711979999452956,-0.03319276068813687
39bdc72e-0f5,0.7675833136576131,0.01140041592418517
2d66baf2-f7d,0.8682911488483196,-0.008888262710581352
6a8c1545-903,0.5566742720190174,-0.031765415710325706
6124ae9a-154,0.9019837756538901,0.04737322985666825
d351cdff-f95,0.24609715855011188,-0.0614561973834819
ac417e45-ade,0.6330676621260981,-0.08758378428502178
0114cea1-8c3,0.2989538201863737,-0.034646399922103444
86ee1208-e72,2.185402167337372,0.03392075122958893
f8175e55-801,0.492999909717588,-0.03489337005738402
15adf7be-c81,0.2343690356859142,-0.030963323878952842
d7f1102c-cf4,0.36870381381171013,-0.08443187394301033
3b4c72f2-8eb,1.5639475182438396,0.002582715696083482
7f6e142a-b2f,1.4191392935472011,-0.0020667485250167594
c74c279a-175,0.5709459923230424,-0.07810362625106138
cacd2c4b-334,0.6020140067394614,-0.037853382648962985
095f83ea-1c9,1.4115924288483044,0.01755333097716727
acc75701-44a,0.6688925756418139,0.054728062642807385
ab44f01d-393,0.23890865946346665,-0.09313543089138376
3f265fa5-d6e,0.6820279872021656,-0.04474011831745539
d975a576-a34,1.6653922061839816,0.0012540637208220407
ed7bf9b3-e84,0.4615742390994766,0.02859554722978508
17fc6004-f0a,0.6281034154900295,-0.07281213546386484
98e8f7f3-c04,0.7922407099940714,-0.053363233477370875
fd963db2-3c2,0.25889441105528416,-0.09281471824932208
5e07c738-cb1,0.01643549924470039,-0.08188592528256405
9c93a3d8-535,0.17780508703874442,-0.0374467931406024
9a005998-7f9,1.5367712800113398,0.049124868733567695
92e2a93b-ab2,0.40554581710189197,0.07378510331768307
d85631de-5fb,0.330886658114445,-0.011990989632142568
ff1a71e4-db7,0.21367506082938445,0.026061282627989568
4190c1c5-21f,0.40469092345328656,-0.1036736137227166
d5361de0-7a7,0.8806147447451544,-0.013074744586884346
8bbf5ef8-72f,0.44850193722612275,-0.058984297653177475
44eca15f-66f,0.22145997045845223,0.023469628002754317
d9d9b549-7e8,0.45071049666365465,0.011210109039551996
6253b6f5-303,0.2311393803413689,-0.04311763667276325
ebd1ac98-ac5,1.3320277935650822,0.03476710834634611
02a15622-c0a,0.3450694217195551,-0.05303523629562418
c6f3c6b2-15d,0.35602108282207157,-0.08694261286120003
10ba0a77-939,1.6713114199899124,-0.01691263644452362
09ccf236-f1b,0.01881390733277107,0.03633492361246127
990701af-e3f,0.48559854489976273,0.00496116126511148
1cbc7b50-113,0.17809723482388828,-0.05005923902841475
421cb055-1df,0.2688185732410081,-0.030507377245618916
8bc64128-26b,0.827551334042122,-0.08694849126264581
98454386-48e,0.8745111562970811,-0.044508370422190024
d6f730ec-5ee,0.9982070171519583,-0.06629195069933036
7a74853a-bab,0.7523852187722447,-0.03369299141461318
c2953967-e46,0.09729137730982472,0.038124158339391645
178090b9-6cb,0.22412752223674784,-0.08642545232707421
74117b68-713,1.0983998553379464,-0.0758589545594408
b8ec88fa-28d,1.1485020668803925,-0.010224119238715412
f6185b2d-9f2,0.5045440192331547,-0.04113855168983027
f8a1d84c-249,1.3046340145378763,-0.02690420849732844
f927fe08-c94,1.1185026286344975,-0.006187118404653247
a106a2b7-0fc,1.045466348883765,0.04901490592896518
b70a74c5-848,0.526557707539848,-0.09917028303063113
e506960f-2bf,0.5875346166105392,0.07815914232514953
b6c30014-b67,0.5540712359763185,-0.021159760092496593
7a516eeb-1c6,0.9911098178569012,0.056164634486761345
fe24b3bf-19f,0.14965964831683695,-0.020817490544167427
d2857804-ea6,0.16138562606689555,-0.042777162639517585
1e8cae5c-66c,0.42925112391341774,-0.07809949715925785
cf3ccbae-ab4,0.4415367194471632,-0.020017643389807493
bf0151e3-19f,0.7564635993233465,-0.003233187258348258
5546d977-aab,0.3771303367467047,-0.09250538706062594
c624c232-ab9,0.9444398899019575,-0.005603484733800734
b8ee8cea-f5c,2.10891112002154,0.00011576189600004394
d2942378-cda,0.7793922865224561,-0.01892363239425654
99d9d9e1-7e3,1.2877330046745286,-0.022107093642173836
f35109b2-53d,0.5691720493908977,-0.06392781585654772
44448b0c-d00,0.43311974913259493,0.05771720353197174
70e2ebda-99c,0.5535520856282918,-0.03765428477749344
b8644868-bd8,0.6043922636804433,-0.02990712357123415
5a0cb99a-90e,0.549285714063084,-0.08052153150117003
e77517c4-d2a,0.3703265949408886,-0.030101390571537157
a4236700-49d,0.5874047531248768,-0.06323252783189742
28960c9c-814,0.9582072735656877,-0.023447020948006436
abab7413-cb0,0.5162582549588394,-0.07291596951063684
fb966b2c-63a,1.019277393603702,-0.01588987098306377
c33ceadc-c6f,0.33934990692912914,-0.07757170239098837
fdfed13d-d06,0.6750239595307262,0.002184578481991939
cc6eeb3f-693,0.7665742439759671,-0.028640980695062324
601797cf-010,1.1540916376231343,0.0051860055458802234
3fc132fe-43e,0.741920075480754,0.04261383309932021
12fe0da5-873,0.22235110992791154,-0.07775932535585639
9f8294e1-edc,0.23756954125648114,-0.05057092103629979
eb8e7b76-3af,0.37073109342452204,-0.031907942512140464
0fd6aab8-bed,0.26153054690756117,-0.019035819855672376
b180b9e7-f27,0.1981765549325189,-0.004850033929422293
6411507b-11c,1.4404962371424024,0.06491471332621246
911e0875-4dd,0.3612678692323834,-0.07119646378682493
dd82c778-687,0.9731054146914054,-0.04373936067322948
de1461b7-2e8,0.6060498064228335,-0.048160188149148186
ce836ca3-656,0.8974627480495262,0.05073990689795982
a145b710-716,1.000751892718734,-0.07803880236822525
826db967-f81,0.5058240201632712,-0.0393201275194035
8f7f3f01-235,0.48430325096475535,-0.03489259665130834
1ed01215-31f,0.4970996529632462,-0.006524137534831664
5e6c73da-23b,1.9418247946796074,0.0035022014000531954
41dcd037-081,1.7333393159836827,0.017024071140582908
c8455cd2-b07,0.2905932440219888,-0.058402708781703505
ac1c5073-e2d,1.1731502632002826,0.06494376292092574
178a4a6a-7b9,0.8391935607038172,0.008004909106170577
f649d153-1ef,0.5552332061804667,-0.08517266574956905
ce80f7e0-107,0.8495520316915172,-0.002815236959775147
5cd5bef6-cca,1.3917414536409227,0.06656733417666916
305b534c-1f8,0.30037746692601164,-0.08015357902598969
1b6c97b2-b4a,0.524535603205071,-0.08277339394033961
4b7126f8-216,0.49296157349450864,-0.048642458895281904
0c22df1e-ac7,0.5496597171819448,-0.06710551479532362
d6e1b515-76a,0.9948627157186956,-0.04415698246299371
8c3dc1c8-368,0.954973471031633,0.06102901464585542
3e5dd109-81f,0.36221314531371807,-0.09421113471703646
6741c597-14d,0.6664498910690777,0.051514172395920044
2738aecd-c39,0.6916689829790627,-0.0005099394340455921
7bfd4591-1b9,0.3598347866650996,-0.0792650633897834
d6aa4d17-b45,0.28469396517757045,-0.08366408893687821
9feb7e0e-0c2,0.8801399176398232,-0.07392947596351318
e1c145ad-dec,0.4257837727120475,-0.054591256006566946
11f62e84-f81,0.8226168661265589,0.028876451130198655
c193fcd8-e2d,1.3258265757305443,0.032390935325917636
ec824130-5a6,0.8562420973870828,-0.0083357308763371
bfa68e01-5bf,1.0008800651620333,-0.026952644827284156
f84bce7c-3fb,0.5460885873538666,0.009702902708693673
62eaa1fc-c6e,0.34725143709773354,0.04913785738418697
305923b6-80a,0.5934826391822174,-0.08333864549922548
16a2c6e2-ff9,1.2466562966247434,-0.021892846229653373
52c36aa2-950,1.1057509936103247,0.10971335685759565
45c637a1-ab3,1.568874280106912,0.04822519632371436
8d364291-81f,4.646276397004059,0.10262289786693413
f814e691-45e,0.6057334574417643,-0.06257686700959114
bfda73da-703,0.4535150103420573,0.02844695456383428
91948c1e-d10,0.2293998677145338,-0.0923189728754713
3b090d86-c59,1.4726928783520978,-0.0065942586054899555
766eae17-658,1.1122834460912545,0.037003414619507735
d1c408fa-803,1.021341315683872,0.03526402003759477
0d9c4d4f-72e,0.6610159062171651,-0.07664336683229606
7c245b75-8a6,0.5477173630640713,-0.08625141699889816
a2a6e3ed-f19,0.3100618259310076,-0.051568804081362496
d5a4ce5c-d33,0.5297466751906865,-0.033503848232984745
8e110486-c56,0.7533286032825884,-0.08003955383813682
7e19b3c8-727,1.1507740918044336,-0.023845521338306475
7ee219d2-25e,0.3697889202731261,-0.1030817629758724
7e4e9a9e-e7a,1.110490464637399,0.05459735099273577
a51c1701-ade,0.3139404699211607,-0.09321391359708087
f527de6a-c73,0.5585399434291587,-0.062150985325565955
8eb462c2-609,0.7710980492444794,0.03238563572469899
c2d0356a-d91,1.1207174001205322,0.005477386626460579
363cd387-616,0.8152964259254087,0.03507160599546666
0bf91cbc-9fb,1.1785453116375664,-0.004940662157044418
fea2b793-187,0.7744164341932814,0.038392006067755946
209f1be1-1c7,0.5811936331780525,-0.10080163089839389
a357452b-9cd,0.5360210331746253,-0.04637196343555394
df0f59fe-eb8,0.7409581979434239,0.03482972279481511
7fc2a746-29d,0.924358598184349,-0.03622482930166654
3fe7d4a9-216,0.5218122688087001,0.03502306899301355
29510c02-b8b,0.6149986570976499,0.07567758362268961
d0df9ea8-6e1,1.4412826373757854,0.0564841432877804
c1e76cdf-080,0.656805939465505,-0.09351400441030194
945dca1e-293,0.24030298363338948,-0.016462142591770035
56631066-411,0.30645505850800003,0.025508249327421684
1e74650a-eea,0.5949036903793972,0.0006112185049835794
c68352fd-40e,0.361142240376073,0.004201897182690595
efd147d8-a98,0.20517780350168502,0.07411142278747596
a027c12d-f45,1.1756841976689603,0.048195494884312184
4d4cd8c6-e32,0.11479121350628665,0.029455787707847736
9df07715-004,0.3878143337238377,0.0334565386232899
b32899ed-6aa,0.41707450633470894,-0.0518978978416581
790f10bf-c8d,1.234359308354843,0.04384054976667395
96488503-293,0.14720807674582861,0.02980090557307835
caa680c8-58b,1.9544017158656481,0.04086631662023299
5d5342c4-e2a,0.2748912934738536,0.03193338446848559
5ee35dc3-036,1.0327936012084213,0.0058604573858193065
8f6807e8-268,0.6475661199684073,-0.016198771548079305
0fa5f53f-950,1.761338475594458,0.07677223470069938
bedcc611-15d,0.9797958868871244,-0.06171060485382335
f052944d-533,0.3524632256254439,-0.039458397783658616
94554b24-7a0,0.5259645098241088,-0.08803903146564457
34875dd7-b45,0.5963476690923517,-0.10058153768648004
e3c76868-055,0.5018864927255191,0.03240129681652515
0cb68cb9-3e5,1.5908221958769608,0.04600730402875175
a0916548-d6a,0.555365304811134,-0.08016670173886353
d9e9092f-73e,1.8626278010724648,-0.008009225464744252
24f31b55-395,0.4096236609438942,0.02230831443048953
d6dc0a7a-0d0,0.892469561031252,-0.07415659297584815
fb462220-d95,0.5121555760377161,-0.057902856638027356
1cba3641-1a9,1.2702232788697834,0.05826947013704009
0ca949e1-51a,0.4346019698513037,0.024730972259583428
f4505d44-eaa,0.7886966704036862,-0.0957673212350027
e492b447-428,0.2919931617364674,-0.02116619660278607
5a3498b2-741,1.0479975645792918,0.03047794015951233
67bb66b1-4a1,0.5148061721308993,0.03348409372386596
07134462-bb8,0.6712332812624145,0.03410375802004062
635d12a8-8bb,1.0470323232325276,-0.01564341043286832
0b3465d1-847,0.8209662868715667,-0.03384361497131477
04783011-7d4,0.7151776648478364,0.03406521166638987
933ca12c-314,1.2624525048744055,-0.06252659025023499
7a228992-d65,0.8301668959023882,-0.09937721767299657
02e4c098-8b3,0.652550236066883,-0.05013449512419288
b423ec50-d2a,0.6158717055159639,-0.09017218035303554
e23dc3ab-5dd,0.44343337702120383,-0.10372187375263392
f3421914-07e,1.2689867473568968,0.04804417358049773
8d8f4e21-aba,0.8636186483592326,-0.07724897493286026
e06716cc-f89,1.1483563047681111,-0.022160557155410654
ea507c52-3ac,1.169989452849327,0.06898932562565152
da9223fb-afc,0.37143429614025947,0.04554586075992573
62917303-87b,0.9553260343281688,0.01688513565785732
792906bf-704,0.3217085825026271,-0.03859030838928107
723d6673-344,1.0156993638386755,-0.037014234719290884
6fb5caa9-3e6,1.4363650291345902,0.031114380284487764
9f3d996b-15b,0.9798627808774036,-0.08208797922690225
7590729c-60c,0.9761947361976476,0.020188169727317407
b250c0ee-aa9,0.47606499281605075,-0.053461837996588046
2e37b084-736,0.970996747629225,0.04958522594469983
12f8a9b3-4f2,0.5410473949067144,-0.09358731185163832
a5140d38-000,1.0452945106972562,-0.09293909526282185
3e3fd740-bfd,0.16645241533237848,0.07631507261655224
a25c5ed8-360,1.2561948831621481,0.06364589464097026
c9d72707-036,0.673377344549014,0.012523734405142761
f9d6b169-f9d,0.4766844148368864,-0.022194189510135687
2e6b80e6-1da,1.1332629676111114,0.005616685986450043
ada80c89-b25,1.0537160489709643,-0.03336549802569938
54517c34-5e2,1.3518438119454304,0.03541593638123919
58e34245-804,1.4679424749802619,0.06262201439938009
f2f5ca38-8a3,1.2358570981632233,0.03544246332812229
b61278c7-a6a,1.1415900199508928,-0.07225572688693321
97d33c67-669,1.1928587858992319,0.05533755016434061
2b874b1c-93c,0.973525819134633,-0.08976352574221796
8e2d9330-5e9,0.7013992673016951,-0.08878831476047555
00ef3d45-9a2,0.8394224094838324,-0.09831980568036625
125e03af-d45,0.5889967876022275,-0.07727815320818643
9f229024-b04,1.5680901943190153,-0.01473574650521492
b300bf24-751,0.847142093715929,-0.10280597757421334
79a0d282-337,0.9019784257710817,-0.027831043492933416
02c04cf3-2b8,1.9116968696678245,0.07880463612586375
19f45709-647,0.47982247643921583,-0.058896172915450795
56a589a6-beb,0.49468534675301484,-0.059035944522555284
3ce243af-d79,0.7487593179537693,-0.10102978021887504
8f9df46d-3f1,0.8828290670459396,-0.044038846010495236
dbbe4ac3-a1e,0.5733835280813828,-0.0569296315132195
218fc3a8-7f3,1.0204840723113127,-0.06522838366665129
b838ca03-2b3,0.6442588393363733,0.053181374372571644
f7d1a020-e05,0.8203299604674885,-0.07259422872603899
0ca05cf5-05f,1.33061620264756,0.008453729120757147
e69622fc-e11,0.7015515563475516,-0.09139361740919694
559dccc2-17c,1.2784057961407131,0.03819646841449553
6285339c-44a,0.9160377314520821,-0.03988713107577502
13ec8db4-f97,0.9310812781797676,-0.030379355584175816
725b807f-3b1,0.9027885225022271,0.0038145584716101633
c15a39e0-a47,1.1116431828570021,-0.042748274581255574
0280f71f-0df,0.5755672270373797,0.003465737029347382
4488eee3-a3d,0.5338233228963802,0.006459023410963272
751ad6c2-563,1.2060712314739677,-0.017406584640042466
f93adc0c-4ab,0.9448612881611329,0.0020290684071723186
fb3be142-a23,0.789891182778111,-0.04035288263536657
ea14c9a1-418,1.06030671854317,-0.03312834630396766
3d01c1c6-7fd,0.9662803018110966,-0.03850224813508529
58e74e60-26b,0.8141866232696797,-0.10662726411659285
c527498d-d12,1.3586981723659353,0.01725847121477675
2ad24c0f-3bb,1.2702628487541785,-0.05527595408362107
16299c6f-525,1.1525706640751956,-0.026885983665228597
00dc1fcd-91b,0.6361565139863291,0.0009955018794568504
dd677f73-d6d,0.36449417882594437,-0.03202461647842192
a1ec9a0b-0c3,0.4821983978876034,0.00835195438527414
23162d68-33b,1.5299371267522275,-0.015302709336252773
3d26e72a-461,0.7091054217195294,-0.03993393124261091
2c1cec50-62b,0.805174663463071,-0.022869680722843677
4d8f0c15-ed5,0.7029445464631302,-0.08248710493221706
97e56c27-83b,0.27861210374312656,0.0379547640845882
bbca58c7-c1b,0.4497992837813226,-0.049317932488860516
fb1d1720-981,0.7468616845121543,-0.06196425402435002
13657725-d55,0.6038993345239181,-0.10465348450037837
e04b79f3-9a9,0.6062350317790566,-0.09988912005027456
cf5da10f-97c,0.9172911581579362,-0.0042729355056569385
10dbf7d8-35f,0.5694279872274364,-0.08647773921596402
b52981c2-159,0.4780720197735273,-0.029261129936939745
bcbd0db6-42d,0.29390214984284363,-0.0018206823150815898
a63e6ddd-66e,0.7292772387203168,0.04028271731932298
57702382-87b,1.1992091867670642,-0.05843743876562968
fe617ac9-abe,0.9450677401738774,-0.05719506165854976
970a85ff-829,0.7964273345397581,-0.08957169745098331
e8f46ae1-d3c,0.9189522556586649,-0.04684115796537203
75dfe256-c83,2.130810064530004,-0.009066013981217536
01a6097b-1e5,0.940771802690637,0.06993330244204887
aa246e86-553,0.8907127934987671,-0.08679527892138961
c96060bf-e01,0.8010136495171056,0.04069877649146292
ad244e24-62b,1.149667145296374,-0.03636092308770472
6ed11028-cc3,1.2249113349045837,0.02512492047201975
5f41bd93-7eb,0.7588572313206869,-0.05456243528596372
01381696-867,2.641669418864758,0.045202200025578954
895d317b-430,0.7779936505805845,-0.09579559941050309
fc4ed9a2-380,0.745299658392752,-0.1026890505834071
b8117e29-a2d,1.2990613251612682,0.08717746760453415
f220126d-aa6,1.3664918904972252,0.042825674245841716
e5c8725e-926,1.3082683330932623,-0.02500847801790884
a9340b89-1d4,1.0959321441222563,-0.06276792908200585
3c78ad96-111,0.5055447402001582,0.09359941252066639
059ab8c4-563,0.28014716233479825,0.0013355534595721474
d0e35fc3-cfc,0.5094756825615316,0.04336376880430726
679b21c7-8e9,1.0710764122645104,0.016374626145467697
0fc05b5a-6f4,1.0244078027295664,-0.026934763642561588
192e1db6-523,0.8531609342632548,-0.04150495510402413
734ab10f-7b3,0.5397350170566596,-0.050823817394366755
817ea2e5-953,0.6046004336107846,-0.0909947680203631
f1c27bfa-43e,1.000629090077813,0.022952235546538025
845be0bb-599,0.9980507428534866,-0.06422115731900613
51e60e66-610,0.8707087515259444,-0.09391128285114086
be98cbf8-cf1,0.6980083174509576,0.08172424104118337
5a46c8e2-7a2,0.6293387120236041,-0.0900517482246932
f25a6402-f80,1.1238977480530359,-0.03831767104804801
f9ab8938-e26,0.6758294675783976,-0.06948731358954208
771fb9a4-a4a,1.2191224754635077,-0.03228225202740548
4c3e281e-0ab,0.6886456687192053,0.004163726649253907
c84e75d6-664,0.2449016818596205,-0.001992029900175274
768a198c-8b8,0.6948680876007467,-0.0496060757333342
fb36903d-ca3,1.7845919191750035,0.04440577692480352
f33a5763-ef9,3.08152573028547,0.007507441894191613
46625e6b-c81,0.6235944445318901,-0.040024444938857096
f02be99e-d24,2.1359288459095302,0.04891292940055214
e200c227-d4b,1.5769666907985291,0.007484349001876001
7b2ed8ce-ccd,0.9359548091602247,-0.08828904159361622
9bfff46d-43e,0.8378673148198277,-0.09266426969412123
03eba6b8-c6f,1.0422666994582626,-0.04464818206342086
45fd76c3-d59,1.6281278953814142,0.017058242019167502
5bf8accf-cb2,1.7354069231419733,-0.030587033744637615
97dc4f84-b6b,0.16566768856561287,0.005306853038638537
c06fd311-f4d,1.321736312268452,-0.08160731342040473
22d46a98-c96,0.6714571617702036,0.007511231965844911
c00bdcd7-bf7,0.7976274697535277,-0.05659552313326627
7d6e7d6c-f66,0.6776006022504066,-0.04749095179216656
535ca01d-399,0.9344699219451231,-0.04565620384496222
0f180429-d3d,0.601258624886566,-0.042530430481982684
494c07eb-5bd,0.8504517816729256,-0.03302233657687731
bcef1bf2-208,0.6770204186349218,-0.09178366201553595
59b99850-b96,1.3895792284793562,-0.018894913391401702
8dbea3eb-492,0.5931536365617258,-0.03925185310421314
f74feef6-1b7,0.7119464757753889,-0.09873214225853133
77466869-d52,1.0158557243746795,-0.0955305150394602
ca1db057-101,1.7066591703053033,0.06555997318027307
10d3be02-b76,0.29649452842959506,-0.021454763658768305
ea8e50a8-0d7,0.9495959239640938,-0.058258694225446994
bb6d086f-a5a,0.8881018175989344,-0.07654855411520123
2b91e4f3-60f,0.5731181274364511,-0.05252443181536731
974f76e7-01a,1.1591944280039317,-0.0708565853053944
f2c01e39-e65,0.7398291679424224,-0.02468750817937121
9ccaf271-a47,2.9790204576658335,-0.0008476527191337291
54901f5f-a49,0.7191959878639578,-0.05773579945260787
c0ab9b19-64a,0.7471851867254651,-0.04834746133014595
ceb4d8bd-67b,0.837844316104079,-0.040515650176456974
e63bccaa-3a6,0.8889457211367802,-0.04066702867159189
fa15f29a-785,0.23140689377934126,0.040268883845800185
f4dce7f2-c01,1.564239684658396,-0.01669298372594269
db0e3046-b0d,1.9805281962073367,0.005118601927818878
e1b5c557-b3f,0.6211779534156148,-0.04664010782988143
2bc82a09-ec7,0.800001992802549,-0.10106451580366288
b7b63b71-912,2.725803707644746,0.0018713892177466551
0cb8ee4f-8d1,0.7640681486379584,-0.05401856837865915
aab0393e-a07,0.310792240864283,0.003572633309509854
15e33e0b-c2b,2.112337332345838,0.05297326642679223
24a06600-7cd,1.0515168408313986,0.07709596578086264
728c87ad-c69,0.6874985400702511,-0.05104362083789277
10e7ec59-9d3,0.6421568992369464,-0.06431905239637475
e72c218f-2da,0.7467209791145449,-0.04697095661101913
936c0c89-bdc,0.6856588316851872,-0.059485115040815884
53c9e246-35c,0.9592355660331522,-0.08532270958370242
2fdc3298-356,0.6036745569505538,-0.05997781442856176
166e5eab-fee,1.2128947099730079,-0.04355619658792287
d3ce77bd-413,1.4842636762315897,0.05696598764287153
0aba12f1-9fc,1.0540638279888204,-0.05027522740218615
7fcf5936-0a5,0.6954001823095588,-0.06310307337558074
eecb8be7-f48,0.9207408322580255,-0.07468751824320502
f15f0ddf-32c,1.0553602049336102,-0.03493101479273353
082584ff-f72,0.6339800765198684,-0.07391150339622005
4c9b0549-49a,1.6440213567175679,0.008491464181183073
25071758-6ca,0.945551567370885,-0.08981911494804318
05122fd7-6b3,0.8030697428336703,-0.08390705951196714
deea1b53-896,0.735261323916541,-0.054041555611128944
aa0cc07b-459,0.9025510091040021,-0.002445139670572305
8e9d5b17-144,0.9970690467189102,-0.041135694662703115
b38e6bdc-3ed,1.038978525982686,-0.1018935800377389
9c0947c1-d10,1.0474375123733757,-0.04600385984662353
24f6d60c-ea3,0.9387434641851118,-0.058298976912976586
e765e083-f00,0.8849187118512365,-0.07944365663192143
ade4ae16-7ea,1.5064685055137506,-0.05994753735624436
18ff5963-545,0.9037090316494181,-0.09264335358700043
173ea27d-611,0.838844317788528,-0.06351896076479813
fd6ea1e0-574,0.7850321252543708,-0.06374451494023675
758ea1a1-f44,0.7004534868426899,0.010770070223900308
6c0ff26a-d0d,0.49808408977153634,-0.005937081015450096
e38d4339-02b,1.0844870720301691,-0.08851247004406271
2923de90-e14,0.4247469570553279,-0.0036908990910335393
d319e3a9-f88,0.9693444486490943,0.011899970250631275
f6d905e9-1fc,0.855093655158736,-0.05171455420816817
50f906f9-be2,1.279230802003421,-0.09518448565737436
68b408d6-364,0.8867116522572542,-0.04258484513507238
770fbf57-16a,0.9463008807861562,0.0009885170004104715
8bad343c-9a1,1.8662352479953521,0.05637843521087904
d3083bae-fc7,1.5637990851508135,0.065486659545399
e836e5bc-760,1.007301972086964,-0.000463241746233245
6cba0d33-63a,1.02021088976742,-0.07612487968974596
7e29ddbd-f02,1.540163732108247,-0.07889220877857855
e6e3d3be-a4a,0.8266687523198669,0.05950437714390955
42e32bbe-2f7,0.9170674763860049,-0.04295729139029031
96a5b9a1-f1c,0.6832977635524627,0.04187528405819119
a4cfe79c-345,1.2589085676494893,-0.05849559458284309
279d1dc8-929,0.7697860947122477,-0.08140321140736206
7dc24893-2f0,2.039204762044659,-0.013658069033104903
a250f446-b83,1.1877864119352672,-0.0745055871016101
7943ea52-cfc,1.0209364213314758,-0.044546541175405574
17adeece-c04,1.4995952321874992,0.069081362654275
aea92bc0-372,0.7895593394535234,-0.07280688413893305
e115e94c-9eb,1.0637315590989744,-0.0837487413280425
f527a391-932,0.759798542749524,-0.07717160830946462
d8675c8e-972,0.9924490846422549,-0.03481857787149939
d22586c6-d5a,0.9929583013383219,-0.0960012978777191
d11b5d4f-58f,1.1800724249874006,-0.046373453073310866
21920801-b5c,0.8511225810915654,-0.07079411982803002
cdfede55-16b,1.7731301497752514,-0.009759481133473025
b0e5c2f4-dfd,1.2021619682520508,-0.03696130519609714
2f5be3b8-e07,0.7399894303795446,-0.05682136349530392
b31e45fe-904,1.111707982544552,-0.07398093055198601
ad1f0815-e46,0.7167166576109075,-0.09350767879150196
2910fab5-08d,0.9353480095845043,-0.03475493766319382
c5888df5-99e,1.7012652836768831,-0.06342460775786751
4b98a97b-9b0,0.9100051140724452,-0.058807341070915564
fbf07ef2-0b6,1.4625482986533642,-0.016155160476730768
355cbecd-a6a,1.0086362927956394,-0.0021376388055257545
e6c5f4ae-8f9,1.0409986251354502,-0.09494649921594644
0a7a6da2-deb,0.9139476802687071,-0.016372359840758854
ef2a9d6f-972,0.6599042103269268,0.10383828462739042
4815a033-244,1.0257954781203356,-0.05755777885799046
9c26e0ad-8fa,0.7977913737648429,-0.08873169882926901
1e632340-160,0.9392154785773794,-0.0849915838890366
1cc9169a-095,1.0481898864441943,-0.05146209590379197
cf6c8121-1c4,1.0753284249286472,-0.09173916684994415
9ffc7d52-8bc,0.7830783392902692,-0.035667892752504426
988c9ff1-e1d,0.8517911703264269,-0.03998703075572485
bbf0ed2b-981,1.4944598582170867,-0.08170484552421364
8008232d-b17,1.2381889708805645,-0.10092253726065353
dab22516-edc,1.4469872441817704,-0.05379190115822885
d0ee09c4-2b3,0.7539047280446073,-0.05254839381270465
2f8d1d41-955,0.815955667330549,-0.020551961173768563
99fa6a8e-3e9,1.4022785490990295,-0.03171976989659281
99301860-87e,1.5006240761225478,0.033592343759100474
e9de3372-435,0.5358105797013525,0.03538411714882672
33feb5c1-7d9,0.8014645757156449,-0.04006359146287042
93a20129-64c,0.8353191251696366,-0.06185976459443021
184e872d-f5a,0.9029148168426575,-0.07222967066346858
97362637-8bd,1.2364666748532012,0.04797276388203797
35755907-d2b,1.1543357443074982,-0.037788712347320896
2e205d41-27b,1.1586331392946743,-0.06783102521045042
efcba1d9-c84,1.5228320645838984,-0.026200388571385236
462d1004-01e,0.9093054735318103,-0.03234411438214896
bdf0da55-583,1.5580479887025644,-0.0556542257270734
9dabb49d-6b0,0.9788252985426495,-0.09070692505924982
5624cdcd-7bf,1.144904086107277,-0.006288710537670328
b63fc117-d31,1.0981515520307998,-0.03610627357968199
c7f58bc5-794,1.2130855310979483,-0.06641658987725663
b259b870-d37,0.9363770798721985,-0.038909508063968645
01e7f3aa-d0f,1.0713028700371447,-0.05273075518976034
d70d63b1-d1a,1.2679838501103986,-0.06366610876403772
32674e34-239,1.516207166329157,-0.031997839206614476
b66530ab-f88,0.7826666664851158,-0.08342959033934527
da1b5d97-363,1.384826701466797,-0.08186121177191052
786e4733-81b,1.1811213829846288,-0.04803479191208787
2820ab6d-492,1.2410533679049487,-0.07415985403018371
f1c01239-9d5,0.8143965988323554,0.05177497903765438
92d6c88f-526,1.8924270375068266,0.0596058663764345
e6920662-ca5,1.1487515646337518,0.0030042305236063216
95d46253-ee3,1.9256593254895706,0.03608921830852241
bb5b2027-e74,1.5350432984411948,-0.025905561939056798
b0e746ca-6aa,1.2101676154791772,-0.03188748565713401
c93fe234-06f,0.9619763642583348,-0.03636014502143142
a45f5c4d-22b,0.6491023544800254,0.025459550788899166
3c7b907a-25d,0.9386271642168396,-0.03757677686045552
2a1146af-cc0,1.3785471889561112,-0.01782846192789661
c46450ea-400,0.9461608348104313,-0.09538932818249263
a61331d0-de6,1.1843223781122554,-0.07357672802041504
703132c2-47f,1.2929881631703484,-0.09169216235242339
d9b3af1c-f2f,0.9186584194173835,-0.038482003912323426
847f63f7-54a,1.2194688094101949,-0.043144986131327
2e49184d-23a,1.113388469724367,-0.08561656808365542
02ba60d0-d40,1.1625717324817237,0.02227855002653545
cb7755c4-890,2.0832589184527746,0.05728732777796408
336879ca-25f,1.3689486740058054,-0.02495546683008515
67e00bcc-2de,1.2466195293860372,-0.08043145105864108
7e7f90eb-090,0.8702363433313511,-0.06633836750519995
64e18cd8-239,1.4516420412581468,-0.08428035361173353
4bdd7d88-5a4,1.5009477642028006,-0.016773562046962898
b781f7c4-d6c,0.86024139862463,-0.07589765368963658
d91719d2-32b,1.1603027114329214,-0.02040127893844451
221d5381-2f2,1.4367406322443088,-0.07575311091555609
7dfbdd73-015,0.9614382716884469,-0.05636265444690791
befffc04-896,1.7878919553946313,-0.02451660984524262
b77f8a76-b0f,1.8997368405351327,0.004693630260299897
6017b753-a14,1.551168113153747,0.0503359597576406
f107d11f-6a0,1.3160370088460542,-0.02213368762203588
c036e357-ce3,0.888159527753826,-0.0889443698540579
283bb5a3-d01,1.9825176013631882,0.004311813374565543
dd386a9b-5eb,1.0180373107278107,-0.08800291903167706
6e1b5763-d25,1.2142816493880215,-0.07782751037991226
fe4ec1eb-25e,1.1415901647071982,-0.08243344790873136
3d6214e5-703,1.4827131452083329,0.08837450619355125
83bca5df-e71,1.7472164355277204,-0.015824046395096047
be4a612c-047,1.1647104157119774,-0.06426795348453407
29729b22-01f,1.994309623199719,0.0061977504729610056
f23ac61e-b30,0.9316305331064161,-0.039197335513010245
5f19b1a9-189,1.664767069117735,-0.017287992514371686
5da8d602-fe7,1.0723621810134651,-0.01779526888361349
7870cde9-634,1.234984498029101,-0.03682603179157551
234c84fa-12d,1.4568108200842191,-0.08649906994779999
538a9cfe-a62,0.9534235450045234,-0.07492360188497282
60e2a2a1-531,1.3937538038355364,-0.023922638060766332
8cc687df-5b6,1.1383765663534768,-0.08409214123525616
1985535f-9f7,0.960892978616096,-0.03802557214839275
45836a18-f56,1.0241185354851305,-0.05432204350632436
672797b3-83a,1.9944496251795323,-0.03754645277304397
328363ca-499,1.149942325408486,-0.08532822034472037
c47515a8-292,1.1186310685723877,-0.044624756815162814
48158d0a-799,1.4984966967714408,-0.011581561014563757
3830657f-f21,0.9884732883338215,-0.038201469859377446
faf4c5e4-ed0,1.2452070625590137,-0.024833713846149297
cf597cec-c18,1.522794541805892,-0.028094306920356193
4a468fd4-715,0.9434051421104825,-0.02633942378587717
038d745c-d02,0.974346932275644,-0.020654398211601532
73bf2f72-1bc,1.3169553024758915,-0.059967911823554154
8a258f47-003,1.1099003484449894,-0.031822012804245126
a446786e-8e7,1.2925327619681481,-0.04501601933217353
dca977ed-430,1.345700327169481,-0.08356712283737855
6d829bfc-d35,1.154987054017084,-0.028963922738033665
2ce87ff7-55d,1.1890712083766957,-0.04431446371169934
607568f4-7f5,1.2826484774166216,-0.023530608482238313
7c110017-101,1.083095597565137,-0.03615875551603648
dd59731a-ea3,1.3736171282726133,-0.03202677677212051
791cd0d2-d7d,1.8130924425530313,0.09598691019093408
1d5ebda2-517,1.3408750071941895,-0.08269592768046019
830ca722-594,1.2439078495476097,-0.0494941887171218
db7f850f-286,1.1051721894774382,-0.0412203611825821
3c96669f-1f5,1.2489809653651816,-0.06258826043010268
bcb48fec-500,1.1463459598683243,-0.029664249875635595
9a0eeb97-fdd,1.4342008586974115,-0.024008243599677792
ab05943d-5ef,1.2274447208851447,-0.030256114745775387
3d4abf0a-4f5,1.4866196041975184,-0.08077667933394472
0726feda-b3f,2.3274459902699087,-0.0024232884084025574
025bd64b-334,1.5263520114686702,-0.050063118631802794
96e0f4dd-467,2.5382901730470584,0.07796059254340626
9ac68590-5ac,1.126075170847137,-0.02038119713020503
08f0f907-8d5,1.4278473057744892,0.05811445415275118
ade6d68c-2ab,1.707135902944529,-0.04230336505433291
bd9c3d62-cc8,2.6954318354494236,0.02488663737214336
c5f12499-4a5,1.1067533674779075,-0.015496936921085225
5e7790ed-8b9,1.270534850505185,-0.03328564684769797
c4b64914-f30,1.7486912314107013,-0.005538981565091361
0c146219-d44,1.3478764183308793,-0.07323625553102064
5be9554b-9ba,1.5095953517780876,-0.06860879582636364
b339ace6-948,1.5517900506524471,-0.019023107074091106
8928c199-2a5,1.7728043318923847,-0.021334629311141162
656b6a21-015,1.2995124329234011,-0.0030081993997552736
d7a99cfd-3b0,1.4171519869443285,-0.026288696504363274
48e3eba0-89c,1.4505417752597678,-0.03633320506784132
e6ffa2f6-2f9,2.513716373003029,0.07853426010844355
590ac293-112,1.176526400759255,-0.056301138866296396
2a5bd704-ca9,1.2786865211761425,-0.014437194214272975
607b969b-a0e,1.373996178400029,-0.04198503766854078
6f4dc2a7-461,1.7813922762003593,-0.01715535029663151
32b5d434-83c,1.7242578546544414,-0.0013318561414390473
25090c46-430,1.6069309221504184,-0.07006339471407391
3e82f63a-ac7,1.5244155235929238,-0.010675127199154366
d0f6c066-396,1.2020941481466,-0.02750340301003007
5d759e8f-db9,1.5925255753722118,-0.06811708314204779
37ae56f2-6af,1.437804274016893,-0.029948753081533996
c0a9f743-155,1.3118631850932074,-0.02132816646127289
ee2b1ced-398,1.166877350383876,-0.0628751183827278
fa8a6178-a28,1.921986272430967,-0.014966924986522745
64b0e361-dd6,1.970362380429434,-0.04192939059911066
6311dead-2b4,1.386060599998526,-0.04468679356776256
dee3ba28-75f,1.3622382243489055,-0.020813254799516123
6ca2f117-c87,1.3819528600470177,-0.07228469322528536
ca1db8d7-5be,1.9209704026183558,-0.0086620748599468
74fbbb03-db5,1.1814943695450486,-0.025228413039214026
a0af1bd7-018,1.284383737465803,-0.04004939335261204
5ce29999-5d4,1.6922311767972553,-0.05966347382193893
239dc209-dbc,1.3558122643512958,-0.05907208548254028
abfc1317-f48,2.478901758602767,0.01901165988947917
e23ae112-416,1.7203081232451354,-0.06919315357893985
c780fc3c-163,1.1052805832412784,0.005978104348317692
d9441699-a82,1.5486396984640884,-0.03995921987834722
00c9e0af-173,1.6408180255149332,-0.005849294374561498
94051332-4d3,1.2485999657485123,-0.018840536595890023
16503a8f-452,1.3889481701824846,-0.011477652987496867
59e37c00-a57,1.273088271991055,-0.028033423920483747
6d4e4576-7a7,1.1581576548674268,-0.022080037211362757
edf54998-036,1.2548800363965804,-0.02994840734790044
88cfc7db-749,1.4425175887881412,-0.01624733012224877
a89c4a79-d39,1.3111384681988991,-0.012809232825492955
a8879f7e-0db,1.489302308981563,-0.010836903770675976
9d327003-632,1.7238956465840516,-0.011645936940285428
938f9eba-b9f,1.321234138015128,-0.014886976551677089
2fa580c2-ada,1.2919314276457323,-0.0355816814426374
a6fe180d-89a,1.3517302320140359,-0.00481972486386506
c883133c-189,1.6880980761265962,-0.01795304999236147
54429814-baf,1.3690617592138703,-0.0170975017444297
a810ff5a-439,1.6126819973485491,-0.023257389249151328
c317537b-f6e,1.1789154238347275,-0.02374981533076531
bb4cd49e-6eb,1.3533328586148703,-0.022629811985542148
b26205d5-593,1.833832499076258,-0.004498975672689809
64053dd1-e57,1.8174859928669682,-0.016613599944701185
a0aaf1b9-a5d,1.6533483162557867,-0.05186836384145832
a88223c1-df1,1.4094214938445984,0.013173112197691683
26accc09-062,1.5682414983294568,0.007891427198928769
5d824cd3-211,1.702927968163464,-0.020809439351346992
3e37afcc-f41,1.5240823598320243,-0.021480387842241877
0f3ff6a6-53f,1.8508525468503367,0.010601756855520339
216520db-ce3,1.4827874068206732,0.015623410443565078
a16b6907-c4e,1.6453226877246814,-0.010546957206576835
6de66851-1ec,1.6093210974873797,-0.008225271500469977
36c819d2-f73,1.2441992666858515,-0.013693658651842133
07bf15d0-293,1.651678249725307,-0.014229186145775397
a3cc1877-9c7,1.4400658446801593,0.023610933370197595
bf4c842f-839,2.0827632762160233,0.03623834844361473
3c04939c-800,1.5511647102959594,0.014556771930066437
e33e8887-f49,1.832357082496884,-0.0008454971000007028
ec744417-51b,1.7757760271011085,-0.014798702085696835
2a1ebab6-fe0,2.437416834317344,0.03913405987595153
d0ee8a19-bd1,1.2453812433497238,-0.0032584295848631095
580b18f6-1da,1.5018442402987822,0.0027581530199601856
c7427e41-daf,1.9031453012994186,-0.009681832565446469
4d48614a-ffa,1.711646848274913,-0.014499769881011038
d76b3f1c-fd7,1.4623443191843157,0.012151860328205921
1aae1f8c-baf,1.36905342777243,-0.022155142994783883
36070740-ba2,1.7134918121065716,-0.008780214818614296
1c4c8f28-88e,1.4919171114614362,-0.00016986922859163478
ab8a9a35-032,1.5736577192523473,-0.019871151773376783
9e9caf6a-74c,1.6032127132559715,0.014935563196551205
785857ff-4a8,1.4449094301172662,-0.011471103376004932
c7bda0b3-80c,1.2832816442476929,-0.035459036289130164
1c3963fa-b72,1.943214578915744,0.03326411129083906
6835d70b-379,1.817905402452797,-0.011833264156133005
bcef665c-68a,1.522327773509105,-0.0007437155638718163
b5ef183b-46c,1.8861617463522324,0.01602590271785098
8630be74-ac1,1.6718189718636456,0.016325298421655865
af4f5fdf-127,1.440125194172605,-0.0019437300847488514
6319ab79-074,1.5995831812043129,0.01237420029542391
6ac0d5f0-0ca,1.5814499439744298,0.013724465467523372
084c8d13-514,1.5183361111774003,-0.0254693309356534
87653d8a-2fb,1.7423147967057517,0.03973405113900963
dc7b9017-eb1,1.2755412665378743,-0.005967400200967754
633432cc-c3e,1.7405368653492257,-0.038310794223346156
d755bda6-4ec,1.4685296392687353,-0.019504145648878868
f9df5618-71f,1.7410516944383716,0.0031298067582712363
938ec374-a23,1.3687081739576454,-0.04114180625889674
ab38e076-ee2,2.462569477134566,0.03257701746311781
3ae6102e-04c,1.7127500858687228,-0.026645898452483496
3cd3d27d-ae4,1.7367391033393214,-0.011323790813130119
51f0efc2-9fb,1.3852148475066168,0.02727164021384909
83373596-a27,1.8566606196158626,0.021017106428087295
e2fe0b85-b79,1.425555073256893,0.009355508858589157
a3ca2bc6-d69,1.8345438872029165,-0.013335054014941283
6d7ed0ea-8a4,1.8014215415908488,0.015950145277327743
abf247eb-d86,1.7103994468080486,0.02645422129354824
51e0dd2b-d00,1.5429823638187514,-0.017724392844471637
13d23662-bb5,1.8692599476604106,-0.02621528035449372
9e6b2755-13d,1.7271787577409445,-0.01446457760917752
414f8e20-6de,1.541310741318032,-0.0433381240866792
ebc7ad27-c8b,1.5218503103069894,0.02039120005500472
0eab318c-dfb,1.4887903315895197,0.01699931213338912
d1f1cad3-8ae,1.4111493399001653,0.004798340701699266
c6627f2a-fc6,1.5052220082950623,-0.038555414918496456
48ad41aa-ced,2.2926960145922832,0.024131103801254272
6f2a9cc4-f4c,1.7117546539930002,-0.003059284603595447
d15cfdc3-95d,2.0535400133960904,0.004791719791485627
8c61a20d-bd3,1.5993946762518494,0.01731513108418803
bf3a5f22-f2e,2.2796980432614484,-0.010062931994476887
7b2a0ea1-ea4,1.8062993488009442,0.022028717469359194
4e79961a-9c5,1.5987711667859617,0.005781646279750419
2e82400d-e30,1.7379104720538268,0.016388725125244696
d376ea0f-251,1.7463041840431353,0.012339170106891895
22e9d1e9-2b2,1.4548886483787786,-0.03541415221798433
21e5808d-1f5,1.8922662825306351,0.08069945085676844
c34b739a-5d5,1.5735405656515948,-0.019774720306299898
30dadce2-990,2.4450376994412775,0.0031144170804914273
42dd7734-8e4,1.672792476882719,-0.007455472788006068
33613594-103,1.894553914999296,-0.0419156148068599
23b234f8-b2b,1.3764286389638647,0.013457423594192552
d79b9d88-857,1.4194805546280258,0.020200761249171806
c11a39dd-d50,1.7314980321582847,-0.020795216645613068
f0d1f043-879,2.012470962084294,0.016558722410283777
ff1188d9-95a,1.5180440812833016,0.013015680206100111
